id,partenza,arrivo,tappa1,distanza1,tappa2,distanza2,tappa3,distanza3,tappa4,distanza4,tappa5,distanza5,distanza_a_destinazione
1,McDonald's Barbaricina,Parcheggio San Giuliano Terme,Supermercato Coop San Giusto,4.73,Facolta di Ingegneria Polo A,2.57,Ristorante La Greppia,2.87,Ristorante Galileo,2.67,,,9.59
2,Esselunga Cisanello,Parcheggio Migliarino,Stazione Leopolda,2.78,,,,,,,,,14.88
3,McDonald's Pisa Aurelia,Parcheggio Porto di Marina,MD Discount Riglione,6.08,Centro Commerciale Pisanova,4.36,Conad La Vettola,7.88,Universita di Pisa,6.87,Torre,1.5,15.05
4,OBI Pisa,Parcheggio Porto di Marina,Polo Fibonacci,4.2,Ipercoop Pisa,2.58,Hotel Galilei Pisa,4.03,,,,,13.46
5,Hotel San Ranieri,Via Montanelli 66,Stazione San Rossore,3.99,Piscina Comunale Camalich,4.72,,,,,,,5.83
6,Piscina Comunale Camalich,Lidl Pisa,Hotel Galilei Pisa,1.31,Pizzeria Colignola,5.97,Supermercato Coop Ghezzano,6.14,,,,,6.95
7,Ristorante Tuscany 2,Via San Ranieri 9,OBI Pisa,4.92,,,,,,,,,5.48
8,Conad Pian di Marco,Esselunga Cisanello,Via Montanelli 66,3.35,OBI Pisa,3.61,Eurospin Ospedaletto,3.11,Ristorante La Greppia,4.88,Parcheggio di Cisanello,2.8,0.54
9,Ipercoop Pisa,Stazione San Rossore,Ristorante Il Mio Capriccio,0.78,Centro Commerciale Darsena (Tirrenia),21.45,McDonald's Barbaricina,17.81,Facolta di Ingegneria Polo A,5.73,Hotel Continental Tirrenia,18.82,16.91
10,Pizzeria Pisanova,Hotel Continental Tirrenia,,,,,,,,,,,18.38
11,Polo Fibonacci,Via Aretino Spinello 11,McDonald's Barbaricina,5.96,Pizzeria Pisanova,7.1,Ristorante Tuscany 2,0.86,MD Discount Riglione,4.06,Conad La Vettola,11.66,6.95
12,Parcheggio San Giuliano Terme,Via Cisanello 170,Centro Commerciale Pisanova,8.48,Parcheggio Migliarino,13.66,Ristorante Galileo,15.47,Hotel San Ranieri,1.05,Universita di Pisa,1.72,1.79
13,Universita di Pisa,Via Angelo Battelli 5,Stazione Pisa Centrale,2.16,Via San Ranieri 9,2.62,Pizzeria Pisanova,1.17,,,,,1.88
14,MediaWorld Pisa,Parcheggio Migliarino,,,,,,,,,,,15.67
15,Conad Pian di Marco,Decathlon Pisa,Supermercato Coop Ghezzano,8.07,McDonald's Pisa Aurelia,9,,,,,,,2.9
16,Conad Metato,Via Aretino Spinello 11,,,,,,,,,,,9
17,MediaWorld Pisa,Parcheggio San Giuliano Terme,MD Discount Riglione,3.56,,,,,,,,,13.16
18,Eurospin Ospedaletto,Ristorante Galileo,McDonald's Pisa Aurelia,3.99,Via del Borghetto 102,3.79,Stazione San Rossore,2.83,Stazione Pisa Centrale,1.03,,,2.47
19,Pizzeria Pisanova,Via Aretino Spinello 11,Facolta di Ingegneria Polo A,1.78,Farmacia Cisanello,1.99,McDonald's Pisa Aurelia,5.06,Conad Pian di Marco,0.27,MediaWorld Pisa,3.65,2.2
20,Hotel Galilei Pisa,Ristorante Pizzeria Il Pellicano,Ristorante Il Lago (Nodica),11.52,Torre,5.5,Parcheggio di Cisanello,3.34,,,,,2.68
21,Ristorante Galileo,Ipercoop Pisa,Via Gabriele Vettori 18,1.88,Torre,1.32,Facolta di Ingegneria Polo A,1.35,,,,,2.58
22,Ristorante Galileo,Ristorante Il Lago (Nodica),,,,,,,,,,,7.55
23,Parco San Rossore,Hotel San Ranieri,Parcheggio San Giuliano Terme,9.9,Conad La Vettola,14.24,Hotel Continental Tirrenia,12.68,Esselunga Cisanello,21.11,Carrefour Express Pisanova,1.2,1.5
24,Via Cisanello 170,Via Montanelli 66,,,,,,,,,,,1.59
25,Hotel San Ranieri,MediaWorld Pisa,Parcheggio Migliarino,14.2,,,,,,,,,15.29
26,Via Montanelli 66,Facolta di Ingegneria Polo A,Ristorante Il Rustichello - San Piero,6.04,Farmacia Cisanello,8.93,,,,,,,2.12
27,Carrefour Express Pisanova,Hotel San Ranieri,Conad La Vettola,7.1,Ristorante La Greppia,6.64,,,,,,,3.23
28,Centro Commerciale Darsena (Tirrenia),Stazione San Rossore,Pizzeria Pisanova,19.3,Ristorante Tuscany 2,0.86,Via Angelo Battelli 5,2.67,Pizzeria Colignola,3.71,,,4.76
29,Carrefour Express Pisanova,Stazione Pisa Centrale,Torre,2.87,Eurospin Ospedaletto,7.54,Ipercoop Pisa,6.85,McDonald's Barbaricina,7.37,Stazione San Rossore,3.96,1.16
30,Centro Commerciale Darsena (Tirrenia),Carrefour Express Pisanova,,,,,,,,,,,21.38
31,Parcheggio Via Paparelli,Ristorante Tuscany 2,Via Cisanello 170,2.86,Parcheggio San Giuliano Terme,7.87,Via Montanelli 66,9.23,Parcheggio Migliarino,12.86,Parco San Rossore,14.76,4.39
32,Stazione Leopolda,Eurospin Ospedaletto,Stazione San Rossore,1.11,Centro Commerciale Darsena (Tirrenia),20,,,,,,,14.01
33,Facolta di Ingegneria Polo A,Via San Ranieri 9,Ristorante Galileo,2.07,Centro Commerciale Pisanova,0.38,Polo Fibonacci,1.83,Parcheggio San Giuliano Terme,8.23,,,7.24
34,Hotel Galilei Pisa,OBI Pisa,Hotel San Ranieri,6.22,Parcheggio San Giuliano Terme,7.98,Universita di Pisa,8.02,,,,,4.63
35,MD Discount Riglione,Parcheggio Porto di Marina,,,,,,,,,,,16.39
36,Stazione Leopolda,Via Angelo Battelli 5,Esselunga Cisanello,2.69,Eurospin Ospedaletto,7.46,Pizzeria Colignola,7.95,,,,,3.87
37,Polo Fibonacci,Parco San Rossore,MediaWorld Pisa,2.32,Conad Metato,9.68,McDonald's Barbaricina,12,McDonald's Pisa Aurelia,5.02,OBI Pisa,0.82,1.79
38,Parcheggio di Cisanello,Parcheggio Via Paparelli,Stazione Leopolda,2.67,Lidl Pisa,0.82,,,,,,,3.73
39,OBI Pisa,Ristorante Il Lago (Nodica),Euronics Pisa Cisanello,4.23,Hotel Galilei Pisa,4.1,Esselunga Cisanello,5.86,,,,,6.64
40,Stazione Pisa Centrale,Facolta di Ingegneria Polo A,Polo Fibonacci,2.32,Parcheggio di Cisanello,1.84,Decathlon Pisa,1.79,,,,,2.31
41,Conad La Vettola,Carrefour Express Pisanova,Ristorante Tuscany 2,8.36,,,,,,,,,1.12
42,Stazione San Rossore,Ristorante Tuscany 2,,,,,,,,,,,3.64
43,Polo Fibonacci,Hotel Galilei Pisa,Parcheggio Via Paparelli,1.81,,,,,,,,,7.63
44,Via San Ranieri 9,Parco San Rossore,MD Discount Riglione,5.13,Centro Commerciale Pisanova,4.19,McDonald's Barbaricina,7.31,McDonald's Pisa Aurelia,5.56,Parcheggio Via Paparelli,5.52,5.09
45,Universita di Pisa,Polo Fibonacci,Stazione Pisa Centrale,2.32,McDonald's Pisa Aurelia,1.56,,,,,,,4.2
46,Parcheggio Via Paparelli,Torre,,,,,,,,,,,2.23
47,Universita di Pisa,OBI Pisa,Conad Metato,7.31,Parco San Rossore,9.72,Parcheggio di Cisanello,4.09,,,,,5.4
48,Lidl Pisa,Esselunga Cisanello,Eurospin Ospedaletto,5.64,Ristorante Pizzeria Il Pellicano,4.94,Parcheggio Migliarino,15.78,Conad La Vettola,12.35,McDonald's Pisa Aurelia,4.94,4.09
49,Eurospin Ospedaletto,Hotel Galilei Pisa,Decathlon Pisa,5.66,,,,,,,,,3.9
50,Via Aretino Spinello 11,Via San Ranieri 9,Ristorante Tuscany 2,2.91,,,,,,,,,1.11
51,Decathlon Pisa,Ristorante Da Stefano (Tirrenia),McDonald's Pisa Aurelia,2.84,,,,,,,,,15.87
52,Farmacia Cisanello,Via San Ranieri 9,Parcheggio di Cisanello,0.34,Centro Commerciale Darsena (Tirrenia),23.92,Conad Metato,29.26,Ristorante Il Rustichello - San Piero,13.02,,,7.92
53,Decathlon Pisa,Via del Borghetto 102,Hotel Galilei Pisa,4.25,,,,,,,,,5.25
54,Parcheggio di Cisanello,Conad La Vettola,Decathlon Pisa,1.55,Supermercato Coop San Giusto,2.58,Ristorante La Greppia,0.92,Torre,3.68,Hotel Galilei Pisa,5.3,6
55,Esselunga Cisanello,Via del Borghetto 102,McDonald's Barbaricina,7.35,Decathlon Pisa,6.84,Pizzeria Pisanova,0.85,,,,,2
56,McDonald's Pisa Aurelia,Hotel San Ranieri,MediaWorld Pisa,3.23,OBI Pisa,3.77,Hotel Continental Tirrenia,13.77,Ristorante Da Stefano (Tirrenia),1.15,,,19.92
57,Conad Metato,Ristorante Pizzeria Il Pellicano,,,,,,,,,,,10.21
58,Via Cisanello 170,Ristorante Il Rustichello - San Piero,Ristorante Tuscany 2,0.69,Stazione San Rossore,4.35,MD Discount Riglione,5.84,Esselunga Cisanello,4.05,Lidl Pisa,3.7,4.66
59,Centro Commerciale Pisanova,Ristorante La Greppia,MD Discount Riglione,4.1,Euronics Pisa Cisanello,3.43,Via Cisanello 170,1.29,Ristorante Il Lago (Nodica),6.25,Ristorante Il Rustichello - San Piero,11.07,4.75
60,Lidl Pisa,Conad La Vettola,Stazione Pisa Centrale,1.1,Eurospin Ospedaletto,4.93,Pizzeria Colignola,9.06,Ristorante Tuscany 2,1.24,,,9.17
61,Via Cisanello 170,MD Discount Riglione,Parcheggio San Giuliano Terme,8.1,Hotel San Ranieri,8.43,Conad Metato,7.67,,,,,12.04
62,Conad La Vettola,Facolta di Ingegneria Polo A,,,,,,,,,,,6.49
63,Parco San Rossore,Via Angelo Battelli 5,Pizzeria Pisanova,3.43,Parcheggio di Cisanello,0.93,Euronics Pisa Cisanello,1.27,,,,,2.48
64,Polo Fibonacci,Torre,Via Aretino Spinello 11,1.13,,,,,,,,,1.35
65,Esselunga Cisanello,Piscina Comunale Camalich,,,,,,,,,,,7.05
66,Parcheggio Porto di Marina,Via del Borghetto 102,Decathlon Pisa,15.76,,,,,,,,,2.7
67,Ipercoop Pisa,Ristorante Il Mio Capriccio,Decathlon Pisa,0.64,,,,,,,,,0.24
68,Via Gabriele Vettori 18,Ristorante Tuscany 2,,,,,,,,,,,2.27
69,Decathlon Pisa,McDonald's Barbaricina,Parcheggio Migliarino,15.45,Torre,12.67,Via Angelo Battelli 5,1.46,,,,,5.84
70,Hotel Continental Tirrenia,Stazione Pisa Centrale,Via Gabriele Vettori 18,18.96,Facolta di Ingegneria Polo A,0.28,Ristorante Il Mio Capriccio,2.3,Parcheggio di Cisanello,2.06,,,2.95
71,Ristorante Galileo,Eurospin Ospedaletto,Stazione Pisa Centrale,2.64,Pizzeria Colignola,4.66,Ristorante Il Rustichello - San Piero,9.32,,,,,2.92
72,Pizzeria Pisanova,Via del Borghetto 102,Ristorante La Greppia,2.12,Lidl Pisa,1.66,Universita di Pisa,2.4,Centro Commerciale Pisanova,1.7,Via Angelo Battelli 5,2.01,0.8
73,McDonald's Barbaricina,Decathlon Pisa,Via Montanelli 66,6.35,Supermercato Coop San Giusto,2.4,,,,,,,2.33
74,Via Cisanello 170,Hotel Continental Tirrenia,Parco San Rossore,4.07,Pizzeria Colignola,4.97,Parcheggio Migliarino,17.75,Parcheggio di Cisanello,15.6,,,18.62
75,Stazione Pisa Centrale,Ipercoop Pisa,Ristorante Il Lago (Nodica),7.91,Esselunga Cisanello,7.22,,,,,,,1.29
76,Supermercato Coop Ghezzano,Centro Commerciale Pisanova,McDonald's Pisa Aurelia,9.42,Decathlon Pisa,2.71,Ristorante Il Lago (Nodica),8.49,Via del Borghetto 102,5.11,,,1.96
77,Via San Ranieri 9,Centro Commerciale Darsena (Tirrenia),Eurospin Ospedaletto,7.84,Ipercoop Pisa,5.89,Euronics Pisa Cisanello,0.44,Hotel Continental Tirrenia,18.57,,,2.41
78,Parcheggio San Giuliano Terme,Facolta di Ingegneria Polo A,Via del Borghetto 102,7.02,Stazione Leopolda,1.64,,,,,,,1.58
79,Via Angelo Battelli 5,Polo Fibonacci,Piscina Comunale Camalich,5.84,Supermercato Coop Ghezzano,11.5,Hotel Continental Tirrenia,23.9,Eurospin Ospedaletto,12.6,,,7.83
80,Eurospin Ospedaletto,Ristorante Il Rustichello - San Piero,Hotel Continental Tirrenia,12,Stazione Pisa Centrale,16.18,Via Montanelli 66,1.36,,,,,6.82
81,Polo Fibonacci,Eurospin Ospedaletto,Pizzeria Colignola,3.33,Stazione Pisa Centrale,4.19,Via Angelo Battelli 5,1.52,Lidl Pisa,1.57,Facolta di Ingegneria Polo A,2.13,7.37
82,Polo Fibonacci,Ristorante Tuscany 2,McDonald's Barbaricina,6.2,Parcheggio di Cisanello,7.62,Via Angelo Battelli 5,2.29,Via San Ranieri 9,1.97,Via del Borghetto 102,1.66,2.73
83,Parco San Rossore,Pizzeria Pisanova,,,,,,,,,,,3.01
84,Pizzeria Colignola,Stazione San Rossore,MediaWorld Pisa,2.31,Ristorante Pizzeria Il Pellicano,1.37,McDonald's Pisa Aurelia,1.9,Via Montanelli 66,3.3,,,2.21
85,Ristorante Il Mio Capriccio,Hotel San Ranieri,Eurospin Ospedaletto,5.8,Parcheggio San Giuliano Terme,16.02,Torre,7.73,Centro Commerciale Pisanova,3.37,,,1.3
86,Ristorante Tuscany 2,Stazione San Rossore,OBI Pisa,5.43,Parcheggio Via Paparelli,6.38,Conad Metato,6.74,Parcheggio San Giuliano Terme,0.57,Parcheggio Migliarino,10.78,13.05
87,Torre,MD Discount Riglione,Universita di Pisa,1.56,Ristorante Pizzeria Il Pellicano,2.67,Ristorante Da Stefano (Tirrenia),19.27,,,,,18.64
88,Conad Pian di Marco,Pizzeria Pisanova,Stazione Leopolda,2.1,,,,,,,,,2.08
89,Ristorante Il Mio Capriccio,Via Angelo Battelli 5,Pizzeria Pisanova,1.02,,,,,,,,,1.94
90,Parco San Rossore,Parcheggio San Giuliano Terme,,,,,,,,,,,9.71
91,McDonald's Barbaricina,Conad La Vettola,Centro Commerciale Darsena (Tirrenia),17.46,,,,,,,,,15.41
92,Centro Commerciale Darsena (Tirrenia),Ristorante Il Lago (Nodica),MD Discount Riglione,21.3,Centro Commerciale Pisanova,4.24,,,,,,,6.85
93,Via Angelo Battelli 5,Piscina Comunale Camalich,Via San Ranieri 9,2.1,Parcheggio Migliarino,14.31,Ipercoop Pisa,16.66,Stazione Leopolda,2.54,Facolta di Ingegneria Polo A,1.31,6.12
94,Via Cisanello 170,Hotel Galilei Pisa,Via Montanelli 66,1.46,,,,,,,,,4.8
95,Parcheggio Migliarino,Ristorante Il Lago (Nodica),Supermercato Coop San Giusto,15.12,Ristorante Galileo,3.13,,,,,,,6.64
96,Esselunga Cisanello,Ristorante Tuscany 2,McDonald's Pisa Aurelia,3.95,Eurospin Ospedaletto,3.36,MediaWorld Pisa,6.38,Carrefour Express Pisanova,0.5,Stazione Pisa Centrale,1.65,3.02
97,Parcheggio di Cisanello,MediaWorld Pisa,Via Gabriele Vettori 18,2.07,Supermercato Coop San Giusto,2.46,Euronics Pisa Cisanello,3.1,Pizzeria Pisanova,0.62,Via Angelo Battelli 5,1.81,1.95
98,Piscina Comunale Camalich,Hotel San Ranieri,Ristorante Galileo,5.61,Polo Fibonacci,1.93,,,,,,,1.93
99,Via San Ranieri 9,Via Angelo Battelli 5,Conad Metato,8.4,Stazione Leopolda,8.96,Eurospin Ospedaletto,6.37,Euronics Pisa Cisanello,6.22,Parco San Rossore,3.61,2.37
100,Hotel Continental Tirrenia,Hotel Galilei Pisa,,,,,,,,,,,14.14
101,Pizzeria Pisanova,McDonald's Barbaricina,Farmacia Cisanello,1.15,Conad Pian di Marco,4.84,Centro Commerciale Pisanova,3.92,Hotel Continental Tirrenia,18.28,,,15.02
102,Supermercato Coop Ghezzano,Pizzeria Colignola,Ristorante La Greppia,7.91,Facolta di Ingegneria Polo A,2.76,,,,,,,3.22
103,Stazione Pisa Centrale,Lidl Pisa,Ristorante Pizzeria Il Pellicano,1.01,Polo Fibonacci,2.73,OBI Pisa,4.68,,,,,2.59
104,Via Angelo Battelli 5,Via San Ranieri 9,,,,,,,,,,,1.92
105,Centro Commerciale Pisanova,Ristorante Tuscany 2,Conad Pian di Marco,3.85,Esselunga Cisanello,4.5,MD Discount Riglione,3.66,,,,,3.42
106,Hotel San Ranieri,Ipercoop Pisa,,,,,,,,,,,1.95
107,Carrefour Express Pisanova,Lidl Pisa,,,,,,,,,,,2.69
108,Parcheggio di Cisanello,Via Angelo Battelli 5,Universita di Pisa,1.53,Polo Fibonacci,0.12,OBI Pisa,4.24,McDonald's Barbaricina,4.25,,,5.47
109,Pizzeria Pisanova,Parco San Rossore,Ristorante Galileo,0.38,Via Aretino Spinello 11,2.46,Ristorante Il Mio Capriccio,2.04,Centro Commerciale Darsena (Tirrenia),18.66,Ristorante La Greppia,21.02,1.73
110,Hotel Galilei Pisa,Conad Metato,Ristorante Il Rustichello - San Piero,3.54,Via Angelo Battelli 5,5.86,Eurospin Ospedaletto,7.32,Parcheggio Migliarino,17.33,Farmacia Cisanello,16.45,8.58
111,Supermercato Coop Ghezzano,OBI Pisa,Parcheggio Via Paparelli,2.62,Universita di Pisa,1.82,Eurospin Ospedaletto,7.16,Centro Commerciale Darsena (Tirrenia),14.87,,,17.6
112,Via Angelo Battelli 5,Conad La Vettola,Via San Ranieri 9,2.08,Parco San Rossore,3.62,Farmacia Cisanello,4.34,,,,,9.44
113,Conad La Vettola,Piscina Comunale Camalich,Centro Commerciale Darsena (Tirrenia),16.35,,,,,,,,,16.19
114,Centro Commerciale Pisanova,Ristorante Il Lago (Nodica),Parcheggio di Cisanello,1.03,Via Cisanello 170,0.13,Via Angelo Battelli 5,2.14,Conad Metato,9.58,,,2.87
115,Parcheggio Via Paparelli,Via del Borghetto 102,Lidl Pisa,4.24,Universita di Pisa,2.18,Eurospin Ospedaletto,7.5,Via Cisanello 170,8.21,,,1.83
116,Universita di Pisa,Lidl Pisa,Supermercato Coop San Giusto,3.34,MD Discount Riglione,5.34,,,,,,,6.61
117,Ristorante Il Rustichello - San Piero,Stazione Pisa Centrale,Piscina Comunale Camalich,3.47,MD Discount Riglione,6.56,,,,,,,5.45
118,Ristorante Pizzeria Il Pellicano,McDonald's Barbaricina,Hotel San Ranieri,2.81,Facolta di Ingegneria Polo A,1.97,Supermercato Coop San Giusto,3.07,Ristorante Il Mio Capriccio,2.28,Via Gabriele Vettori 18,2.14,5.75
119,OBI Pisa,Ipercoop Pisa,,,,,,,,,,,4.08
120,Hotel Galilei Pisa,Polo Fibonacci,,,,,,,,,,,5.92
121,OBI Pisa,Piscina Comunale Camalich,Pizzeria Pisanova,4.43,,,,,,,,,5.28
122,Via Angelo Battelli 5,Parcheggio di Cisanello,Ristorante Il Mio Capriccio,2.05,Via Gabriele Vettori 18,1.9,Centro Commerciale Pisanova,1.7,,,,,0.94
123,McDonald's Pisa Aurelia,Supermercato Coop Ghezzano,Torre,3.85,Farmacia Cisanello,3.28,Via Cisanello 170,0.42,,,,,5.2
124,Facolta di Ingegneria Polo A,McDonald's Barbaricina,Centro Commerciale Pisanova,1.83,Supermercato Coop Ghezzano,5.8,Ristorante La Greppia,7.15,Ipercoop Pisa,1.88,,,7.73
125,Torre,Centro Commerciale Darsena (Tirrenia),Ipercoop Pisa,3.78,Ristorante Il Rustichello - San Piero,7.25,Centro Commerciale Pisanova,7.27,Hotel Galilei Pisa,5.05,Stazione San Rossore,3.53,20.62
126,Pizzeria Pisanova,Conad La Vettola,Ristorante Tuscany 2,0.95,Hotel Galilei Pisa,5.69,Euronics Pisa Cisanello,4.44,,,,,8.13
127,Via San Ranieri 9,Pizzeria Colignola,Via Angelo Battelli 5,1.95,Parcheggio San Giuliano Terme,7.73,Decathlon Pisa,9.68,Centro Commerciale Pisanova,0.78,Ristorante Da Stefano (Tirrenia),20.04,21.64
128,Ristorante Il Mio Capriccio,Supermercato Coop San Giusto,Polo Fibonacci,2.53,Eurospin Ospedaletto,6.93,Ristorante Pizzeria Il Pellicano,5.13,McDonald's Pisa Aurelia,1.74,MediaWorld Pisa,3.07,2.37
129,Conad La Vettola,Farmacia Cisanello,,,,,,,,,,,8.36
130,Pizzeria Pisanova,Via del Borghetto 102,Parco San Rossore,3.4,McDonald's Barbaricina,3.71,Esselunga Cisanello,8.56,Hotel San Ranieri,0.7,Eurospin Ospedaletto,7.52,6.84
131,Via Gabriele Vettori 18,Pizzeria Colignola,Stazione San Rossore,1.93,Centro Commerciale Pisanova,3.14,Pizzeria Pisanova,0.11,,,,,2.35
132,Conad Pian di Marco,Lidl Pisa,Universita di Pisa,3.92,,,,,,,,,2.23
133,Via del Borghetto 102,OBI Pisa,Ristorante Galileo,2.18,Decathlon Pisa,1,Pizzeria Pisanova,0.85,Via Montanelli 66,1.01,Ristorante La Greppia,1.9,2.21
134,Polo Fibonacci,Centro Commerciale Darsena (Tirrenia),Ristorante Il Lago (Nodica),5.6,McDonald's Barbaricina,7.88,Via Cisanello 170,6.95,,,,,22.27
135,OBI Pisa,Eurospin Ospedaletto,McDonald's Pisa Aurelia,0.84,,,,,,,,,3.91
136,Parcheggio San Giuliano Terme,Ristorante Tuscany 2,McDonald's Pisa Aurelia,10.98,,,,,,,,,4.24
137,Stazione San Rossore,Centro Commerciale Darsena (Tirrenia),Farmacia Cisanello,3.93,Ristorante Il Mio Capriccio,2.26,Ristorante Pizzeria Il Pellicano,0.73,Parcheggio San Giuliano Terme,10.28,Supermercato Coop San Giusto,9.9,18.75
138,Universita di Pisa,Stazione Leopolda,McDonald's Barbaricina,6.72,Ipercoop Pisa,7.9,Stazione Pisa Centrale,2.12,MD Discount Riglione,5.46,,,5.65
139,Pizzeria Colignola,Ristorante La Greppia,Conad La Vettola,10.14,Euronics Pisa Cisanello,8.04,,,,,,,2.33
140,Via Cisanello 170,Esselunga Cisanello,Farmacia Cisanello,0.43,Supermercato Coop Ghezzano,4.98,,,,,,,6
141,Conad Metato,Parcheggio Migliarino,,,,,,,,,,,8.62
142,Ristorante La Greppia,Ristorante Il Mio Capriccio,Supermercato Coop San Giusto,0.89,Ristorante Pizzeria Il Pellicano,1.38,Centro Commerciale Darsena (Tirrenia),20.22,Ristorante Il Rustichello - San Piero,15.79,,,6.16
143,Via del Borghetto 102,Supermercato Coop San Giusto,,,,,,,,,,,2.87
144,MD Discount Riglione,Eurospin Ospedaletto,Ristorante Da Stefano (Tirrenia),18.03,Ristorante Tuscany 2,22.53,Universita di Pisa,2.02,Via Montanelli 66,1.11,,,6.85
145,Centro Commerciale Darsena (Tirrenia),Via Aretino Spinello 11,Pizzeria Colignola,23.39,Parcheggio San Giuliano Terme,9.71,Ristorante Il Lago (Nodica),2.93,,,,,6.7
146,MediaWorld Pisa,Stazione Pisa Centrale,Parcheggio Via Paparelli,3.36,Facolta di Ingegneria Polo A,2.01,,,,,,,2.19
147,Conad Metato,Ristorante Il Lago (Nodica),Ristorante La Greppia,11.34,OBI Pisa,2.16,,,,,,,10.1
148,Parcheggio Migliarino,Conad La Vettola,MediaWorld Pisa,14.14,Ristorante Tuscany 2,1.22,Supermercato Coop San Giusto,3.72,Ristorante Il Lago (Nodica),7.57,,,11.4
149,Farmacia Cisanello,Ipercoop Pisa,OBI Pisa,4.95,Via del Borghetto 102,4.87,Esselunga Cisanello,2.45,Decathlon Pisa,1.55,Centro Commerciale Darsena (Tirrenia),21.79,22.72
150,MediaWorld Pisa,Via Gabriele Vettori 18,OBI Pisa,4.23,Parco San Rossore,1.9,Eurospin Ospedaletto,4.58,Polo Fibonacci,6.83,MD Discount Riglione,6.26,6.31
151,Ristorante Il Lago (Nodica),Ristorante Pizzeria Il Pellicano,Ristorante Il Mio Capriccio,7.29,Torre,3.43,Parco San Rossore,2.73,Farmacia Cisanello,4.39,Esselunga Cisanello,0.51,2.36
152,Ristorante Galileo,Lidl Pisa,Ristorante Tuscany 2,0.52,Torre,3.78,Pizzeria Colignola,4.81,Ristorante Il Rustichello - San Piero,8.85,,,4.19
153,Esselunga Cisanello,Conad Pian di Marco,Universita di Pisa,2.18,Torre,1.44,,,,,,,3.58
154,Ristorante Pizzeria Il Pellicano,Conad Metato,Via Cisanello 170,2.64,Ristorante Il Lago (Nodica),7.02,Supermercato Coop San Giusto,7.95,,,,,11.21
155,Stazione Leopolda,Via San Ranieri 9,,,,,,,,,,,2.53
156,Stazione Leopolda,Conad La Vettola,Euronics Pisa Cisanello,2.35,,,,,,,,,8.57
157,Parcheggio Porto di Marina,Carrefour Express Pisanova,Lidl Pisa,14,,,,,,,,,2.53
158,Ristorante Il Lago (Nodica),Ristorante La Greppia,Ristorante Il Mio Capriccio,8.29,Pizzeria Colignola,2.69,Via Cisanello 170,1.84,Via San Ranieri 9,0.44,Decathlon Pisa,1.83,1.57
159,Piscina Comunale Camalich,Decathlon Pisa,Conad La Vettola,5.82,Hotel Continental Tirrenia,14.43,,,,,,,19.57
160,Ristorante Il Mio Capriccio,Decathlon Pisa,Ristorante Pizzeria Il Pellicano,0.77,Ristorante Galileo,1.85,Lidl Pisa,3.46,Ipercoop Pisa,3.47,MD Discount Riglione,3.44,3.47
161,Universita di Pisa,Pizzeria Colignola,Ristorante Tuscany 2,2.15,Polo Fibonacci,2.41,Via Aretino Spinello 11,1.3,,,,,3.68
162,Via Montanelli 66,Euronics Pisa Cisanello,Pizzeria Colignola,3.15,,,,,,,,,1.85
163,Conad La Vettola,Ristorante Galileo,Eurospin Ospedaletto,5.09,McDonald's Pisa Aurelia,3.34,,,,,,,3.63
164,Ristorante Il Rustichello - San Piero,MediaWorld Pisa,Facolta di Ingegneria Polo A,7.14,Ristorante La Greppia,2.77,Via Montanelli 66,1.99,Farmacia Cisanello,1.79,,,1.46
165,Via del Borghetto 102,Polo Fibonacci,Parco San Rossore,2.77,,,,,,,,,3.34
166,Hotel Continental Tirrenia,Euronics Pisa Cisanello,Carrefour Express Pisanova,18.58,Hotel San Ranieri,1.38,,,,,,,1.66
167,Hotel Continental Tirrenia,Pizzeria Pisanova,Decathlon Pisa,18.03,Hotel Galilei Pisa,4.23,,,,,,,4.43
168,Esselunga Cisanello,Farmacia Cisanello,Euronics Pisa Cisanello,1.01,Universita di Pisa,2.32,Stazione Leopolda,1.65,Centro Commerciale Darsena (Tirrenia),19.08,Centro Commerciale Pisanova,20.28,1.16
169,Eurospin Ospedaletto,Pizzeria Colignola,Ristorante Il Mio Capriccio,5.66,Supermercato Coop Ghezzano,7.04,Via Montanelli 66,6.17,,,,,3.28
170,Polo Fibonacci,Parcheggio di Cisanello,,,,,,,,,,,1.83
171,Universita di Pisa,Ristorante Il Rustichello - San Piero,Ristorante Tuscany 2,2.14,,,,,,,,,7.22
172,Ipercoop Pisa,Ristorante La Greppia,Via Aretino Spinello 11,2.57,Ristorante Il Mio Capriccio,1.96,,,,,,,1.36
173,Hotel San Ranieri,Decathlon Pisa,Conad Pian di Marco,5.2,Parcheggio San Giuliano Terme,12.05,Conad La Vettola,12.54,,,,,7.1
174,Farmacia Cisanello,Ristorante Il Lago (Nodica),Lidl Pisa,3.8,Supermercato Coop Ghezzano,6.16,Via Cisanello 170,5.11,,,,,7.15
175,Ristorante Da Stefano (Tirrenia),Lidl Pisa,Ristorante Pizzeria Il Pellicano,18.55,,,,,,,,,2.04
176,Facolta di Ingegneria Polo A,Carrefour Express Pisanova,Farmacia Cisanello,2.1,Conad La Vettola,9.2,Ristorante Tuscany 2,8.15,Ristorante Il Lago (Nodica),7.54,,,7.75
177,Supermercato Coop San Giusto,Parcheggio Migliarino,Ristorante Il Mio Capriccio,2.3,Pizzeria Colignola,3,Decathlon Pisa,2.78,,,,,16.25
178,Stazione Pisa Centrale,Ristorante Il Mio Capriccio,McDonald's Pisa Aurelia,1.5,Hotel Galilei Pisa,1.66,Conad Pian di Marco,1.81,Via Cisanello 170,4.6,,,1.92
179,Ristorante Tuscany 2,Hotel Continental Tirrenia,,,,,,,,,,,20.42
180,Ristorante Tuscany 2,Hotel Galilei Pisa,Universita di Pisa,2.08,Hotel San Ranieri,1.86,Pizzeria Colignola,1.39,Ristorante Pizzeria Il Pellicano,3.65,Parco San Rossore,2.19,3.19
181,Centro Commerciale Darsena (Tirrenia),Pizzeria Pisanova,Hotel Galilei Pisa,17.56,MediaWorld Pisa,4.3,Carrefour Express Pisanova,0.48,Via del Borghetto 102,1.81,Via Aretino Spinello 11,1.15,2.05
182,OBI Pisa,Via Aretino Spinello 11,Farmacia Cisanello,5.9,Polo Fibonacci,1.91,Ristorante Tuscany 2,2.38,Via Cisanello 170,0.67,McDonald's Barbaricina,6.9,4.97
183,Parcheggio Via Paparelli,Euronics Pisa Cisanello,Lidl Pisa,4.29,Pizzeria Colignola,5.25,Ipercoop Pisa,2,Conad Pian di Marco,3.71,Universita di Pisa,4.37,2.35
184,Carrefour Express Pisanova,Parcheggio Migliarino,Decathlon Pisa,0.77,MD Discount Riglione,3.56,Stazione Pisa Centrale,5.7,,,,,14.29
185,Facolta di Ingegneria Polo A,McDonald's Pisa Aurelia,Ristorante La Greppia,2.49,Supermercato Coop San Giusto,0.97,,,,,,,0.77
186,Ristorante Il Mio Capriccio,Stazione Pisa Centrale,Piscina Comunale Camalich,4.36,Via Montanelli 66,5.68,Decathlon Pisa,1.24,OBI Pisa,3.71,,,2.16
187,Parcheggio San Giuliano Terme,Supermercato Coop San Giusto,Via Angelo Battelli 5,7.91,Facolta di Ingegneria Polo A,0.61,Via Cisanello 170,1.87,,,,,3.76
188,Carrefour Express Pisanova,Hotel Continental Tirrenia,,,,,,,,,,,17.8
189,Hotel Galilei Pisa,Stazione San Rossore,Supermercato Coop San Giusto,2.58,McDonald's Pisa Aurelia,0.89,Parcheggio Migliarino,14.45,,,,,12.42
190,Via Angelo Battelli 5,Piscina Comunale Camalich,Via Aretino Spinello 11,0.36,Supermercato Coop San Giusto,2.12,,,,,,,3.36
191,Ristorante Pizzeria Il Pellicano,Ristorante Tuscany 2,Centro Commerciale Darsena (Tirrenia),20.9,OBI Pisa,18.27,Ristorante Il Lago (Nodica),10.41,Supermercato Coop Ghezzano,2.32,Pizzeria Colignola,5.72,1.25
192,Hotel San Ranieri,Decathlon Pisa,Ristorante La Greppia,3.51,Conad Metato,10.4,Centro Commerciale Pisanova,9.44,Parco San Rossore,3.51,Ristorante Pizzeria Il Pellicano,2.2,1
193,Pizzeria Pisanova,Ristorante Il Rustichello - San Piero,Parcheggio San Giuliano Terme,9.72,Parcheggio Via Paparelli,5.51,Ristorante La Greppia,5.12,,,,,5.02
194,Carrefour Express Pisanova,Parcheggio San Giuliano Terme,Via Angelo Battelli 5,1.61,,,,,,,,,7.92
195,McDonald's Pisa Aurelia,Via Montanelli 66,Carrefour Express Pisanova,3.05,Conad Metato,10.14,,,,,,,9.39
196,Ipercoop Pisa,Stazione Pisa Centrale,Esselunga Cisanello,1.42,Parco San Rossore,4.34,OBI Pisa,1.78,Torre,4.84,Polo Fibonacci,1.5,2.16
197,Ristorante Il Rustichello - San Piero,Via Cisanello 170,Via Aretino Spinello 11,5.87,OBI Pisa,3.7,Hotel San Ranieri,5.82,MediaWorld Pisa,1.84,,,1.27
198,Ristorante Il Lago (Nodica),Ristorante Tuscany 2,Esselunga Cisanello,6.82,,,,,,,,,0.19
199,Parcheggio di Cisanello,McDonald's Barbaricina,Ristorante Il Mio Capriccio,1.78,Euronics Pisa Cisanello,0.79,,,,,,,7.9
200,Via Montanelli 66,McDonald's Pisa Aurelia,,,,,,,,,,,2.81
201,Pizzeria Pisanova,OBI Pisa,Facolta di Ingegneria Polo A,1.82,Ristorante Il Mio Capriccio,2.23,Hotel San Ranieri,2.34,Via Angelo Battelli 5,2.29,Conad La Vettola,6.91,4.97
202,Pizzeria Colignola,Via Angelo Battelli 5,Torre,4.39,Hotel Continental Tirrenia,20.53,Ristorante Pizzeria Il Pellicano,19.02,,,,,1.95
203,Parcheggio Porto di Marina,Esselunga Cisanello,Polo Fibonacci,18.66,,,,,,,,,2.44
204,Ristorante Il Rustichello - San Piero,Esselunga Cisanello,Via Montanelli 66,6.4,,,,,,,,,1.97
205,Via Gabriele Vettori 18,Hotel Continental Tirrenia,Via San Ranieri 9,1.75,,,,,,,,,21.31
206,Supermercato Coop San Giusto,Torre,Centro Commerciale Darsena (Tirrenia),17.9,Supermercato Coop Ghezzano,28.26,,,,,,,4.5
207,Via Cisanello 170,Lidl Pisa,Via del Borghetto 102,1.84,Ristorante La Greppia,2.92,Ristorante Tuscany 2,3.25,Torre,3.8,,,2.06
208,Centro Commerciale Pisanova,Parco San Rossore,Stazione San Rossore,2.96,Ristorante Galileo,3.42,Conad Metato,9.86,,,,,9.91
209,Stazione Pisa Centrale,Carrefour Express Pisanova,McDonald's Barbaricina,5.11,Esselunga Cisanello,7.91,Decathlon Pisa,1.7,,,,,0.69
210,Universita di Pisa,Farmacia Cisanello,,,,,,,,,,,2.06
211,Ristorante Il Rustichello - San Piero,Eurospin Ospedaletto,Universita di Pisa,7.12,Via Gabriele Vettori 18,0.61,,,,,,,6.72
212,Ristorante Galileo,Parcheggio Migliarino,Decathlon Pisa,1.02,Hotel San Ranieri,2.1,,,,,,,13.53
213,Via Cisanello 170,Ristorante Pizzeria Il Pellicano,,,,,,,,,,,2.63
214,Stazione Leopolda,Stazione Pisa Centrale,,,,,,,,,,,0.65
215,Decathlon Pisa,Facolta di Ingegneria Polo A,Via Aretino Spinello 11,2.02,Supermercato Coop Ghezzano,5.54,Carrefour Express Pisanova,6.03,MediaWorld Pisa,0.54,Via Montanelli 66,1.34,0.95
216,MediaWorld Pisa,Via Aretino Spinello 11,Supermercato Coop San Giusto,2.43,Torre,3.09,Ristorante Da Stefano (Tirrenia),18.97,Via Gabriele Vettori 18,20.99,,,0.62
217,Hotel Galilei Pisa,Piscina Comunale Camalich,Euronics Pisa Cisanello,4.14,Via Angelo Battelli 5,2.47,Ipercoop Pisa,2.45,Ristorante Galileo,1.04,,,5.82
218,Via Montanelli 66,Ristorante Tuscany 2,Ristorante Il Lago (Nodica),6.96,,,,,,,,,7.88
219,Euronics Pisa Cisanello,Conad Pian di Marco,Esselunga Cisanello,1.12,,,,,,,,,4.61
220,Parcheggio San Giuliano Terme,Centro Commerciale Pisanova,Ristorante Il Mio Capriccio,10.13,,,,,,,,,0.91
221,Via Cisanello 170,Ristorante Galileo,Parcheggio Porto di Marina,19.39,Eurospin Ospedaletto,9.48,Parcheggio di Cisanello,7.53,Ipercoop Pisa,1.89,,,1.16
222,Stazione San Rossore,OBI Pisa,Parcheggio San Giuliano Terme,10.53,Universita di Pisa,8.04,Euronics Pisa Cisanello,2.12,,,,,4.15
223,Centro Commerciale Pisanova,Ristorante Galileo,,,,,,,,,,,0.35
224,MediaWorld Pisa,McDonald's Pisa Aurelia,Ristorante Da Stefano (Tirrenia),18.54,Hotel Continental Tirrenia,1.22,Conad La Vettola,14.41,,,,,4.94
225,MD Discount Riglione,Decathlon Pisa,Lidl Pisa,6.15,Facolta di Ingegneria Polo A,2.2,Ristorante Da Stefano (Tirrenia),18.15,Farmacia Cisanello,19.36,,,2.14
226,Ristorante Galileo,Hotel Galilei Pisa,Conad Pian di Marco,4.04,,,,,,,,,1.7
227,Pizzeria Colignola,Decathlon Pisa,MediaWorld Pisa,2.56,Ristorante Da Stefano (Tirrenia),21.35,Parcheggio di Cisanello,20.07,Parco San Rossore,3.82,Via San Ranieri 9,4.08,2.01
228,McDonald's Pisa Aurelia,Polo Fibonacci,Hotel Galilei Pisa,1.66,Centro Commerciale Darsena (Tirrenia),15.78,,,,,,,19.66
229,Via Gabriele Vettori 18,Via del Borghetto 102,Pizzeria Pisanova,1.75,Via Montanelli 66,1.16,Ristorante Pizzeria Il Pellicano,1.58,Stazione Pisa Centrale,0.85,Pizzeria Colignola,3.98,4.03
230,Via Montanelli 66,Esselunga Cisanello,Pizzeria Colignola,2.95,Ristorante Pizzeria Il Pellicano,3.88,,,,,,,2.63
231,Facolta di Ingegneria Polo A,OBI Pisa,,,,,,,,,,,4.46
232,Hotel San Ranieri,MediaWorld Pisa,Centro Commerciale Darsena (Tirrenia),23.37,Torre,21.22,Lidl Pisa,2.2,Facolta di Ingegneria Polo A,2.14,Conad La Vettola,7.52,8.36
233,Stazione Pisa Centrale,Ristorante Il Lago (Nodica),Via Cisanello 170,2.77,Centro Commerciale Darsena (Tirrenia),19.93,Stazione San Rossore,18.98,Ipercoop Pisa,3.19,,,7.88
234,Via Aretino Spinello 11,Conad La Vettola,Via del Borghetto 102,1.14,Hotel Galilei Pisa,5.53,,,,,,,5.67
235,Pizzeria Pisanova,McDonald's Barbaricina,,,,,,,,,,,6.99
236,McDonald's Pisa Aurelia,Supermercato Coop San Giusto,,,,,,,,,,,0.89
237,Conad Metato,Ristorante Il Lago (Nodica),Via del Borghetto 102,8.44,Hotel Continental Tirrenia,20.6,OBI Pisa,14.77,,,,,10.49
238,Via Gabriele Vettori 18,Ristorante Da Stefano (Tirrenia),Esselunga Cisanello,2.33,Parcheggio San Giuliano Terme,9.6,,,,,,,26.97
239,Carrefour Express Pisanova,Ristorante Il Lago (Nodica),Lidl Pisa,2.76,Euronics Pisa Cisanello,3.22,Parcheggio Porto di Marina,16.32,Eurospin Ospedaletto,11.43,,,13.27
240,Pizzeria Pisanova,Stazione Pisa Centrale,Via San Ranieri 9,1.19,Centro Commerciale Darsena (Tirrenia),20.36,Stazione Leopolda,18.65,MD Discount Riglione,5.12,Via del Borghetto 102,5.76,2.42
241,Polo Fibonacci,Via Gabriele Vettori 18,Via San Ranieri 9,1.38,Ristorante Il Lago (Nodica),6.74,Esselunga Cisanello,7.46,,,,,2.61
242,Carrefour Express Pisanova,Parcheggio Porto di Marina,Parcheggio San Giuliano Terme,9.11,Pizzeria Colignola,8.65,Ristorante Pizzeria Il Pellicano,3.65,Stazione San Rossore,1.78,Parcheggio di Cisanello,3.8,17.67
243,Decathlon Pisa,Pizzeria Pisanova,Parcheggio Porto di Marina,15.76,Ristorante Il Mio Capriccio,15.09,Stazione San Rossore,2.82,Stazione Leopolda,1.21,,,1.84
244,Ristorante Tuscany 2,Via Cisanello 170,,,,,,,,,,,0.69
245,Stazione San Rossore,MD Discount Riglione,Ristorante Il Rustichello - San Piero,4.34,Supermercato Coop San Giusto,3.82,,,,,,,5.26
246,Hotel Galilei Pisa,Via Gabriele Vettori 18,Centro Commerciale Darsena (Tirrenia),17.55,McDonald's Barbaricina,19.76,Ristorante Tuscany 2,7.77,,,,,2.29
247,MD Discount Riglione,Parcheggio Via Paparelli,Ristorante Pizzeria Il Pellicano,4.81,Parcheggio Migliarino,15.43,,,,,,,11.71
248,Eurospin Ospedaletto,Pizzeria Colignola,Ristorante La Greppia,4.9,Via del Borghetto 102,2.94,Centro Commerciale Pisanova,1.92,Stazione San Rossore,2.87,,,5.25
249,Torre,Universita di Pisa,Ristorante Il Rustichello - San Piero,6.86,Via Gabriele Vettori 18,6.02,Stazione Leopolda,1.05,,,,,1.78
250,Piscina Comunale Camalich,Euronics Pisa Cisanello,Via Angelo Battelli 5,5.48,Pizzeria Pisanova,2.02,McDonald's Barbaricina,6.7,Ristorante Il Rustichello - San Piero,3.67,Conad Pian di Marco,3.35,3.38
251,Parcheggio Via Paparelli,Ristorante Da Stefano (Tirrenia),,,,,,,,,,,21.02
252,Hotel Continental Tirrenia,Conad Pian di Marco,,,,,,,,,,,15.58
253,Stazione Pisa Centrale,Eurospin Ospedaletto,MediaWorld Pisa,1.83,Parco San Rossore,3.5,,,,,,,4.54
254,McDonald's Pisa Aurelia,McDonald's Barbaricina,Polo Fibonacci,4.02,Ristorante Tuscany 2,2.28,Eurospin Ospedaletto,7.63,Ristorante Galileo,7.82,,,6.85
255,Via Aretino Spinello 11,Conad La Vettola,Universita di Pisa,1.13,,,,,,,,,6.89
256,McDonald's Barbaricina,MD Discount Riglione,Ipercoop Pisa,7.37,,,,,,,,,3.1
257,Stazione San Rossore,OBI Pisa,McDonald's Barbaricina,3.82,Parcheggio Porto di Marina,11.65,Parcheggio Via Paparelli,19.77,,,,,5.77
258,Conad La Vettola,Conad Pian di Marco,Conad Metato,13.67,Facolta di Ingegneria Polo A,8.43,MD Discount Riglione,6.07,Parco San Rossore,6.56,Ristorante Il Rustichello - San Piero,3.62,3.21
259,Esselunga Cisanello,Via Angelo Battelli 5,,,,,,,,,,,2.4
260,Via Cisanello 170,Ristorante Tuscany 2,Parcheggio Porto di Marina,19.18,Facolta di Ingegneria Polo A,16.44,,,,,,,2.45
261,Carrefour Express Pisanova,Via Angelo Battelli 5,MediaWorld Pisa,0.55,Lidl Pisa,2.9,,,,,,,1.38
262,Conad Pian di Marco,Conad La Vettola,Polo Fibonacci,3.62,Pizzeria Colignola,3.34,MediaWorld Pisa,2.45,Centro Commerciale Pisanova,0.44,Via del Borghetto 102,2.23,6.86
263,Decathlon Pisa,Via Angelo Battelli 5,Hotel Galilei Pisa,4.29,Conad Pian di Marco,1.81,Stazione Leopolda,2.44,Facolta di Ingegneria Polo A,1.44,Ristorante Il Lago (Nodica),5.62,6.62
264,Supermercato Coop Ghezzano,Eurospin Ospedaletto,Conad La Vettola,11.55,Ristorante Il Rustichello - San Piero,2.54,McDonald's Pisa Aurelia,3.5,Lidl Pisa,2.04,,,5.08
265,Ristorante Da Stefano (Tirrenia),Conad La Vettola,OBI Pisa,16.78,Supermercato Coop San Giusto,1.35,Hotel Continental Tirrenia,15.34,,,,,12.61
266,McDonald's Pisa Aurelia,Parcheggio di Cisanello,Parcheggio San Giuliano Terme,12.1,Polo Fibonacci,7.43,Via San Ranieri 9,1.5,Stazione Leopolda,2.52,Ristorante La Greppia,1.27,3.31
267,Parcheggio San Giuliano Terme,Conad Metato,Torre,6.97,Ristorante Pizzeria Il Pellicano,3.32,Ipercoop Pisa,1.62,Ristorante Il Mio Capriccio,0.72,Hotel Galilei Pisa,3.88,13.02
268,Centro Commerciale Darsena (Tirrenia),Conad La Vettola,Ipercoop Pisa,19.4,Piscina Comunale Camalich,4.82,,,,,,,6.75
269,Piscina Comunale Camalich,Supermercato Coop Ghezzano,Facolta di Ingegneria Polo A,6.96,Polo Fibonacci,0.26,Via Angelo Battelli 5,0.88,,,,,5.37
270,Carrefour Express Pisanova,Ristorante Galileo,Universita di Pisa,1.69,MD Discount Riglione,5.46,Piscina Comunale Camalich,6,,,,,6.14
271,Universita di Pisa,McDonald's Pisa Aurelia,Ristorante Da Stefano (Tirrenia),20.68,,,,,,,,,17.83
272,Conad Metato,Farmacia Cisanello,Hotel Continental Tirrenia,24,Hotel San Ranieri,21.54,Facolta di Ingegneria Polo A,2.04,Pizzeria Colignola,3.22,,,1.41
273,Via Angelo Battelli 5,Ristorante Tuscany 2,Ristorante Il Mio Capriccio,1.89,Facolta di Ingegneria Polo A,2.27,MediaWorld Pisa,2.03,Stazione San Rossore,3.01,Stazione Pisa Centrale,1.15,2.93
274,Hotel San Ranieri,Centro Commerciale Pisanova,MD Discount Riglione,4.37,Eurospin Ospedaletto,7.68,Parcheggio Via Paparelli,8.76,Pizzeria Colignola,4,Ristorante Il Rustichello - San Piero,8.15,7.17
275,Conad Metato,Pizzeria Colignola,Via Aretino Spinello 11,8.82,Carrefour Express Pisanova,1.72,Supermercato Coop Ghezzano,6.31,Stazione Leopolda,6.94,,,4.24
276,OBI Pisa,Parcheggio Porto di Marina,Ipercoop Pisa,4.02,Ristorante Galileo,1.2,Pizzeria Pisanova,0.37,,,,,16.14
277,Conad Pian di Marco,McDonald's Barbaricina,Ristorante Il Rustichello - San Piero,3.31,MD Discount Riglione,9.02,Piscina Comunale Camalich,6.17,,,,,7.36
278,Parcheggio San Giuliano Terme,Stazione Pisa Centrale,Via Gabriele Vettori 18,8.28,Esselunga Cisanello,2.47,Pizzeria Colignola,1.35,Via del Borghetto 102,4.05,,,2.24
279,Supermercato Coop Ghezzano,Supermercato Coop San Giusto,Parcheggio di Cisanello,5.29,Ristorante Il Mio Capriccio,2.05,Decathlon Pisa,0.26,,,,,2.25
280,Conad Metato,Polo Fibonacci,,,,,,,,,,,8.49
281,Pizzeria Colignola,Lidl Pisa,Stazione Pisa Centrale,4.22,Hotel Continental Tirrenia,17.21,,,,,,,16.24
282,Centro Commerciale Pisanova,Via Aretino Spinello 11,Supermercato Coop Ghezzano,5.8,,,,,,,,,5.61
283,Carrefour Express Pisanova,Parcheggio di Cisanello,Ristorante Tuscany 2,1.31,McDonald's Pisa Aurelia,4.7,Stazione Pisa Centrale,1.61,,,,,2.73
284,Ristorante Galileo,Via Cisanello 170,,,,,,,,,,,0.55
285,Via Cisanello 170,Via Aretino Spinello 11,Stazione Pisa Centrale,2.53,McDonald's Pisa Aurelia,1.54,Via Gabriele Vettori 18,3.41,Ristorante Pizzeria Il Pellicano,2.19,Ristorante Il Lago (Nodica),7.91,6.91
286,McDonald's Pisa Aurelia,Via Gabriele Vettori 18,Hotel San Ranieri,5.16,Hotel Continental Tirrenia,21.1,Via Angelo Battelli 5,19.46,Ristorante Tuscany 2,2.66,Torre,3.69,1.27
287,Via San Ranieri 9,Via Cisanello 170,Ristorante La Greppia,3.09,Centro Commerciale Darsena (Tirrenia),18.15,MediaWorld Pisa,20.45,Ristorante Da Stefano (Tirrenia),18.94,Via del Borghetto 102,19.12,2.12
288,Via del Borghetto 102,Via Aretino Spinello 11,MD Discount Riglione,6.09,,,,,,,,,6.03
289,Decathlon Pisa,Hotel Continental Tirrenia,,,,,,,,,,,17.44
290,Parco San Rossore,Via Cisanello 170,Ristorante Tuscany 2,3.88,Parcheggio Via Paparelli,2.92,,,,,,,2.58
291,Parcheggio Migliarino,Via Angelo Battelli 5,Parcheggio San Giuliano Terme,9.99,Euronics Pisa Cisanello,8.88,Conad Pian di Marco,3.41,Conad Metato,12.66,Hotel San Ranieri,8.25,2.46
292,Parcheggio Via Paparelli,Euronics Pisa Cisanello,Stazione Leopolda,3.87,Hotel Galilei Pisa,4.03,Hotel San Ranieri,5.67,Parcheggio Migliarino,16.22,,,15.4
293,Decathlon Pisa,Pizzeria Pisanova,Parco San Rossore,2.73,Ristorante Il Mio Capriccio,2.74,Supermercato Coop Ghezzano,6.88,,,,,5.99
294,Lidl Pisa,Universita di Pisa,Ristorante Il Lago (Nodica),6.89,Via Gabriele Vettori 18,6.08,,,,,,,0.56
295,Universita di Pisa,Ristorante Il Mio Capriccio,,,,,,,,,,,2.23
296,MD Discount Riglione,Supermercato Coop San Giusto,Parcheggio Via Paparelli,7.24,Piscina Comunale Camalich,8.02,,,,,,,3.48
297,Conad Pian di Marco,Parcheggio Porto di Marina,Via Angelo Battelli 5,2.98,,,,,,,,,17.2
298,Via Angelo Battelli 5,Supermercato Coop Ghezzano,Euronics Pisa Cisanello,2.23,Polo Fibonacci,2.3,,,,,,,4.76
299,Universita di Pisa,Torre,Pizzeria Pisanova,1.6,,,,,,,,,3.27
300,Via Cisanello 170,Ipercoop Pisa,Pizzeria Colignola,1.71,MD Discount Riglione,3.42,Parcheggio di Cisanello,4.39,Universita di Pisa,1.71,Via Angelo Battelli 5,0.92,2.7
301,Ristorante Da Stefano (Tirrenia),Stazione Leopolda,Hotel Galilei Pisa,16.11,Ristorante Il Rustichello - San Piero,3.56,Farmacia Cisanello,8.38,,,,,3.22
302,Hotel Galilei Pisa,Pizzeria Colignola,Stazione Pisa Centrale,3.23,Esselunga Cisanello,3.29,,,,,,,1.32
303,Conad La Vettola,Via Aretino Spinello 11,Stazione Leopolda,5.94,Pizzeria Pisanova,1.78,Parcheggio San Giuliano Terme,9.3,Via Angelo Battelli 5,7.73,Torre,1.22,1.56
304,Conad Pian di Marco,Polo Fibonacci,,,,,,,,,,,3.62
305,Farmacia Cisanello,MediaWorld Pisa,Via Montanelli 66,1.84,Supermercato Coop Ghezzano,5.61,Carrefour Express Pisanova,5.42,Via Angelo Battelli 5,1.45,Parcheggio San Giuliano Terme,8.53,10.38
306,Supermercato Coop San Giusto,Pizzeria Colignola,Hotel Continental Tirrenia,17.75,Ristorante Da Stefano (Tirrenia),1.15,Pizzeria Pisanova,20.84,,,,,2.37
307,Supermercato Coop Ghezzano,Parcheggio San Giuliano Terme,Ristorante La Greppia,6.87,Esselunga Cisanello,3.11,Ristorante Il Lago (Nodica),7.7,,,,,2.82
308,Ristorante Il Lago (Nodica),Hotel San Ranieri,Pizzeria Colignola,7.93,Pizzeria Pisanova,2.33,Centro Commerciale Pisanova,0.11,Universita di Pisa,1.95,Conad La Vettola,8.09,8.32
309,Lidl Pisa,Ristorante Il Rustichello - San Piero,,,,,,,,,,,4.17
310,Universita di Pisa,Centro Commerciale Darsena (Tirrenia),Conad Metato,8.4,Parcheggio San Giuliano Terme,0.48,,,,,,,31.49
311,Supermercato Coop San Giusto,Hotel Galilei Pisa,Hotel San Ranieri,3.8,Ristorante Da Stefano (Tirrenia),21.94,Stazione Pisa Centrale,19.31,,,,,3.21
312,Via Aretino Spinello 11,OBI Pisa,Conad La Vettola,6.56,McDonald's Pisa Aurelia,5.18,Supermercato Coop Ghezzano,9.03,Esselunga Cisanello,5.25,Polo Fibonacci,2.13,4.92
313,Centro Commerciale Pisanova,Ristorante Da Stefano (Tirrenia),Esselunga Cisanello,0.92,Parcheggio Migliarino,15.58,Conad Pian di Marco,14.63,,,,,16.09
314,Esselunga Cisanello,Conad La Vettola,Ristorante Il Rustichello - San Piero,7.27,Via Cisanello 170,7.91,Hotel San Ranieri,0.44,Supermercato Coop Ghezzano,5.14,,,11.21
315,Hotel Galilei Pisa,Supermercato Coop San Giusto,Via Gabriele Vettori 18,5.17,Polo Fibonacci,0.6,Ristorante Da Stefano (Tirrenia),21.04,,,,,16.31
316,Ristorante Il Mio Capriccio,Parcheggio San Giuliano Terme,Ristorante Galileo,1.45,OBI Pisa,4.73,Ristorante Pizzeria Il Pellicano,2.51,Universita di Pisa,2.63,,,8.42
317,Parcheggio Migliarino,Parco San Rossore,Centro Commerciale Pisanova,14.73,Ristorante Il Rustichello - San Piero,6.87,Via Montanelli 66,5.68,Parcheggio di Cisanello,1.59,,,3.95
318,Ristorante La Greppia,Via San Ranieri 9,MD Discount Riglione,4.31,Stazione San Rossore,6.88,Facolta di Ingegneria Polo A,2.32,Ristorante Il Mio Capriccio,2.29,Conad Pian di Marco,2.95,4.33
319,MD Discount Riglione,Lidl Pisa,Via Montanelli 66,5.45,Esselunga Cisanello,1.99,Stazione San Rossore,3.93,McDonald's Pisa Aurelia,1.67,,,2.17
320,Via Aretino Spinello 11,MediaWorld Pisa,Pizzeria Colignola,3.81,,,,,,,,,2.12
321,Decathlon Pisa,Pizzeria Colignola,Parcheggio Porto di Marina,15.55,,,,,,,,,17.89
322,Via Cisanello 170,Supermercato Coop Ghezzano,Parcheggio di Cisanello,0.14,Via San Ranieri 9,0.38,Ristorante Da Stefano (Tirrenia),20.4,Decathlon Pisa,18.81,,,6.65
323,Hotel Galilei Pisa,Pizzeria Pisanova,Stazione San Rossore,3.03,Stazione Leopolda,1.11,Decathlon Pisa,2,Ristorante Galileo,1.03,Facolta di Ingegneria Polo A,2.06,1.83
324,Pizzeria Colignola,Polo Fibonacci,Ristorante Il Mio Capriccio,3.09,Via Aretino Spinello 11,1.85,,,,,,,1.2
325,OBI Pisa,Universita di Pisa,Euronics Pisa Cisanello,4.07,,,,,,,,,2.4
326,Conad La Vettola,Via Gabriele Vettori 18,Ristorante La Greppia,6.78,Pizzeria Pisanova,2.24,,,,,,,1.6
327,Via Angelo Battelli 5,Universita di Pisa,Pizzeria Colignola,3.84,MediaWorld Pisa,2.54,,,,,,,2.04
328,Ristorante Da Stefano (Tirrenia),Via Gabriele Vettori 18,OBI Pisa,14.81,Centro Commerciale Pisanova,4.45,Farmacia Cisanello,1.31,Conad La Vettola,8.63,,,7.48
329,Pizzeria Pisanova,Eurospin Ospedaletto,,,,,,,,,,,7.1
330,Conad Pian di Marco,Stazione Leopolda,,,,,,,,,,,2.45
331,Via Montanelli 66,Ristorante Galileo,Parcheggio San Giuliano Terme,8.17,,,,,,,,,9.06
332,McDonald's Barbaricina,Torre,Farmacia Cisanello,8.42,Carrefour Express Pisanova,1.51,Via Gabriele Vettori 18,1.61,Conad Pian di Marco,3.37,Ristorante Il Lago (Nodica),8.21,4.96
333,Stazione San Rossore,Piscina Comunale Camalich,Carrefour Express Pisanova,2.87,McDonald's Barbaricina,6.75,OBI Pisa,4.24,Ristorante Tuscany 2,5.6,Ristorante La Greppia,3.15,3.71
334,OBI Pisa,Conad La Vettola,Parcheggio San Giuliano Terme,11.36,MediaWorld Pisa,8.68,Ristorante Tuscany 2,1.07,,,,,9.42
335,Via Cisanello 170,Ristorante Pizzeria Il Pellicano,Parcheggio di Cisanello,0.13,,,,,,,,,2.34
336,Facolta di Ingegneria Polo A,Ristorante Pizzeria Il Pellicano,Parcheggio Via Paparelli,2.11,Via Gabriele Vettori 18,2.43,,,,,,,1.95
337,Eurospin Ospedaletto,Via Angelo Battelli 5,Supermercato Coop Ghezzano,11.91,Ipercoop Pisa,7.07,,,,,,,2.82
338,Conad Metato,Ristorante Il Mio Capriccio,,,,,,,,,,,9.31
339,Lidl Pisa,Parcheggio San Giuliano Terme,Stazione Leopolda,0.95,Stazione Pisa Centrale,0.62,McDonald's Barbaricina,4.7,,,,,10.46
340,Pizzeria Pisanova,Pizzeria Colignola,Ristorante Tuscany 2,0.97,Stazione Pisa Centrale,2.78,,,,,,,4.41
341,Via Montanelli 66,Hotel San Ranieri,,,,,,,,,,,1.86
342,Stazione Leopolda,Torre,McDonald's Barbaricina,5.55,Decathlon Pisa,6.7,Esselunga Cisanello,1.62,Pizzeria Pisanova,0.89,,,3.05
343,Ristorante Da Stefano (Tirrenia),MD Discount Riglione,Centro Commerciale Darsena (Tirrenia),1.43,Stazione San Rossore,18.92,,,,,,,5.71
344,Universita di Pisa,Ristorante Galileo,Conad La Vettola,7.03,Ristorante Tuscany 2,9.73,,,,,,,0.55
345,Pizzeria Pisanova,McDonald's Pisa Aurelia,Conad Pian di Marco,3.75,Pizzeria Colignola,5.57,Hotel San Ranieri,1.59,,,,,4.92
346,MD Discount Riglione,Piscina Comunale Camalich,Decathlon Pisa,4.1,Polo Fibonacci,2.45,Facolta di Ingegneria Polo A,0.29,Via del Borghetto 102,0.3,,,6.53
347,Parcheggio Porto di Marina,Centro Commerciale Pisanova,Farmacia Cisanello,19.2,Esselunga Cisanello,0.45,,,,,,,0.94
348,Conad Metato,Torre,Piscina Comunale Camalich,13.64,,,,,,,,,6.92
349,OBI Pisa,Conad La Vettola,,,,,,,,,,,5.07
350,Ristorante Il Mio Capriccio,McDonald's Barbaricina,Parcheggio di Cisanello,1.75,Euronics Pisa Cisanello,1.39,Parco San Rossore,3.77,Ristorante Il Lago (Nodica),7.39,Esselunga Cisanello,6.81,7.6
351,Via Angelo Battelli 5,Parcheggio Porto di Marina,MD Discount Riglione,6.32,Via Cisanello 170,4.45,Via San Ranieri 9,0.48,Stazione Leopolda,2.67,Hotel Galilei Pisa,3.87,13.1
352,Pizzeria Colignola,Stazione Leopolda,Ristorante Da Stefano (Tirrenia),21.26,Universita di Pisa,19.45,Decathlon Pisa,2.19,Via Angelo Battelli 5,1.97,Parcheggio Via Paparelli,2.82,3.79
353,Ristorante Il Rustichello - San Piero,Ristorante Tuscany 2,Parcheggio di Cisanello,8.03,Carrefour Express Pisanova,1.06,Decathlon Pisa,0.81,MD Discount Riglione,4,,,3.79
354,Carrefour Express Pisanova,Torre,Ristorante Pizzeria Il Pellicano,1.37,Via Gabriele Vettori 18,2,Euronics Pisa Cisanello,2.35,,,,,3.55
355,Polo Fibonacci,Pizzeria Colignola,Via del Borghetto 102,0.26,Centro Commerciale Darsena (Tirrenia),23.69,Euronics Pisa Cisanello,22.25,Via Cisanello 170,1.21,Ristorante Il Lago (Nodica),6.07,8.08
356,Ristorante Tuscany 2,Torre,Carrefour Express Pisanova,1.18,Ristorante La Greppia,2.11,Facolta di Ingegneria Polo A,2.4,Eurospin Ospedaletto,7.71,Stazione San Rossore,5.2,2.21
357,MediaWorld Pisa,Via Montanelli 66,McDonald's Barbaricina,7.07,Conad La Vettola,2.21,Parcheggio Migliarino,12.42,,,,,14.79
358,Pizzeria Pisanova,Via Cisanello 170,Ristorante Il Lago (Nodica),7.47,Esselunga Cisanello,6.98,,,,,,,0.46
359,Parcheggio San Giuliano Terme,Universita di Pisa,Carrefour Express Pisanova,8.49,Ristorante Il Rustichello - San Piero,6.34,Stazione Pisa Centrale,4.83,Torre,2.77,,,1.65
360,Via Aretino Spinello 11,Parcheggio Migliarino,Decathlon Pisa,2.23,Via Montanelli 66,1.28,Pizzeria Pisanova,1.04,McDonald's Pisa Aurelia,3.24,Ristorante Il Rustichello - San Piero,3.84,16.83
361,Via Gabriele Vettori 18,Ristorante Da Stefano (Tirrenia),Conad La Vettola,7.22,OBI Pisa,5.08,MD Discount Riglione,6.3,,,,,17.8
362,Parcheggio Migliarino,Parco San Rossore,,,,,,,,,,,12.95
363,Parcheggio di Cisanello,Ristorante Il Rustichello - San Piero,Supermercato Coop San Giusto,3.67,,,,,,,,,3.96
364,Piscina Comunale Camalich,McDonald's Barbaricina,Supermercato Coop San Giusto,3.94,Via del Borghetto 102,3.15,,,,,,,5.53
365,Ristorante Tuscany 2,Euronics Pisa Cisanello,Ristorante Da Stefano (Tirrenia),18.75,,,,,,,,,18.13
366,MD Discount Riglione,McDonald's Barbaricina,Via del Borghetto 102,6.14,Stazione San Rossore,2.47,Parcheggio San Giuliano Terme,9.17,Polo Fibonacci,8.52,Ristorante Da Stefano (Tirrenia),19.02,15.53
367,Decathlon Pisa,Hotel Galilei Pisa,Hotel San Ranieri,2.01,Conad La Vettola,8.69,,,,,,,5.47
368,Supermercato Coop Ghezzano,Via del Borghetto 102,Eurospin Ospedaletto,12.89,Via Aretino Spinello 11,6.15,Ipercoop Pisa,2.61,Centro Commerciale Darsena (Tirrenia),19.75,,,21.83
369,Torre,Parcheggio San Giuliano Terme,Via Angelo Battelli 5,1.45,Ipercoop Pisa,2.44,Carrefour Express Pisanova,1.15,Via San Ranieri 9,1.32,Eurospin Ospedaletto,7.88,14.88
370,McDonald's Pisa Aurelia,Via Angelo Battelli 5,Hotel Galilei Pisa,1.74,Stazione Leopolda,3.82,MD Discount Riglione,6.08,,,,,6.36
371,Ristorante Galileo,Farmacia Cisanello,Stazione San Rossore,3.45,,,,,,,,,4.03
372,Via Gabriele Vettori 18,Parcheggio Via Paparelli,Stazione Leopolda,1.18,Via Angelo Battelli 5,0.82,Ristorante Tuscany 2,2.63,MD Discount Riglione,3.91,,,7.57
373,Conad Metato,Parcheggio Via Paparelli,,,,,,,,,,,6.54
374,Hotel Galilei Pisa,Decathlon Pisa,Via Cisanello 170,5.04,Ristorante Pizzeria Il Pellicano,2.34,,,,,,,1.03
375,Via Angelo Battelli 5,Parcheggio Via Paparelli,Parcheggio di Cisanello,2.22,,,,,,,,,2.36
376,Stazione Leopolda,Ristorante Il Lago (Nodica),Hotel Galilei Pisa,3.76,Hotel San Ranieri,6.07,,,,,,,5.87
377,Ristorante Galileo,McDonald's Pisa Aurelia,Pizzeria Pisanova,0.35,Supermercato Coop Ghezzano,5.43,,,,,,,9.34
378,Conad Metato,Conad Pian di Marco,Parcheggio Migliarino,8.67,Piscina Comunale Camalich,17.16,Via Montanelli 66,6.22,Carrefour Express Pisanova,0.75,Ristorante Tuscany 2,1.16,4.78
379,Eurospin Ospedaletto,Via Angelo Battelli 5,Polo Fibonacci,7.57,Supermercato Coop Ghezzano,5.1,,,,,,,5.7
380,Via Montanelli 66,Facolta di Ingegneria Polo A,,,,,,,,,,,0.81
381,Centro Commerciale Pisanova,Ristorante Tuscany 2,Parcheggio Migliarino,14.93,,,,,,,,,14.18
382,Eurospin Ospedaletto,Decathlon Pisa,,,,,,,,,,,6.59
383,McDonald's Pisa Aurelia,Polo Fibonacci,Via Gabriele Vettori 18,3.39,Euronics Pisa Cisanello,2.2,,,,,,,2.56
384,Via Angelo Battelli 5,Facolta di Ingegneria Polo A,MD Discount Riglione,5.4,Hotel Continental Tirrenia,18.48,,,,,,,19.58
385,Ipercoop Pisa,Conad La Vettola,Esselunga Cisanello,1.29,Hotel Galilei Pisa,5.26,Supermercato Coop Ghezzano,11.15,,,,,10.95
386,Stazione Pisa Centrale,Hotel Continental Tirrenia,MD Discount Riglione,5.18,Polo Fibonacci,6.02,Via San Ranieri 9,1.39,OBI Pisa,4.88,Hotel San Ranieri,5.86,18.87
387,Ristorante Da Stefano (Tirrenia),Stazione San Rossore,MD Discount Riglione,20.8,Carrefour Express Pisanova,3.96,Piscina Comunale Camalich,5.62,Ristorante Galileo,6.56,MediaWorld Pisa,0.74,2.95
388,MD Discount Riglione,Conad Pian di Marco,Parco San Rossore,6.49,Farmacia Cisanello,4.5,Piscina Comunale Camalich,7.64,Ristorante Il Mio Capriccio,4.87,,,2.67
389,Conad Metato,Via Cisanello 170,McDonald's Barbaricina,11.03,Conad La Vettola,2.16,Via Montanelli 66,6.58,Stazione San Rossore,2.03,,,3.51
390,Ristorante Pizzeria Il Pellicano,Conad La Vettola,Farmacia Cisanello,2.95,Parcheggio Migliarino,14.13,Carrefour Express Pisanova,13.62,Lidl Pisa,2.36,,,5.74
391,Via Montanelli 66,Parcheggio Porto di Marina,Ristorante Pizzeria Il Pellicano,1.62,Via Aretino Spinello 11,1.85,Supermercato Coop San Giusto,1.96,,,,,13.46
392,Centro Commerciale Pisanova,Via San Ranieri 9,Farmacia Cisanello,1.2,Via Montanelli 66,2.02,Piscina Comunale Camalich,6.29,,,,,7.23
393,Esselunga Cisanello,Parco San Rossore,Euronics Pisa Cisanello,1.05,Stazione Pisa Centrale,2.16,Conad La Vettola,6.38,,,,,4.42
394,Ristorante Da Stefano (Tirrenia),Parcheggio Porto di Marina,Supermercato Coop Ghezzano,24.53,,,,,,,,,20.84
395,Hotel Continental Tirrenia,McDonald's Pisa Aurelia,Supermercato Coop Ghezzano,23.61,Ristorante Il Rustichello - San Piero,10.68,Conad Metato,12.97,Parcheggio San Giuliano Terme,0.53,Facolta di Ingegneria Polo A,8.54,3.41
396,Hotel Galilei Pisa,Ristorante Il Mio Capriccio,Parcheggio Via Paparelli,7.53,,,,,,,,,4.26
397,Via San Ranieri 9,Ristorante Da Stefano (Tirrenia),,,,,,,,,,,19
398,Centro Commerciale Pisanova,Parcheggio Porto di Marina,Hotel Galilei Pisa,4.4,Torre,5.77,Parcheggio di Cisanello,3.46,,,,,17.8
399,Polo Fibonacci,OBI Pisa,Ristorante Il Rustichello - San Piero,7.01,Pizzeria Colignola,9.54,Supermercato Coop Ghezzano,6.08,Facolta di Ingegneria Polo A,5.04,Ristorante Pizzeria Il Pellicano,2.29,2.53
400,Ristorante Da Stefano (Tirrenia),Conad Pian di Marco,OBI Pisa,15.59,Decathlon Pisa,4.02,Via Gabriele Vettori 18,2.17,,,,,3.3
401,Via Gabriele Vettori 18,Centro Commerciale Darsena (Tirrenia),Universita di Pisa,0.66,Stazione San Rossore,2.95,Via del Borghetto 102,2.61,,,,,19.72
402,Via San Ranieri 9,Stazione San Rossore,,,,,,,,,,,3.72
403,Euronics Pisa Cisanello,Conad La Vettola,Piscina Comunale Camalich,5.03,Ristorante Il Rustichello - San Piero,3.8,Ristorante Pizzeria Il Pellicano,5.94,,,,,6.3
404,Via Cisanello 170,Ristorante Tuscany 2,Parcheggio San Giuliano Terme,7.88,,,,,,,,,9.03
405,Lidl Pisa,MediaWorld Pisa,,,,,,,,,,,2.86
406,Piscina Comunale Camalich,Via Aretino Spinello 11,Ristorante Il Rustichello - San Piero,3.7,Facolta di Ingegneria Polo A,6.28,,,,,,,0.97
407,Parcheggio Porto di Marina,Farmacia Cisanello,Via del Borghetto 102,17.5,Via Gabriele Vettori 18,0.63,Decathlon Pisa,2.15,Eurospin Ospedaletto,6,McDonald's Barbaricina,6.21,7.77
408,McDonald's Barbaricina,MediaWorld Pisa,Stazione San Rossore,4.55,Farmacia Cisanello,3.83,Carrefour Express Pisanova,1.52,,,,,0.5
409,Ristorante Il Rustichello - San Piero,Stazione Pisa Centrale,Centro Commerciale Darsena (Tirrenia),16.3,Hotel San Ranieri,24.13,Parcheggio San Giuliano Terme,8.88,,,,,10.91
410,MD Discount Riglione,Pizzeria Colignola,McDonald's Barbaricina,9.47,McDonald's Pisa Aurelia,4.73,,,,,,,5.78
411,Lidl Pisa,Facolta di Ingegneria Polo A,MD Discount Riglione,5.73,Parcheggio San Giuliano Terme,12.72,Conad La Vettola,13.82,,,,,7.31
412,MD Discount Riglione,Via San Ranieri 9,Ristorante Tuscany 2,3.91,Supermercato Coop Ghezzano,6.07,Hotel Galilei Pisa,9.8,,,,,5.94
413,Pizzeria Colignola,Universita di Pisa,Ristorante La Greppia,3.81,McDonald's Pisa Aurelia,1.46,,,,,,,4.16
414,Conad Pian di Marco,Decathlon Pisa,Torre,3.98,Via Angelo Battelli 5,1.48,Hotel San Ranieri,2.66,Lidl Pisa,3.98,Ristorante Galileo,2.97,1.12
415,Esselunga Cisanello,Universita di Pisa,Centro Commerciale Darsena (Tirrenia),20.81,Parcheggio Porto di Marina,6.03,Hotel Galilei Pisa,13.06,,,,,5.54
416,Ipercoop Pisa,Ristorante Pizzeria Il Pellicano,Centro Commerciale Pisanova,0.92,Euronics Pisa Cisanello,0.52,,,,,,,1.66
417,Ristorante La Greppia,Conad La Vettola,Stazione San Rossore,1.77,Ristorante Pizzeria Il Pellicano,2.01,Facolta di Ingegneria Polo A,2.39,Conad Metato,7.96,,,12.98
418,Carrefour Express Pisanova,Parcheggio Via Paparelli,Lidl Pisa,2.64,Via Cisanello 170,3.58,Via San Ranieri 9,0.53,,,,,2.28
419,Torre,Conad Metato,Parcheggio Porto di Marina,16.61,Parcheggio Via Paparelli,17.14,Eurospin Ospedaletto,9.28,Via Montanelli 66,6.93,,,9.33
420,Hotel Galilei Pisa,Centro Commerciale Pisanova,Stazione San Rossore,3.16,McDonald's Pisa Aurelia,1.52,,,,,,,3.74
421,Esselunga Cisanello,Hotel San Ranieri,,,,,,,,,,,0.69
422,Stazione San Rossore,Stazione Pisa Centrale,Pizzeria Pisanova,2.96,,,,,,,,,2.27
423,Ipercoop Pisa,MD Discount Riglione,Hotel Continental Tirrenia,19.28,Supermercato Coop San Giusto,15.69,Via Cisanello 170,3.95,Lidl Pisa,3.52,Supermercato Coop Ghezzano,7.28,9.67
424,Parcheggio San Giuliano Terme,Supermercato Coop Ghezzano,Piscina Comunale Camalich,15.01,,,,,,,,,11.24
425,Carrefour Express Pisanova,Ristorante Il Mio Capriccio,Ristorante Il Rustichello - San Piero,6.09,,,,,,,,,5.7
426,Parcheggio Migliarino,Conad Pian di Marco,Via Cisanello 170,15.86,MD Discount Riglione,4.47,Ristorante Il Rustichello - San Piero,8.89,,,,,3.18
427,Via San Ranieri 9,Via Cisanello 170,Lidl Pisa,3.16,Ristorante Il Rustichello - San Piero,4.43,Ipercoop Pisa,7.46,Stazione Leopolda,2.57,Via Montanelli 66,1.03,1.53
428,Parcheggio Migliarino,Lidl Pisa,Eurospin Ospedaletto,16.97,Hotel San Ranieri,8.56,McDonald's Pisa Aurelia,5.06,Ristorante Il Rustichello - San Piero,3.25,Ristorante Pizzeria Il Pellicano,5.56,2.1
429,Universita di Pisa,Eurospin Ospedaletto,McDonald's Pisa Aurelia,3.86,,,,,,,,,3.84
430,Piscina Comunale Camalich,Torre,Ipercoop Pisa,5.17,MD Discount Riglione,3.44,Via Gabriele Vettori 18,5.96,Ristorante Il Lago (Nodica),6.27,Conad Metato,2.64,7.19
431,Hotel San Ranieri,Ristorante Pizzeria Il Pellicano,Parco San Rossore,4.14,,,,,,,,,2.29
432,Parcheggio Porto di Marina,Hotel Continental Tirrenia,Conad Pian di Marco,12.36,Via Aretino Spinello 11,2.6,Hotel Galilei Pisa,4.19,Ristorante La Greppia,2.76,Stazione Pisa Centrale,0.78,18.77
433,Decathlon Pisa,Centro Commerciale Pisanova,Hotel Galilei Pisa,3.58,Via Gabriele Vettori 18,4.64,Polo Fibonacci,0.54,Parcheggio San Giuliano Terme,8.19,Lidl Pisa,10.02,2.63
434,Parcheggio Via Paparelli,MD Discount Riglione,,,,,,,,,,,6.71
435,Parcheggio Via Paparelli,Decathlon Pisa,MediaWorld Pisa,3.9,,,,,,,,,0.33
436,Pizzeria Pisanova,Via Montanelli 66,Hotel San Ranieri,1.17,Parcheggio Via Paparelli,2.43,,,,,,,2.86
437,Supermercato Coop Ghezzano,Conad Metato,McDonald's Barbaricina,9.77,Ristorante Da Stefano (Tirrenia),16.82,,,,,,,26.06
438,Parcheggio Via Paparelli,Ristorante Da Stefano (Tirrenia),Lidl Pisa,4.19,Via Montanelli 66,1.77,Ristorante Galileo,1.42,Facolta di Ingegneria Polo A,1.99,Centro Commerciale Pisanova,1.86,21.57
439,Parcheggio Migliarino,Ipercoop Pisa,Centro Commerciale Darsena (Tirrenia),28.78,,,,,,,,,21.57
440,Via Angelo Battelli 5,Eurospin Ospedaletto,Ristorante Tuscany 2,2.66,Parcheggio Porto di Marina,18.35,Conad La Vettola,10.67,Supermercato Coop Ghezzano,10.31,,,11.69
441,Supermercato Coop San Giusto,Supermercato Coop Ghezzano,Via del Borghetto 102,2.82,Stazione Pisa Centrale,2.4,Hotel Galilei Pisa,3.09,Facolta di Ingegneria Polo A,5.61,Via Cisanello 170,1.86,5.26
442,Parcheggio San Giuliano Terme,Ristorante Galileo,Ristorante Il Mio Capriccio,10.14,,,,,,,,,1.31
443,Euronics Pisa Cisanello,Via Aretino Spinello 11,Stazione Pisa Centrale,2.16,Via Cisanello 170,2.95,,,,,,,2.37
444,Parcheggio Via Paparelli,Ristorante Il Mio Capriccio,Via Angelo Battelli 5,2.59,Hotel Galilei Pisa,4.71,Hotel Continental Tirrenia,13.34,Pizzeria Colignola,19.22,,,2.61
445,Parcheggio di Cisanello,MediaWorld Pisa,Supermercato Coop Ghezzano,5.15,,,,,,,,,6.99
446,Esselunga Cisanello,Conad Pian di Marco,,,,,,,,,,,4.18
447,Parcheggio Via Paparelli,Farmacia Cisanello,,,,,,,,,,,2.87
448,Ipercoop Pisa,Via Montanelli 66,Hotel San Ranieri,2.02,,,,,,,,,2.08
449,Ristorante Il Rustichello - San Piero,Universita di Pisa,,,,,,,,,,,7.1
450,Conad Pian di Marco,Parcheggio Migliarino,,,,,,,,,,,14.38
451,Decathlon Pisa,Stazione Pisa Centrale,,,,,,,,,,,1.76
452,Parcheggio Migliarino,Ristorante Galileo,,,,,,,,,,,13.89
453,Supermercato Coop San Giusto,Decathlon Pisa,Ristorante Galileo,2.97,Parcheggio Porto di Marina,16.14,Parcheggio Migliarino,22.66,,,,,14.38
454,MediaWorld Pisa,Hotel San Ranieri,Conad Pian di Marco,3.48,Stazione San Rossore,1.6,,,,,,,4.43
455,Ristorante La Greppia,Conad La Vettola,Centro Commerciale Pisanova,1.94,Stazione Pisa Centrale,2.18,,,,,,,5.95
456,Parco San Rossore,Supermercato Coop San Giusto,Parcheggio Via Paparelli,4.35,Decathlon Pisa,3.66,Conad Metato,10.82,Via Angelo Battelli 5,8.86,Centro Commerciale Pisanova,2.09,2.84
457,Ristorante Da Stefano (Tirrenia),Stazione San Rossore,Pizzeria Colignola,23.4,Parcheggio di Cisanello,1.63,Farmacia Cisanello,0.36,Centro Commerciale Pisanova,1.32,,,3.11
458,Hotel Continental Tirrenia,Via Montanelli 66,Eurospin Ospedaletto,11.55,MediaWorld Pisa,6.38,Pizzeria Pisanova,0.53,Parco San Rossore,3.41,Centro Commerciale Darsena (Tirrenia),17.59,20.46
459,Universita di Pisa,Decathlon Pisa,Parcheggio di Cisanello,1.53,Ipercoop Pisa,1.69,,,,,,,0.57
460,MD Discount Riglione,Hotel Galilei Pisa,Parcheggio Migliarino,17.53,,,,,,,,,15.72
461,Euronics Pisa Cisanello,Ristorante Pizzeria Il Pellicano,Hotel Galilei Pisa,4.81,Parco San Rossore,3.33,Facolta di Ingegneria Polo A,2.83,,,,,2.29
462,Parcheggio San Giuliano Terme,Parcheggio Migliarino,,,,,,,,,,,9.91
463,Stazione Leopolda,Ristorante Il Rustichello - San Piero,Centro Commerciale Darsena (Tirrenia),20.2,Ristorante Il Mio Capriccio,21.84,,,,,,,6.03
464,Esselunga Cisanello,Eurospin Ospedaletto,,,,,,,,,,,7.43
465,Conad La Vettola,Ristorante Da Stefano (Tirrenia),Torre,5.82,Supermercato Coop Ghezzano,4.48,Conad Metato,3.76,Stazione Leopolda,8.65,Via San Ranieri 9,2.57,22.6
466,Esselunga Cisanello,Ristorante Da Stefano (Tirrenia),Eurospin Ospedaletto,8.01,Universita di Pisa,7.11,Decathlon Pisa,2.12,Supermercato Coop San Giusto,2.54,,,16.7
467,Ristorante Pizzeria Il Pellicano,Carrefour Express Pisanova,Eurospin Ospedaletto,5.25,Piscina Comunale Camalich,1.29,Decathlon Pisa,4.99,Via del Borghetto 102,2.54,,,2.02
468,Parco San Rossore,Ristorante Il Rustichello - San Piero,Via Montanelli 66,2.54,Parcheggio Via Paparelli,2.59,,,,,,,8.16
469,Decathlon Pisa,Ristorante Il Rustichello - San Piero,Facolta di Ingegneria Polo A,2.27,,,,,,,,,6.54
470,Conad Pian di Marco,Esselunga Cisanello,Facolta di Ingegneria Polo A,4.06,Ristorante Il Rustichello - San Piero,6.17,,,,,,,7.28
471,Ristorante Pizzeria Il Pellicano,Eurospin Ospedaletto,Hotel Galilei Pisa,3.17,Stazione San Rossore,3.41,Centro Commerciale Darsena (Tirrenia),19.44,Farmacia Cisanello,22.88,Supermercato Coop San Giusto,3.93,4.63
472,Decathlon Pisa,MD Discount Riglione,OBI Pisa,3.68,,,,,,,,,6.25
473,Stazione Pisa Centrale,Eurospin Ospedaletto,Piscina Comunale Camalich,4.3,Conad La Vettola,6.38,Parcheggio Porto di Marina,10.33,Parco San Rossore,14.07,,,4.76
474,Parco San Rossore,McDonald's Pisa Aurelia,Ipercoop Pisa,3.38,Hotel Continental Tirrenia,19.19,Stazione Pisa Centrale,16.4,Ristorante Da Stefano (Tirrenia),19.73,MD Discount Riglione,21.39,6.09
475,Eurospin Ospedaletto,Hotel San Ranieri,Centro Commerciale Darsena (Tirrenia),13.91,MediaWorld Pisa,22.92,,,,,,,1.76
476,Supermercato Coop Ghezzano,Ristorante Il Rustichello - San Piero,Universita di Pisa,5.12,MD Discount Riglione,5.46,McDonald's Pisa Aurelia,5.65,Ipercoop Pisa,3.15,Supermercato Coop San Giusto,2.86,4.04
477,Stazione Leopolda,Parcheggio di Cisanello,Lidl Pisa,0.88,McDonald's Barbaricina,4.46,,,,,,,7.19
478,Pizzeria Colignola,Hotel Galilei Pisa,Ristorante Pizzeria Il Pellicano,3.5,Parco San Rossore,2.17,Stazione Pisa Centrale,1.22,,,,,3.12
479,Ristorante Pizzeria Il Pellicano,Supermercato Coop San Giusto,Stazione Leopolda,1.41,,,,,,,,,1.48
480,Polo Fibonacci,Decathlon Pisa,Via Angelo Battelli 5,0.87,Carrefour Express Pisanova,1.67,Parco San Rossore,3.12,OBI Pisa,1.91,,,3.35
481,Ipercoop Pisa,Conad La Vettola,Torre,3.69,Esselunga Cisanello,3.47,,,,,,,8.55
482,Lidl Pisa,Ristorante Tuscany 2,Supermercato Coop San Giusto,1.35,Farmacia Cisanello,3.79,Esselunga Cisanello,0.47,Conad La Vettola,8.82,,,9.32
483,Farmacia Cisanello,Via Aretino Spinello 11,Ristorante La Greppia,3.37,Hotel San Ranieri,3.33,Conad Metato,8.96,Lidl Pisa,9.87,,,1.19
484,Universita di Pisa,Via Cisanello 170,,,,,,,,,,,1.56
485,Parcheggio di Cisanello,Stazione Leopolda,Stazione Pisa Centrale,2.73,McDonald's Barbaricina,5.16,,,,,,,5.01
486,OBI Pisa,Via Gabriele Vettori 18,Parcheggio Porto di Marina,13.5,Stazione Pisa Centrale,16.08,,,,,,,1.72
487,Piscina Comunale Camalich,Farmacia Cisanello,Ristorante La Greppia,3.58,Hotel Continental Tirrenia,16.58,Stazione Pisa Centrale,16.1,Via Cisanello 170,2.92,Supermercato Coop Ghezzano,5.16,5.06
488,Via Angelo Battelli 5,Universita di Pisa,Stazione Pisa Centrale,1.43,,,,,,,,,2.39
489,Ristorante Galileo,Torre,Parcheggio Via Paparelli,3.29,Via Cisanello 170,2.67,Ristorante Da Stefano (Tirrenia),21.8,,,,,20.17
490,Via Aretino Spinello 11,Ristorante La Greppia,,,,,,,,,,,1.98
491,Ristorante Il Mio Capriccio,Ipercoop Pisa,Supermercato Coop San Giusto,2.19,Torre,3.45,Parcheggio di Cisanello,3.12,Via del Borghetto 102,2.12,,,3.18
492,MD Discount Riglione,Parcheggio San Giuliano Terme,Euronics Pisa Cisanello,3.7,Torre,3.57,,,,,,,7.27
493,Via del Borghetto 102,Hotel Galilei Pisa,,,,,,,,,,,5.28
494,Parcheggio Migliarino,McDonald's Barbaricina,Conad Pian di Marco,14.29,Pizzeria Pisanova,3.79,Ristorante Tuscany 2,0.83,Stazione Leopolda,3.06,OBI Pisa,3.01,4.98
495,Ristorante Pizzeria Il Pellicano,Parcheggio Migliarino,Via del Borghetto 102,2.55,Universita di Pisa,0.4,Hotel Galilei Pisa,5.17,Facolta di Ingegneria Polo A,4.91,Ristorante Da Stefano (Tirrenia),18.56,27.94
496,Via San Ranieri 9,Esselunga Cisanello,Stazione Pisa Centrale,3.04,Centro Commerciale Darsena (Tirrenia),20.72,Ristorante Da Stefano (Tirrenia),1.53,Ristorante Il Lago (Nodica),26.97,,,6.77
497,Ristorante Il Mio Capriccio,Supermercato Coop Ghezzano,Farmacia Cisanello,2.35,Centro Commerciale Pisanova,1.35,Polo Fibonacci,1.79,Carrefour Express Pisanova,1.66,,,5.64
498,Ristorante Galileo,Ristorante Il Mio Capriccio,Ristorante Da Stefano (Tirrenia),21.35,Eurospin Ospedaletto,12.93,McDonald's Barbaricina,6.34,Conad Metato,10.89,,,9.73
499,Via Montanelli 66,Parcheggio di Cisanello,Pizzeria Pisanova,1.17,Parcheggio Porto di Marina,16.7,Via Gabriele Vettori 18,18.17,,,,,1.96
500,Parco San Rossore,Ristorante La Greppia,Conad Pian di Marco,1.45,,,,,,,,,1.57
501,Ristorante Il Lago (Nodica),Conad Pian di Marco,Hotel Galilei Pisa,10.28,,,,,,,,,1.7
502,Conad Pian di Marco,Euronics Pisa Cisanello,,,,,,,,,,,3.63
503,Ristorante La Greppia,Parcheggio di Cisanello,Via San Ranieri 9,3.12,Stazione Pisa Centrale,2.99,,,,,,,2.95
504,Ristorante Tuscany 2,Centro Commerciale Pisanova,Ristorante Il Lago (Nodica),6.84,Via Aretino Spinello 11,7,,,,,,,2.21
505,Via Gabriele Vettori 18,Ristorante Il Mio Capriccio,Centro Commerciale Darsena (Tirrenia),20.52,MD Discount Riglione,19.99,Stazione San Rossore,5.78,Facolta di Ingegneria Polo A,2.66,,,2.17
506,Hotel Continental Tirrenia,Universita di Pisa,Ristorante Galileo,20.05,Piscina Comunale Camalich,5.55,,,,,,,6.49
507,Lidl Pisa,OBI Pisa,Conad Metato,9.06,,,,,,,,,13.04
508,Via Angelo Battelli 5,Supermercato Coop San Giusto,Via Aretino Spinello 11,0.38,Stazione Pisa Centrale,1.17,Euronics Pisa Cisanello,2.13,,,,,3.01
509,Supermercato Coop San Giusto,Centro Commerciale Darsena (Tirrenia),,,,,,,,,,,20.24
510,Ipercoop Pisa,Ristorante Tuscany 2,Ristorante Il Mio Capriccio,0.83,MD Discount Riglione,3.59,Piscina Comunale Camalich,6.35,Hotel Continental Tirrenia,12.51,Facolta di Ingegneria Polo A,17.44,2.34
511,Parcheggio Via Paparelli,Parcheggio San Giuliano Terme,Pizzeria Colignola,4.05,Farmacia Cisanello,1.24,Centro Commerciale Darsena (Tirrenia),23.53,Stazione San Rossore,20.12,Conad La Vettola,4.62,12.95
512,Parcheggio San Giuliano Terme,Polo Fibonacci,Parcheggio Migliarino,10.83,Pizzeria Colignola,16.98,,,,,,,3.14
513,Universita di Pisa,Stazione San Rossore,Esselunga Cisanello,2.27,Ristorante Il Rustichello - San Piero,8.46,,,,,,,4.51
514,Farmacia Cisanello,MD Discount Riglione,Supermercato Coop Ghezzano,4.9,Polo Fibonacci,5.15,Facolta di Ingegneria Polo A,0.25,Carrefour Express Pisanova,1.69,Ristorante La Greppia,2.09,4.89
515,Ristorante Il Mio Capriccio,Stazione Leopolda,,,,,,,,,,,1.63
516,Supermercato Coop San Giusto,Conad Pian di Marco,Supermercato Coop Ghezzano,8.24,Universita di Pisa,4.34,Conad La Vettola,8.01,,,,,5
517,Parcheggio Migliarino,Lidl Pisa,Pizzeria Pisanova,16.03,Via San Ranieri 9,1.04,OBI Pisa,4.82,,,,,2.73
518,Supermercato Coop San Giusto,Conad La Vettola,Centro Commerciale Pisanova,2.85,Torre,3.24,Conad Metato,7.81,Hotel Continental Tirrenia,25.86,Esselunga Cisanello,21.2,8.49
519,Ristorante Il Mio Capriccio,Parcheggio Via Paparelli,Parcheggio di Cisanello,1.94,Ristorante Il Rustichello - San Piero,7.56,Centro Commerciale Darsena (Tirrenia),14.86,,,,,23.01
520,Farmacia Cisanello,Conad Metato,McDonald's Barbaricina,7.7,Ristorante Tuscany 2,8.22,Ristorante Il Lago (Nodica),7.34,,,,,2.74
521,Esselunga Cisanello,Decathlon Pisa,Ristorante Il Rustichello - San Piero,7.72,Parcheggio Migliarino,15.28,,,,,,,15.44
522,Via Aretino Spinello 11,OBI Pisa,Ipercoop Pisa,2.86,,,,,,,,,4.49
523,Ristorante Galileo,Ristorante La Greppia,Parco San Rossore,3.46,Eurospin Ospedaletto,4.45,Ristorante Il Lago (Nodica),12.19,,,,,8.52
524,Ristorante La Greppia,McDonald's Barbaricina,Euronics Pisa Cisanello,2.23,Via Gabriele Vettori 18,2.54,,,,,,,5.38
525,Decathlon Pisa,Ristorante Pizzeria Il Pellicano,Ristorante La Greppia,1.48,,,,,,,,,0.52
526,Via del Borghetto 102,McDonald's Barbaricina,,,,,,,,,,,5.64
527,Ristorante Il Lago (Nodica),MediaWorld Pisa,OBI Pisa,10.46,,,,,,,,,3.59
528,Stazione Pisa Centrale,Facolta di Ingegneria Polo A,Supermercato Coop Ghezzano,6.79,,,,,,,,,5.22
529,Farmacia Cisanello,Polo Fibonacci,Ristorante Il Lago (Nodica),5.97,Pizzeria Pisanova,7.08,Parcheggio Porto di Marina,17.76,Stazione Leopolda,15.02,McDonald's Pisa Aurelia,2.38,4.2
530,Farmacia Cisanello,Parcheggio San Giuliano Terme,Polo Fibonacci,1.95,Stazione Leopolda,1.6,,,,,,,9.73
531,Stazione San Rossore,Parcheggio di Cisanello,Hotel San Ranieri,4.17,Farmacia Cisanello,0.2,Lidl Pisa,3.88,,,,,3.26
532,McDonald's Barbaricina,Stazione Leopolda,Piscina Comunale Camalich,6.38,MD Discount Riglione,6.35,Pizzeria Pisanova,4.12,Farmacia Cisanello,1.32,Polo Fibonacci,2.21,1.76
533,Via Montanelli 66,Supermercato Coop Ghezzano,Polo Fibonacci,1.15,Parco San Rossore,3.03,,,,,,,8.09
534,Ipercoop Pisa,Conad Metato,Via Montanelli 66,1.71,Via del Borghetto 102,1.11,Ristorante Tuscany 2,2.39,Ristorante Il Mio Capriccio,1.84,,,10.66
535,Polo Fibonacci,Via Cisanello 170,McDonald's Pisa Aurelia,3.63,Via Aretino Spinello 11,2.9,Parcheggio Migliarino,12.91,Parco San Rossore,13.65,Via San Ranieri 9,3.75,0.49
536,Via Cisanello 170,Decathlon Pisa,Via San Ranieri 9,0.46,,,,,,,,,1.75
537,Parcheggio San Giuliano Terme,Parcheggio Porto di Marina,Polo Fibonacci,8.55,Conad Metato,8.03,McDonald's Pisa Aurelia,10.96,Hotel Continental Tirrenia,16.52,Ristorante Il Mio Capriccio,17.77,16.36
538,MD Discount Riglione,Pizzeria Pisanova,Eurospin Ospedaletto,7,Supermercato Coop Ghezzano,13.28,Decathlon Pisa,7.19,Parcheggio San Giuliano Terme,9.32,,,8.34
539,Via Gabriele Vettori 18,Stazione Leopolda,Universita di Pisa,0.67,,,,,,,,,1.67
540,Centro Commerciale Pisanova,Via San Ranieri 9,Pizzeria Pisanova,0.12,Conad Metato,9.89,Ristorante La Greppia,11.81,,,,,3.28
541,Parco San Rossore,Stazione San Rossore,Via Gabriele Vettori 18,2.6,,,,,,,,,1.93
542,Via San Ranieri 9,Hotel Continental Tirrenia,Stazione Pisa Centrale,3.06,Piscina Comunale Camalich,4.18,Ristorante Tuscany 2,6.59,Stazione San Rossore,3.61,Ristorante La Greppia,1.78,17.45
543,Conad La Vettola,Via Gabriele Vettori 18,Ristorante Pizzeria Il Pellicano,7.29,Parcheggio Migliarino,14.26,Via Montanelli 66,13.95,,,,,0.71
544,Pizzeria Pisanova,Ristorante Il Lago (Nodica),Via Aretino Spinello 11,1.93,Via San Ranieri 9,2.35,Ristorante Galileo,1.03,Parcheggio Porto di Marina,15.9,McDonald's Pisa Aurelia,12.79,8.62
545,Parcheggio Migliarino,Eurospin Ospedaletto,McDonald's Pisa Aurelia,15.49,Ristorante Pizzeria Il Pellicano,1.7,Esselunga Cisanello,2.58,Stazione San Rossore,3.63,,,5.34
546,Parcheggio di Cisanello,Ristorante Galileo,Via del Borghetto 102,2.06,,,,,,,,,2.06
547,Centro Commerciale Pisanova,Conad Pian di Marco,Ristorante Da Stefano (Tirrenia),18.4,McDonald's Barbaricina,15.68,Esselunga Cisanello,7.61,,,,,5.02
548,Piscina Comunale Camalich,Hotel San Ranieri,Ipercoop Pisa,4.92,Via Cisanello 170,1.53,,,,,,,0.52
549,Polo Fibonacci,MediaWorld Pisa,Decathlon Pisa,2.31,,,,,,,,,0.29
550,Stazione Pisa Centrale,Centro Commerciale Darsena (Tirrenia),Ristorante Il Mio Capriccio,1.55,,,,,,,,,20.07
551,Via del Borghetto 102,Facolta di Ingegneria Polo A,Torre,1.22,,,,,,,,,1.39
552,Lidl Pisa,Ristorante Tuscany 2,MediaWorld Pisa,2.93,Euronics Pisa Cisanello,0.42,,,,,,,0.84
553,Farmacia Cisanello,Ristorante Il Rustichello - San Piero,,,,,,,,,,,7.41
554,Stazione San Rossore,Hotel Continental Tirrenia,Stazione Pisa Centrale,1.14,Pizzeria Colignola,4.57,,,,,,,19.15
555,Via San Ranieri 9,Ristorante Pizzeria Il Pellicano,Torre,2.86,Conad Metato,7.65,Carrefour Express Pisanova,8.98,Stazione Leopolda,1.53,,,1.25
556,Parcheggio Migliarino,Parcheggio di Cisanello,Universita di Pisa,12.81,,,,,,,,,1.53
557,Ristorante Tuscany 2,Hotel Galilei Pisa,Ristorante Da Stefano (Tirrenia),22.43,Conad Pian di Marco,15.7,Hotel Continental Tirrenia,15.68,MediaWorld Pisa,20.05,Parcheggio Migliarino,14.14,18.32
558,Via Montanelli 66,Ristorante Galileo,Parco San Rossore,2.66,MediaWorld Pisa,2.95,Conad Metato,10.01,Pizzeria Colignola,9.78,,,1.64
559,Via Gabriele Vettori 18,Via Angelo Battelli 5,Centro Commerciale Pisanova,1.86,,,,,,,,,1.84
560,Parcheggio Via Paparelli,Decathlon Pisa,MD Discount Riglione,7.48,Ristorante Da Stefano (Tirrenia),19.78,Via Angelo Battelli 5,20.38,McDonald's Pisa Aurelia,3.31,,,2.97
561,McDonald's Barbaricina,Via Gabriele Vettori 18,Supermercato Coop San Giusto,4.49,Decathlon Pisa,2.3,,,,,,,1.99
562,McDonald's Pisa Aurelia,Hotel San Ranieri,MediaWorld Pisa,3.15,Centro Commerciale Darsena (Tirrenia),19.32,,,,,,,22.08
563,Centro Commerciale Darsena (Tirrenia),Parcheggio Migliarino,Hotel Continental Tirrenia,2.52,Decathlon Pisa,18.97,Via Angelo Battelli 5,2.05,Ristorante Tuscany 2,2.66,,,14.86
564,Polo Fibonacci,Hotel Galilei Pisa,Parcheggio Migliarino,13.61,Conad Pian di Marco,15.6,MD Discount Riglione,5.66,Universita di Pisa,5.3,Via del Borghetto 102,0.34,5.72
565,Via San Ranieri 9,McDonald's Pisa Aurelia,Supermercato Coop Ghezzano,5.19,Hotel Galilei Pisa,11,Polo Fibonacci,5.3,Ristorante Il Lago (Nodica),5.18,,,8.72
566,MD Discount Riglione,Ipercoop Pisa,Hotel Continental Tirrenia,17.94,Via Montanelli 66,19.15,Stazione Leopolda,1.04,Ristorante La Greppia,1.43,,,1.98
567,Parco San Rossore,Ristorante Da Stefano (Tirrenia),Decathlon Pisa,3.16,Supermercato Coop Ghezzano,6.92,Piscina Comunale Camalich,12.18,,,,,15.56
568,Ristorante Galileo,Conad La Vettola,McDonald's Barbaricina,7.9,Stazione Pisa Centrale,4.99,Via del Borghetto 102,2.12,Conad Pian di Marco,3.73,Via Gabriele Vettori 18,3.44,6.54
569,Ristorante Pizzeria Il Pellicano,Conad La Vettola,Pizzeria Pisanova,1.58,,,,,,,,,8.33
570,Eurospin Ospedaletto,MD Discount Riglione,Supermercato Coop Ghezzano,12.65,Hotel Galilei Pisa,10.8,,,,,,,5.6
571,Via Aretino Spinello 11,McDonald's Barbaricina,Ristorante La Greppia,1.9,Parcheggio San Giuliano Terme,11.04,Via Montanelli 66,8.43,Supermercato Coop San Giusto,2.41,Carrefour Express Pisanova,2.78,6.93
572,Parcheggio di Cisanello,McDonald's Barbaricina,Via Montanelli 66,1.58,Hotel San Ranieri,2,Piscina Comunale Camalich,7.18,Centro Commerciale Darsena (Tirrenia),15.49,,,19.14
573,Ristorante Galileo,Facolta di Ingegneria Polo A,Via San Ranieri 9,0.9,Parcheggio Migliarino,15.15,,,,,,,12.65
574,Conad La Vettola,Via Aretino Spinello 11,Ristorante Il Mio Capriccio,7.92,Parcheggio Migliarino,16.49,Parcheggio Via Paparelli,11.26,Parcheggio Porto di Marina,19.29,Conad Pian di Marco,13.41,2.88
575,Ristorante Pizzeria Il Pellicano,Carrefour Express Pisanova,,,,,,,,,,,1.49
576,Parcheggio Migliarino,Via Angelo Battelli 5,Hotel Galilei Pisa,17.55,Decathlon Pisa,3.69,Stazione Leopolda,1.81,Parco San Rossore,1.52,,,2.02
577,Stazione San Rossore,Ristorante La Greppia,Via Montanelli 66,2.22,Ristorante Da Stefano (Tirrenia),19.72,,,,,,,19.42
578,Piscina Comunale Camalich,Via Cisanello 170,Polo Fibonacci,6.31,,,,,,,,,1.92
579,Ristorante Il Mio Capriccio,McDonald's Pisa Aurelia,Stazione Leopolda,1.79,Pizzeria Pisanova,2.06,Via Aretino Spinello 11,2.04,Conad La Vettola,5.83,,,5.49
580,Via Gabriele Vettori 18,MD Discount Riglione,Hotel San Ranieri,2.09,,,,,,,,,4.15
581,Supermercato Coop Ghezzano,Stazione Leopolda,Parcheggio di Cisanello,5.04,Ristorante Tuscany 2,0.64,Via San Ranieri 9,1.14,Decathlon Pisa,1.82,McDonald's Barbaricina,7.18,5.36
582,Via Gabriele Vettori 18,Hotel Continental Tirrenia,Stazione Pisa Centrale,1.69,Facolta di Ingegneria Polo A,2.02,,,,,,,20.77
583,Via Aretino Spinello 11,Ipercoop Pisa,,,,,,,,,,,2.71
584,OBI Pisa,Parcheggio di Cisanello,Torre,4.86,Carrefour Express Pisanova,2.88,Ristorante Pizzeria Il Pellicano,1.29,Hotel Continental Tirrenia,16.08,Conad La Vettola,12.86,8.4
585,Centro Commerciale Darsena (Tirrenia),Centro Commerciale Pisanova,,,,,,,,,,,20.85
586,Piscina Comunale Camalich,Euronics Pisa Cisanello,,,,,,,,,,,5.03
587,MD Discount Riglione,Parcheggio Via Paparelli,Via Aretino Spinello 11,5.89,Universita di Pisa,1.15,Piscina Comunale Camalich,7.18,McDonald's Barbaricina,6.24,,,6.97
588,Supermercato Coop Ghezzano,Pizzeria Pisanova,Conad Metato,3.45,,,,,,,,,8.51
589,OBI Pisa,Stazione Pisa Centrale,Centro Commerciale Darsena (Tirrenia),17.57,,,,,,,,,19.34
590,Via Gabriele Vettori 18,Hotel San Ranieri,,,,,,,,,,,2.34
591,Supermercato Coop San Giusto,Via Aretino Spinello 11,MediaWorld Pisa,2.88,Ristorante Il Lago (Nodica),6.83,Parcheggio Migliarino,9.96,Ristorante Il Mio Capriccio,16.52,Stazione Leopolda,1.85,0.61
592,Via Cisanello 170,Conad La Vettola,,,,,,,,,,,7.96
593,Conad La Vettola,Parcheggio di Cisanello,MediaWorld Pisa,8.4,Via Montanelli 66,1.32,Stazione Pisa Centrale,1.52,Farmacia Cisanello,3.35,Carrefour Express Pisanova,1.52,1.25
594,Ristorante Galileo,Stazione San Rossore,Piscina Comunale Camalich,6.42,Decathlon Pisa,5.01,,,,,,,2.53
595,Supermercato Coop Ghezzano,Esselunga Cisanello,Universita di Pisa,4.83,Lidl Pisa,2.56,Parco San Rossore,0.79,Stazione Leopolda,1.35,Ristorante Il Rustichello - San Piero,5.73,8.39
596,Universita di Pisa,Hotel Continental Tirrenia,Parcheggio Porto di Marina,17.59,,,,,,,,,3.99
597,Ristorante Pizzeria Il Pellicano,Piscina Comunale Camalich,Facolta di Ingegneria Polo A,2.53,Eurospin Ospedaletto,7.29,Farmacia Cisanello,8.79,Parcheggio Migliarino,13.52,Stazione Pisa Centrale,15.33,4.2
598,OBI Pisa,Via Montanelli 66,Via Aretino Spinello 11,3.32,,,,,,,,,0.85
599,Ristorante Il Rustichello - San Piero,Ristorante Da Stefano (Tirrenia),Euronics Pisa Cisanello,7.66,,,,,,,,,19.34
600,Stazione Pisa Centrale,McDonald's Barbaricina,Ristorante Il Lago (Nodica),7.11,Conad Pian di Marco,9.26,Parcheggio Via Paparelli,5.49,,,,,6.98
601,Ristorante Tuscany 2,Centro Commerciale Pisanova,Ristorante Pizzeria Il Pellicano,2.46,,,,,,,,,1.61
602,McDonald's Pisa Aurelia,Parcheggio San Giuliano Terme,,,,,,,,,,,11.2
603,Parcheggio San Giuliano Terme,Centro Commerciale Pisanova,Ristorante Da Stefano (Tirrenia),27.37,Parcheggio di Cisanello,22.09,Decathlon Pisa,1.87,Supermercato Coop San Giusto,2.52,,,3.15
604,Via San Ranieri 9,Supermercato Coop San Giusto,Parcheggio San Giuliano Terme,8.14,,,,,,,,,10.79
605,Esselunga Cisanello,Lidl Pisa,,,,,,,,,,,3.73
606,Parco San Rossore,Ristorante Tuscany 2,Polo Fibonacci,2.85,Centro Commerciale Darsena (Tirrenia),20.69,,,,,,,20.89
607,Universita di Pisa,Centro Commerciale Pisanova,Ristorante Il Rustichello - San Piero,6.79,Euronics Pisa Cisanello,7.13,Esselunga Cisanello,0.94,Ristorante Il Lago (Nodica),7.18,,,7.44
608,Conad La Vettola,MediaWorld Pisa,Parcheggio Migliarino,12.13,Pizzeria Colignola,15.83,Carrefour Express Pisanova,2.45,Via del Borghetto 102,1.79,,,2.17
609,Euronics Pisa Cisanello,Via San Ranieri 9,OBI Pisa,4.51,Ristorante Il Mio Capriccio,3.64,Via Gabriele Vettori 18,2.15,Pizzeria Colignola,3.37,,,2.03
610,Ristorante Da Stefano (Tirrenia),MediaWorld Pisa,Carrefour Express Pisanova,20.36,Ristorante Il Mio Capriccio,0.91,Via San Ranieri 9,2.28,,,,,1.56
611,Hotel San Ranieri,Centro Commerciale Darsena (Tirrenia),Conad La Vettola,8.62,Via Aretino Spinello 11,5.98,Via Montanelli 66,0.88,Parcheggio di Cisanello,1.67,Ipercoop Pisa,1.81,22.19
612,Hotel Continental Tirrenia,MediaWorld Pisa,,,,,,,,,,,20.46
613,Via Gabriele Vettori 18,Eurospin Ospedaletto,Stazione San Rossore,2.29,Pizzeria Colignola,5.49,Hotel San Ranieri,1.59,Via Montanelli 66,2,Pizzeria Pisanova,1,6.92
614,Ristorante Il Lago (Nodica),Via San Ranieri 9,Stazione San Rossore,7.13,Ristorante Galileo,3.61,Piscina Comunale Camalich,5.63,Conad La Vettola,5.7,Parcheggio San Giuliano Terme,11.92,7.71
615,Farmacia Cisanello,Ristorante Tuscany 2,Hotel Continental Tirrenia,21.02,Conad Pian di Marco,14.59,Centro Commerciale Darsena (Tirrenia),17.84,OBI Pisa,16.92,Ristorante La Greppia,2.32,3.12
616,Ristorante La Greppia,OBI Pisa,Ristorante Da Stefano (Tirrenia),17.38,Ristorante Il Mio Capriccio,19.65,Conad Pian di Marco,3.09,Via San Ranieri 9,4.76,,,4.9
617,Conad Pian di Marco,Pizzeria Pisanova,Parcheggio Porto di Marina,12.21,Ristorante Pizzeria Il Pellicano,14.45,Via Gabriele Vettori 18,1.99,Hotel San Ranieri,2.04,,,1.21
618,Ristorante Da Stefano (Tirrenia),Ipercoop Pisa,Via San Ranieri 9,22.89,Centro Commerciale Pisanova,1.24,,,,,,,1
619,Decathlon Pisa,Stazione Leopolda,Supermercato Coop Ghezzano,6.35,,,,,,,,,5.91
620,Hotel Continental Tirrenia,Centro Commerciale Darsena (Tirrenia),Ristorante Da Stefano (Tirrenia),1.17,Parcheggio Migliarino,27.06,,,,,,,30.58
621,Conad Metato,Stazione Pisa Centrale,McDonald's Pisa Aurelia,12.33,Supermercato Coop San Giusto,0.9,MD Discount Riglione,5.25,Via del Borghetto 102,5.81,Facolta di Ingegneria Polo A,0.31,2.11
622,Euronics Pisa Cisanello,Facolta di Ingegneria Polo A,,,,,,,,,,,2.13
623,Eurospin Ospedaletto,Hotel Continental Tirrenia,Parcheggio Migliarino,19.37,Farmacia Cisanello,14.33,,,,,,,19.18
624,Via Gabriele Vettori 18,Ristorante Pizzeria Il Pellicano,,,,,,,,,,,2.03
625,Via San Ranieri 9,Ristorante Galileo,,,,,,,,,,,0.89
626,MD Discount Riglione,Via Angelo Battelli 5,Via San Ranieri 9,4.82,Conad La Vettola,8.2,Ristorante Il Mio Capriccio,7.98,,,,,2.23
627,Ristorante Pizzeria Il Pellicano,Universita di Pisa,,,,,,,,,,,2.63
628,Esselunga Cisanello,Conad Metato,Farmacia Cisanello,0.52,Supermercato Coop San Giusto,4.21,Ristorante Galileo,3.25,Parco San Rossore,3.95,Ristorante Il Rustichello - San Piero,3.52,12.69
629,Via Angelo Battelli 5,Ristorante Il Mio Capriccio,Parco San Rossore,2.35,,,,,,,,,2.63
630,Centro Commerciale Pisanova,Ristorante Galileo,Stazione San Rossore,2.92,Universita di Pisa,2.97,Via Gabriele Vettori 18,0.57,Conad La Vettola,7.31,Ristorante Da Stefano (Tirrenia),15.26,20.31
631,Via San Ranieri 9,Decathlon Pisa,,,,,,,,,,,2.04
632,Ristorante La Greppia,Ipercoop Pisa,Lidl Pisa,1.97,Euronics Pisa Cisanello,3.2,,,,,,,0.42
633,Stazione Pisa Centrale,OBI Pisa,Ristorante Tuscany 2,3.02,Conad Pian di Marco,4.88,,,,,,,0.69
634,Via Aretino Spinello 11,Conad Metato,MD Discount Riglione,6.25,McDonald's Barbaricina,10.41,Conad Pian di Marco,5.1,,,,,11.88
635,Ristorante Tuscany 2,Supermercato Coop San Giusto,MediaWorld Pisa,1.08,Ristorante La Greppia,1.82,McDonald's Pisa Aurelia,1.45,,,,,0.8
636,Parcheggio Porto di Marina,Carrefour Express Pisanova,Conad Metato,24,Centro Commerciale Darsena (Tirrenia),27.45,McDonald's Barbaricina,18.72,,,,,6.39
637,Polo Fibonacci,Parcheggio Via Paparelli,Carrefour Express Pisanova,1.71,,,,,,,,,3.44
638,OBI Pisa,Ristorante Galileo,Stazione San Rossore,2.11,Hotel Continental Tirrenia,17.81,,,,,,,20.63
639,Via del Borghetto 102,Ristorante Il Rustichello - San Piero,Ristorante Galileo,2.28,,,,,,,,,7.83
640,MD Discount Riglione,Parcheggio Via Paparelli,McDonald's Pisa Aurelia,5.53,,,,,,,,,5.3
641,Facolta di Ingegneria Polo A,Euronics Pisa Cisanello,Via Angelo Battelli 5,0.61,,,,,,,,,2.33
642,Torre,Via Angelo Battelli 5,,,,,,,,,,,1.29
643,Conad Metato,Hotel Galilei Pisa,,,,,,,,,,,12.7
644,Conad Pian di Marco,Via Gabriele Vettori 18,,,,,,,,,,,3.38
645,Eurospin Ospedaletto,Farmacia Cisanello,Centro Commerciale Pisanova,6.72,Parco San Rossore,3.32,Parcheggio Porto di Marina,13.17,,,,,17.7
646,Pizzeria Pisanova,McDonald's Barbaricina,Decathlon Pisa,0.79,Parcheggio Migliarino,15.31,,,,,,,11.64
647,Supermercato Coop Ghezzano,Pizzeria Pisanova,Ristorante Il Rustichello - San Piero,11.87,Ristorante Da Stefano (Tirrenia),13.91,,,,,,,20.04
648,McDonald's Pisa Aurelia,Conad La Vettola,Euronics Pisa Cisanello,3.2,Pizzeria Colignola,1.82,Stazione Pisa Centrale,4.51,Decathlon Pisa,1.69,Parcheggio Porto di Marina,16.15,10.64
649,Ristorante Il Mio Capriccio,Ristorante Galileo,Parcheggio Migliarino,14.89,Supermercato Coop Ghezzano,10.95,Carrefour Express Pisanova,6.24,Conad Pian di Marco,3.18,,,3.84
650,Via San Ranieri 9,Facolta di Ingegneria Polo A,Parcheggio Porto di Marina,16.48,MD Discount Riglione,15.9,MediaWorld Pisa,3.87,,,,,1.95
651,McDonald's Barbaricina,MD Discount Riglione,Centro Commerciale Pisanova,7.17,Ristorante Il Mio Capriccio,0.95,Conad Metato,10.57,Stazione Leopolda,9.3,,,5.43
652,Euronics Pisa Cisanello,Ristorante Il Rustichello - San Piero,Supermercato Coop San Giusto,3.19,,,,,,,,,3.95
653,Pizzeria Colignola,Polo Fibonacci,Farmacia Cisanello,1.49,Facolta di Ingegneria Polo A,1.99,,,,,,,0.27
654,Centro Commerciale Pisanova,Hotel Continental Tirrenia,Eurospin Ospedaletto,6.36,Via Gabriele Vettori 18,7.63,Via San Ranieri 9,1.64,,,,,19.29
655,Pizzeria Colignola,Ipercoop Pisa,Supermercato Coop San Giusto,4.67,Ristorante La Greppia,0.86,Centro Commerciale Pisanova,2.24,Farmacia Cisanello,1.24,Esselunga Cisanello,0.49,1.55
656,Ristorante Tuscany 2,Parcheggio di Cisanello,Farmacia Cisanello,0.65,Ristorante La Greppia,3.29,Parcheggio Via Paparelli,4.99,Torre,2.28,,,3.44
657,Esselunga Cisanello,Via del Borghetto 102,MediaWorld Pisa,1.15,Eurospin Ospedaletto,6.28,Ristorante Da Stefano (Tirrenia),13.92,,,,,21.26
658,Facolta di Ingegneria Polo A,McDonald's Pisa Aurelia,,,,,,,,,,,3.29
659,Via Aretino Spinello 11,Hotel Galilei Pisa,Decathlon Pisa,2.11,MediaWorld Pisa,0.3,,,,,,,4.41
660,Hotel Continental Tirrenia,Ristorante Da Stefano (Tirrenia),Centro Commerciale Pisanova,19.56,Stazione Pisa Centrale,1.99,,,,,,,19.36
661,Ristorante Galileo,Via del Borghetto 102,,,,,,,,,,,1.98
662,Conad La Vettola,Ristorante Il Rustichello - San Piero,MediaWorld Pisa,8.23,Facolta di Ingegneria Polo A,2.12,Pizzeria Pisanova,1.6,,,,,6.28
663,Conad Pian di Marco,Carrefour Express Pisanova,Stazione Pisa Centrale,1.7,Hotel San Ranieri,3.07,Ristorante Il Lago (Nodica),6.62,Ristorante Il Rustichello - San Piero,11.43,McDonald's Pisa Aurelia,3.74,3.04
664,Via Gabriele Vettori 18,OBI Pisa,Supermercato Coop Ghezzano,5.11,Via Cisanello 170,5.08,Carrefour Express Pisanova,0.96,,,,,4.38
665,Pizzeria Colignola,Parcheggio Migliarino,Carrefour Express Pisanova,2.65,Centro Commerciale Pisanova,0.39,Via San Ranieri 9,1.15,,,,,13.2
666,Hotel San Ranieri,Ristorante Galileo,Parco San Rossore,4.1,Eurospin Ospedaletto,5.25,Parcheggio Porto di Marina,10.35,Ristorante Il Rustichello - San Piero,10.1,Stazione Leopolda,5.22,2.19
667,Lidl Pisa,Hotel San Ranieri,,,,,,,,,,,3.44
668,Esselunga Cisanello,Supermercato Coop San Giusto,,,,,,,,,,,3.72
669,Hotel Galilei Pisa,Parco San Rossore,Stazione San Rossore,3.58,,,,,,,,,0.31
670,Via Aretino Spinello 11,Farmacia Cisanello,Hotel Galilei Pisa,4.09,Torre,5.82,Hotel San Ranieri,3.62,Carrefour Express Pisanova,1.52,Lidl Pisa,2.3,4.08
671,Euronics Pisa Cisanello,Ristorante Pizzeria Il Pellicano,Parcheggio Porto di Marina,17.94,,,,,,,,,15.76
672,Lidl Pisa,Hotel Galilei Pisa,Parcheggio Via Paparelli,4.09,Decathlon Pisa,3.82,,,,,,,4.13
673,Ristorante Da Stefano (Tirrenia),McDonald's Pisa Aurelia,,,,,,,,,,,17.94
674,Supermercato Coop Ghezzano,Parcheggio Via Paparelli,Eurospin Ospedaletto,13.28,Ristorante La Greppia,4.78,Parco San Rossore,1.79,Via del Borghetto 102,3.18,Hotel Galilei Pisa,5.88,7.12
675,Lidl Pisa,Stazione Leopolda,Parcheggio Porto di Marina,14.65,Via Angelo Battelli 5,17.34,Hotel Continental Tirrenia,19.36,Via San Ranieri 9,21.07,,,2.49
676,Supermercato Coop San Giusto,Parcheggio Porto di Marina,Via Aretino Spinello 11,1.8,Farmacia Cisanello,2.56,,,,,,,18.06
677,Euronics Pisa Cisanello,MD Discount Riglione,,,,,,,,,,,3.29
678,Ristorante La Greppia,Eurospin Ospedaletto,Parcheggio San Giuliano Terme,10.48,Stazione Pisa Centrale,10.8,Ristorante Galileo,2.55,OBI Pisa,5.12,Polo Fibonacci,4.26,7.15
679,Supermercato Coop Ghezzano,Parcheggio San Giuliano Terme,MD Discount Riglione,8.6,Decathlon Pisa,3.79,Hotel San Ranieri,2.07,Parcheggio Migliarino,13.49,,,9.58
680,Parcheggio Porto di Marina,Hotel Galilei Pisa,Lidl Pisa,15.24,Polo Fibonacci,2.08,Ristorante Il Lago (Nodica),5.89,Hotel Continental Tirrenia,25.37,Via Cisanello 170,21.61,4.99
681,Ristorante Galileo,Ristorante Pizzeria Il Pellicano,,,,,,,,,,,1.98
682,Decathlon Pisa,Via Montanelli 66,,,,,,,,,,,1.23
683,Via Gabriele Vettori 18,Ristorante Il Mio Capriccio,,,,,,,,,,,2.23
684,Supermercato Coop Ghezzano,Hotel Galilei Pisa,,,,,,,,,,,10.18
685,Euronics Pisa Cisanello,Supermercato Coop San Giusto,Carrefour Express Pisanova,0.85,Stazione Leopolda,1.62,,,,,,,1.27
686,Torre,Ipercoop Pisa,Supermercato Coop Ghezzano,5.17,Stazione San Rossore,7.57,,,,,,,3.35
687,Stazione Pisa Centrale,MD Discount Riglione,,,,,,,,,,,5.02
688,Pizzeria Pisanova,Hotel Continental Tirrenia,Ristorante Galileo,0.4,,,,,,,,,18.06
689,Parcheggio Migliarino,Supermercato Coop Ghezzano,McDonald's Barbaricina,10.85,Polo Fibonacci,6.23,Ristorante Tuscany 2,2.34,Conad Metato,9.99,,,3.33
690,Parcheggio Via Paparelli,Ristorante Tuscany 2,MD Discount Riglione,6.63,Universita di Pisa,5.76,,,,,,,2.06
691,Stazione Leopolda,Universita di Pisa,,,,,,,,,,,1.72
692,Facolta di Ingegneria Polo A,Via Cisanello 170,Parcheggio Migliarino,12.28,McDonald's Pisa Aurelia,15.52,Ristorante Galileo,3.84,,,,,0.55
693,Decathlon Pisa,McDonald's Pisa Aurelia,Stazione Pisa Centrale,1.61,Parcheggio Porto di Marina,15.15,,,,,,,14.77
694,Eurospin Ospedaletto,Ristorante Il Lago (Nodica),Via Angelo Battelli 5,6.43,Lidl Pisa,1.4,Decathlon Pisa,2.74,,,,,7.1
695,Stazione Pisa Centrale,Via Angelo Battelli 5,Ristorante Il Mio Capriccio,1.47,Hotel San Ranieri,2.1,Decathlon Pisa,1.91,,,,,2.01
696,Ristorante Il Lago (Nodica),Centro Commerciale Darsena (Tirrenia),,,,,,,,,,,27.4
697,Via Montanelli 66,Via Gabriele Vettori 18,McDonald's Barbaricina,6.65,Parcheggio Porto di Marina,11.88,Parco San Rossore,14.1,Universita di Pisa,3.03,Ristorante Il Rustichello - San Piero,6.27,6.05
698,Via del Borghetto 102,Ristorante Da Stefano (Tirrenia),Parcheggio Migliarino,13.88,Carrefour Express Pisanova,15.45,Ristorante Pizzeria Il Pellicano,1.4,MediaWorld Pisa,1.19,,,20.56
699,Stazione San Rossore,Parcheggio San Giuliano Terme,Stazione Pisa Centrale,0.97,Hotel Galilei Pisa,3.01,Pizzeria Colignola,6.73,Supermercato Coop Ghezzano,6.42,,,2.83
700,MD Discount Riglione,Parcheggio Migliarino,Facolta di Ingegneria Polo A,5.94,Stazione Pisa Centrale,1.96,Pizzeria Pisanova,2.21,Supermercato Coop Ghezzano,6.14,Torre,4.67,11.85
701,Ristorante Galileo,Lidl Pisa,Parcheggio di Cisanello,0.66,Via Cisanello 170,0.14,Euronics Pisa Cisanello,1.13,Farmacia Cisanello,1.54,,,3.66
702,Conad Pian di Marco,Supermercato Coop Ghezzano,Parcheggio Migliarino,14.16,Ristorante La Greppia,15.43,Parcheggio Via Paparelli,5.17,Ristorante Tuscany 2,3.22,,,5.95
703,Farmacia Cisanello,Carrefour Express Pisanova,Parcheggio San Giuliano Terme,8.03,Universita di Pisa,7.03,Euronics Pisa Cisanello,2.21,Lidl Pisa,3.27,MediaWorld Pisa,2.54,0.57
704,Parcheggio Via Paparelli,Via Angelo Battelli 5,Via Aretino Spinello 11,3.19,,,,,,,,,0.36
705,Conad La Vettola,McDonald's Pisa Aurelia,Ristorante Il Rustichello - San Piero,2.91,Conad Metato,14.51,Conad Pian di Marco,12.2,,,,,0.26
706,Supermercato Coop Ghezzano,Via Gabriele Vettori 18,Decathlon Pisa,6.83,Ristorante Il Mio Capriccio,0.26,Stazione Leopolda,1.81,,,,,1.12
707,Parcheggio di Cisanello,Parcheggio Migliarino,Conad Metato,8.63,Ristorante Pizzeria Il Pellicano,11.27,Piscina Comunale Camalich,4,,,,,16.62
708,Facolta di Ingegneria Polo A,Stazione Pisa Centrale,,,,,,,,,,,1.94
709,Parcheggio San Giuliano Terme,Stazione San Rossore,Lidl Pisa,9.01,Stazione Pisa Centrale,1.11,,,,,,,0.99
710,Parcheggio Migliarino,MediaWorld Pisa,Ristorante Pizzeria Il Pellicano,15.25,,,,,,,,,1.18
711,Parcheggio Porto di Marina,Via Aretino Spinello 11,Via del Borghetto 102,16.9,Facolta di Ingegneria Polo A,0.31,Pizzeria Pisanova,1.63,Eurospin Ospedaletto,7,,,6.82
712,Stazione San Rossore,Ristorante Il Rustichello - San Piero,Piscina Comunale Camalich,4.26,Ristorante Il Mio Capriccio,5.15,Via Gabriele Vettori 18,2.16,Torre,1.24,,,6.19
713,Decathlon Pisa,Stazione Pisa Centrale,Pizzeria Pisanova,0.83,Farmacia Cisanello,1.18,Parcheggio Porto di Marina,17.88,,,,,13.98
714,Via Montanelli 66,Via Aretino Spinello 11,Eurospin Ospedaletto,6.87,Polo Fibonacci,7.69,Piscina Comunale Camalich,6.39,Supermercato Coop San Giusto,3.99,MD Discount Riglione,5.55,6.26
715,Euronics Pisa Cisanello,Centro Commerciale Darsena (Tirrenia),Carrefour Express Pisanova,0.84,Via del Borghetto 102,1.91,Ipercoop Pisa,2.91,Ristorante Tuscany 2,1.28,,,21.95
716,Supermercato Coop San Giusto,Centro Commerciale Pisanova,,,,,,,,,,,2.66
717,Stazione Pisa Centrale,Lidl Pisa,Conad Pian di Marco,1.8,,,,,,,,,2.13
718,Ristorante Galileo,Eurospin Ospedaletto,,,,,,,,,,,7.3
719,Via del Borghetto 102,Via Aretino Spinello 11,Pizzeria Pisanova,2.16,Conad Pian di Marco,4.02,,,,,,,2.61
720,Via Aretino Spinello 11,Via Angelo Battelli 5,Eurospin Ospedaletto,6.17,Conad Metato,15.51,Pizzeria Colignola,10.25,Parcheggio Porto di Marina,19.77,MD Discount Riglione,19.3,5.48
721,Facolta di Ingegneria Polo A,Hotel Continental Tirrenia,McDonald's Pisa Aurelia,3.38,Universita di Pisa,4.26,Stazione Pisa Centrale,2.26,Carrefour Express Pisanova,1.69,,,18.93
722,Ristorante Tuscany 2,Centro Commerciale Pisanova,Torre,3.57,McDonald's Pisa Aurelia,3.99,Ristorante Il Rustichello - San Piero,3.66,,,,,6.9
723,Parcheggio Via Paparelli,Hotel Continental Tirrenia,MD Discount Riglione,7.29,Supermercato Coop Ghezzano,9.03,,,,,,,25.88
724,Hotel Continental Tirrenia,Parcheggio Via Paparelli,Via San Ranieri 9,20.17,Ristorante Tuscany 2,1.03,Ristorante Galileo,0.56,,,,,2.9
725,Decathlon Pisa,Hotel Continental Tirrenia,Conad Pian di Marco,2.94,Eurospin Ospedaletto,3.86,Hotel Galilei Pisa,2.16,Euronics Pisa Cisanello,4.87,Pizzeria Pisanova,0.64,19.44
726,Parco San Rossore,MediaWorld Pisa,Via Aretino Spinello 11,1.76,Parcheggio di Cisanello,2.56,Hotel Galilei Pisa,5.86,,,,,4.53
727,Parco San Rossore,Hotel Galilei Pisa,,,,,,,,,,,3.02
728,Farmacia Cisanello,Ristorante Pizzeria Il Pellicano,Lidl Pisa,4.08,Pizzeria Pisanova,2.63,Centro Commerciale Darsena (Tirrenia),20.57,Supermercato Coop Ghezzano,27.94,,,6.96
729,Parcheggio Migliarino,Via Gabriele Vettori 18,,,,,,,,,,,13.15
730,Supermercato Coop San Giusto,Via Montanelli 66,Centro Commerciale Darsena (Tirrenia),18.14,Parco San Rossore,18.66,Conad Pian di Marco,1.47,,,,,3.07
731,Via Aretino Spinello 11,Parcheggio Via Paparelli,Pizzeria Colignola,3.83,Ristorante Pizzeria Il Pellicano,3.54,,,,,,,4.3
732,McDonald's Pisa Aurelia,Via Cisanello 170,Hotel Galilei Pisa,1.77,Parcheggio Via Paparelli,7.37,Parcheggio di Cisanello,2.62,MD Discount Riglione,4.63,Esselunga Cisanello,4.25,0.46
733,Supermercato Coop San Giusto,Ristorante Pizzeria Il Pellicano,,,,,,,,,,,1.51
734,Via Gabriele Vettori 18,Via Angelo Battelli 5,Polo Fibonacci,0.59,Facolta di Ingegneria Polo A,0.29,Ristorante Galileo,1.85,,,,,1.98
735,Ristorante Da Stefano (Tirrenia),Stazione Pisa Centrale,Via Aretino Spinello 11,17.65,,,,,,,,,1.22
736,Ristorante Pizzeria Il Pellicano,Via Montanelli 66,Carrefour Express Pisanova,1.51,,,,,,,,,0.74
737,Universita di Pisa,Ristorante Galileo,,,,,,,,,,,2
738,Supermercato Coop San Giusto,Via Angelo Battelli 5,Via Montanelli 66,2.19,,,,,,,,,0.75
739,Centro Commerciale Pisanova,Parcheggio San Giuliano Terme,,,,,,,,,,,8.61
740,McDonald's Pisa Aurelia,Torre,Via Cisanello 170,4.63,Decathlon Pisa,1.61,Ristorante Il Lago (Nodica),7.55,,,,,5.24
741,Via del Borghetto 102,Parco San Rossore,OBI Pisa,4.29,,,,,,,,,1.69
742,Via del Borghetto 102,Ristorante Galileo,Piscina Comunale Camalich,6.71,,,,,,,,,5.95
743,Centro Commerciale Darsena (Tirrenia),Via Gabriele Vettori 18,,,,,,,,,,,23.03
744,Lidl Pisa,Pizzeria Pisanova,Polo Fibonacci,2.2,,,,,,,,,1.82
745,Centro Commerciale Pisanova,Stazione San Rossore,Supermercato Coop Ghezzano,6.03,Ristorante Pizzeria Il Pellicano,7.41,Piscina Comunale Camalich,4.07,Hotel Galilei Pisa,1.38,,,3.54
746,Hotel Continental Tirrenia,Stazione Pisa Centrale,Polo Fibonacci,19.44,Conad La Vettola,7.93,,,,,,,6.13
747,McDonald's Barbaricina,Ipercoop Pisa,Eurospin Ospedaletto,6.36,,,,,,,,,6.47
748,Pizzeria Colignola,Stazione San Rossore,Ristorante Pizzeria Il Pellicano,3.34,,,,,,,,,1.86
749,Centro Commerciale Pisanova,Conad La Vettola,Universita di Pisa,1.74,McDonald's Barbaricina,6.27,Supermercato Coop Ghezzano,9.81,Ristorante La Greppia,7.69,Conad Pian di Marco,1.42,5.5
750,Centro Commerciale Pisanova,Via Aretino Spinello 11,Euronics Pisa Cisanello,0.55,Pizzeria Colignola,2.13,Parcheggio di Cisanello,1.56,,,,,2.47
751,Polo Fibonacci,Ristorante Da Stefano (Tirrenia),McDonald's Pisa Aurelia,3.63,Conad La Vettola,5.78,Ristorante Il Rustichello - San Piero,2.5,Via del Borghetto 102,6.81,,,20.2
752,MD Discount Riglione,Ristorante Il Lago (Nodica),Parcheggio Via Paparelli,7.04,Parcheggio Porto di Marina,20.6,McDonald's Pisa Aurelia,14.24,Pizzeria Pisanova,3.26,Ipercoop Pisa,0.95,8.12
753,Conad Pian di Marco,Conad La Vettola,Stazione Pisa Centrale,1.79,Via del Borghetto 102,2.23,Carrefour Express Pisanova,1.86,Via Gabriele Vettori 18,1.5,,,6.28
754,Torre,Hotel San Ranieri,Pizzeria Pisanova,3.35,Ristorante Da Stefano (Tirrenia),20.09,Hotel Galilei Pisa,14.4,,,,,6.18
755,Parcheggio Migliarino,Parcheggio Via Paparelli,Esselunga Cisanello,15.49,MD Discount Riglione,3.67,Conad Pian di Marco,6.33,Hotel San Ranieri,5.39,,,2.53
756,Via Angelo Battelli 5,McDonald's Barbaricina,Supermercato Coop Ghezzano,5.91,,,,,,,,,8.54
757,Stazione Leopolda,Centro Commerciale Pisanova,Hotel Galilei Pisa,3.41,Conad Metato,12.55,Polo Fibonacci,7.28,Via San Ranieri 9,1.47,,,1.11
758,Conad Pian di Marco,Pizzeria Pisanova,,,,,,,,,,,3.93
759,Centro Commerciale Pisanova,Parcheggio Porto di Marina,OBI Pisa,4.53,Parco San Rossore,1.87,MD Discount Riglione,6.66,Conad La Vettola,11.64,,,10
760,Via Angelo Battelli 5,Parcheggio Via Paparelli,Conad La Vettola,6.84,Via Gabriele Vettori 18,6.77,Via Cisanello 170,1.85,Parcheggio Migliarino,15.33,,,11.96
761,Ristorante Pizzeria Il Pellicano,Ristorante Galileo,Conad La Vettola,7.45,Centro Commerciale Darsena (Tirrenia),17.38,Via Angelo Battelli 5,20.35,,,,,2.11
762,Hotel San Ranieri,Euronics Pisa Cisanello,Piscina Comunale Camalich,6.63,Conad Metato,15.42,,,,,,,10.45
763,Conad Pian di Marco,Via Angelo Battelli 5,Centro Commerciale Pisanova,3.31,Pizzeria Colignola,2.06,,,,,,,3.83
764,Ristorante Galileo,Parcheggio Migliarino,,,,,,,,,,,16.45
765,Parco San Rossore,Ristorante Pizzeria Il Pellicano,Eurospin Ospedaletto,4.52,Via Angelo Battelli 5,7.21,Stazione Pisa Centrale,1.38,Universita di Pisa,2.07,,,2.47
766,McDonald's Barbaricina,Supermercato Coop Ghezzano,Hotel Galilei Pisa,5.82,,,,,,,,,9.47
767,Polo Fibonacci,Hotel San Ranieri,Conad Metato,8.49,Carrefour Express Pisanova,8.73,Hotel Continental Tirrenia,17.97,Stazione Leopolda,18.7,,,2.67
768,Ipercoop Pisa,Supermercato Coop San Giusto,Ristorante Il Rustichello - San Piero,6.58,Stazione Pisa Centrale,5.01,Via del Borghetto 102,2.51,Supermercato Coop Ghezzano,4.3,Ristorante La Greppia,8.09,0.84
769,Farmacia Cisanello,Parcheggio di Cisanello,Pizzeria Colignola,1.3,Stazione San Rossore,5.33,Hotel San Ranieri,3.78,Conad Metato,8.07,Parcheggio San Giuliano Terme,0.5,7.78
770,Ristorante Galileo,Lidl Pisa,Ristorante Il Mio Capriccio,1.44,Decathlon Pisa,0.23,Conad Metato,9.12,Parcheggio di Cisanello,9.08,,,3.44
771,Farmacia Cisanello,Stazione San Rossore,Pizzeria Colignola,1.42,,,,,,,,,5.2
772,Hotel Continental Tirrenia,Parcheggio Via Paparelli,,,,,,,,,,,19.54
773,Ristorante Pizzeria Il Pellicano,Stazione San Rossore,Pizzeria Pisanova,1.59,MediaWorld Pisa,0.51,Hotel Galilei Pisa,4.52,,,,,2.96
774,Decathlon Pisa,Hotel Galilei Pisa,Torre,3.74,Via Cisanello 170,3.24,Conad Pian di Marco,4.66,,,,,1.74
775,Supermercato Coop Ghezzano,Via Angelo Battelli 5,,,,,,,,,,,5.43
776,Centro Commerciale Darsena (Tirrenia),Pizzeria Colignola,Piscina Comunale Camalich,16.82,,,,,,,,,7.97
777,Ristorante Il Mio Capriccio,Facolta di Ingegneria Polo A,,,,,,,,,,,2.33
778,Polo Fibonacci,Facolta di Ingegneria Polo A,Supermercato Coop San Giusto,2.86,Conad La Vettola,5.41,Ristorante La Greppia,5.92,Eurospin Ospedaletto,5.05,,,6.87
779,Parcheggio di Cisanello,Torre,McDonald's Barbaricina,6.96,Conad Metato,12.25,,,,,,,8.42
780,Ipercoop Pisa,Ristorante La Greppia,,,,,,,,,,,2.12
781,Farmacia Cisanello,Ristorante Tuscany 2,,,,,,,,,,,0.6
782,Parcheggio Migliarino,Hotel Continental Tirrenia,Parcheggio Porto di Marina,22.1,Via Gabriele Vettori 18,17.41,OBI Pisa,3.84,Hotel Galilei Pisa,1.33,,,15.78
783,McDonald's Pisa Aurelia,Hotel San Ranieri,Decathlon Pisa,2.87,Ristorante Galileo,1.17,Ristorante Tuscany 2,0.53,Parcheggio di Cisanello,0.74,Stazione Pisa Centrale,3.12,3.53
784,Conad Metato,Universita di Pisa,Hotel Continental Tirrenia,27.3,Conad Pian di Marco,15.45,Via San Ranieri 9,4.31,Ristorante La Greppia,3,Ristorante Galileo,2.66,1.96
785,Torre,Parcheggio di Cisanello,Pizzeria Pisanova,2.86,Conad Metato,9.87,,,,,,,8.99
786,Parcheggio di Cisanello,OBI Pisa,MediaWorld Pisa,1.48,Ipercoop Pisa,0.56,Via Aretino Spinello 11,2.64,MD Discount Riglione,6.14,Via Montanelli 66,4.69,3.8
787,Pizzeria Colignola,Parcheggio Migliarino,McDonald's Pisa Aurelia,5.89,Supermercato Coop Ghezzano,9.02,Facolta di Ingegneria Polo A,5.02,,,,,13.14
788,Conad Pian di Marco,Hotel Galilei Pisa,Stazione San Rossore,1.45,Pizzeria Colignola,5.4,,,,,,,6.17
789,Via del Borghetto 102,Parco San Rossore,Supermercato Coop San Giusto,3,Conad Pian di Marco,0.92,Piscina Comunale Camalich,2.85,,,,,4.45
790,Stazione Leopolda,Conad La Vettola,Parcheggio Porto di Marina,15.03,Piscina Comunale Camalich,12.9,,,,,,,6.19
791,MediaWorld Pisa,MD Discount Riglione,Conad Metato,9.88,Parcheggio Via Paparelli,6.75,Pizzeria Pisanova,3.42,,,,,3.89
792,Ristorante Da Stefano (Tirrenia),McDonald's Pisa Aurelia,MediaWorld Pisa,20.11,Ristorante Pizzeria Il Pellicano,1.23,,,,,,,1.96
793,Ristorante Galileo,Conad Pian di Marco,Centro Commerciale Pisanova,0.38,,,,,,,,,3.43
794,Lidl Pisa,Hotel San Ranieri,Supermercato Coop Ghezzano,7.01,OBI Pisa,9.1,Via del Borghetto 102,4.09,Via San Ranieri 9,1.56,,,0.5
795,Via Gabriele Vettori 18,Pizzeria Pisanova,Via Angelo Battelli 5,0.26,Universita di Pisa,0.97,,,,,,,1.68
796,Hotel Continental Tirrenia,Lidl Pisa,Via Cisanello 170,20.72,MD Discount Riglione,4.18,Ristorante La Greppia,4.83,Carrefour Express Pisanova,1.79,,,2.5
797,Centro Commerciale Darsena (Tirrenia),Ristorante Il Lago (Nodica),,,,,,,,,,,24.75
798,Via Aretino Spinello 11,Stazione San Rossore,,,,,,,,,,,1.64
799,Euronics Pisa Cisanello,Centro Commerciale Darsena (Tirrenia),Conad Pian di Marco,3.77,Hotel Continental Tirrenia,15.23,Pizzeria Colignola,20.32,,,,,24.33
800,Parcheggio Migliarino,Polo Fibonacci,McDonald's Barbaricina,11.23,,,,,,,,,6.32
801,Parcheggio di Cisanello,Ristorante Tuscany 2,Parcheggio Via Paparelli,2.47,Stazione San Rossore,4.47,Ristorante Il Mio Capriccio,2.39,,,,,1.6
802,Ristorante Da Stefano (Tirrenia),Ipercoop Pisa,Parcheggio Porto di Marina,5.03,Lidl Pisa,16,Hotel San Ranieri,3.85,Via Montanelli 66,2.06,OBI Pisa,4.1,3.93
803,McDonald's Barbaricina,Hotel Continental Tirrenia,Parcheggio di Cisanello,7.75,Via Montanelli 66,1.7,Decathlon Pisa,1.33,Centro Commerciale Darsena (Tirrenia),21.03,MD Discount Riglione,21.03,19.17
804,Via Gabriele Vettori 18,Parcheggio Migliarino,McDonald's Barbaricina,5.54,,,,,,,,,11.36
805,Stazione Pisa Centrale,Euronics Pisa Cisanello,Ristorante Da Stefano (Tirrenia),17.22,Parco San Rossore,17.71,Polo Fibonacci,3.13,Via Cisanello 170,1.83,,,1.21
806,Stazione Pisa Centrale,Parcheggio di Cisanello,Via Angelo Battelli 5,1.59,Supermercato Coop Ghezzano,5.23,Conad Pian di Marco,9.01,,,,,4.64
807,Parcheggio Via Paparelli,Parcheggio San Giuliano Terme,,,,,,,,,,,5.64
808,Ristorante Il Lago (Nodica),Supermercato Coop San Giusto,Conad Pian di Marco,9.26,Universita di Pisa,3.67,Polo Fibonacci,0.1,Hotel San Ranieri,1.83,Conad La Vettola,9.05,5.97
809,Universita di Pisa,Decathlon Pisa,MD Discount Riglione,5.51,,,,,,,,,3.86
810,Via Montanelli 66,Euronics Pisa Cisanello,,,,,,,,,,,1.53
811,Parcheggio di Cisanello,Via del Borghetto 102,Via Montanelli 66,1.47,,,,,,,,,1.18
812,Via del Borghetto 102,MediaWorld Pisa,Stazione Leopolda,1.72,Conad La Vettola,6.6,Pizzeria Pisanova,8.25,,,,,0.45
813,Supermercato Coop San Giusto,OBI Pisa,Via Gabriele Vettori 18,2.74,McDonald's Barbaricina,6.16,Parcheggio di Cisanello,7.26,MD Discount Riglione,4.06,,,6.1
814,Stazione San Rossore,Ristorante Tuscany 2,Carrefour Express Pisanova,2.5,Farmacia Cisanello,1.32,,,,,,,0.72
815,Conad La Vettola,Parcheggio Porto di Marina,,,,,,,,,,,11.27
816,Centro Commerciale Pisanova,Parcheggio di Cisanello,Supermercato Coop Ghezzano,6.03,Lidl Pisa,7.18,Parcheggio Porto di Marina,15.69,Polo Fibonacci,17.36,,,1.81
817,Conad Pian di Marco,Parcheggio Porto di Marina,Euronics Pisa Cisanello,3.33,Decathlon Pisa,0.61,Ristorante Da Stefano (Tirrenia),19.74,Hotel San Ranieri,19.35,,,19.56
818,Parcheggio Migliarino,Via San Ranieri 9,,,,,,,,,,,14.81
819,Stazione Leopolda,Parcheggio di Cisanello,Eurospin Ospedaletto,5.58,Farmacia Cisanello,7.47,Euronics Pisa Cisanello,1.5,Via Gabriele Vettori 18,2.43,,,2.16
820,Centro Commerciale Pisanova,Hotel Continental Tirrenia,Ristorante Tuscany 2,0.85,Ristorante Pizzeria Il Pellicano,2.28,,,,,,,16.93
821,Via Cisanello 170,Via del Borghetto 102,Eurospin Ospedaletto,8.11,Farmacia Cisanello,7.75,Parcheggio Migliarino,16.41,Ristorante Da Stefano (Tirrenia),28.82,,,19.31
822,Conad La Vettola,Hotel Continental Tirrenia,Stazione San Rossore,5.09,Ristorante Il Mio Capriccio,2.43,Polo Fibonacci,2.45,MediaWorld Pisa,2.38,,,20.18
823,Conad Metato,Parco San Rossore,Farmacia Cisanello,8.64,Esselunga Cisanello,0.53,McDonald's Barbaricina,8.2,,,,,4.28
824,Stazione Leopolda,Parcheggio Migliarino,Facolta di Ingegneria Polo A,1.31,McDonald's Barbaricina,6.25,Pizzeria Pisanova,6.62,Via Aretino Spinello 11,2.02,,,13.64
825,MD Discount Riglione,OBI Pisa,Parco San Rossore,6.52,Ristorante Da Stefano (Tirrenia),18.17,Lidl Pisa,19.63,,,,,2.35
826,Ristorante Il Rustichello - San Piero,Conad Pian di Marco,Ristorante Galileo,7.61,Ristorante Il Lago (Nodica),6.36,Ristorante Da Stefano (Tirrenia),24.95,Hotel San Ranieri,21.67,,,5.09
827,Ipercoop Pisa,Supermercato Coop San Giusto,MD Discount Riglione,3.38,OBI Pisa,6.2,Ristorante Da Stefano (Tirrenia),16.11,Via Cisanello 170,20.7,Ristorante Galileo,0.51,3.2
828,Ipercoop Pisa,Farmacia Cisanello,Parcheggio Via Paparelli,4.32,,,,,,,,,2.78
829,Parcheggio Via Paparelli,Via Angelo Battelli 5,Universita di Pisa,1.99,Stazione Leopolda,1.78,Pizzeria Colignola,4.19,Parco San Rossore,5.87,,,2.35
830,Via Angelo Battelli 5,Hotel Galilei Pisa,Ristorante Il Mio Capriccio,2.17,Ristorante Pizzeria Il Pellicano,0.71,McDonald's Barbaricina,5.58,Centro Commerciale Pisanova,7.61,,,4.86
831,Hotel Continental Tirrenia,Ristorante Il Rustichello - San Piero,Parcheggio di Cisanello,19.51,Ristorante Da Stefano (Tirrenia),22.71,,,,,,,12.66
832,Parcheggio Migliarino,McDonald's Barbaricina,Farmacia Cisanello,15.61,Ipercoop Pisa,1.73,,,,,,,7.79
833,MD Discount Riglione,Hotel San Ranieri,Centro Commerciale Pisanova,4.27,Parcheggio Porto di Marina,18.04,Ristorante Il Lago (Nodica),20.7,,,,,6.95
834,Via Gabriele Vettori 18,Esselunga Cisanello,Hotel Continental Tirrenia,17.73,,,,,,,,,21.83
835,Parcheggio Migliarino,Hotel Galilei Pisa,Lidl Pisa,12.8,Facolta di Ingegneria Polo A,2.22,Conad Pian di Marco,3.82,,,,,1.87
836,McDonald's Barbaricina,Pizzeria Colignola,Piscina Comunale Camalich,7.19,Via Montanelli 66,5.33,Via Gabriele Vettori 18,0.69,,,,,3.97
837,OBI Pisa,Via Aretino Spinello 11,Lidl Pisa,2.55,,,,,,,,,1.16
838,Via San Ranieri 9,Conad Metato,Pizzeria Colignola,2.21,Via del Borghetto 102,3.55,Via Montanelli 66,1.13,Ristorante Pizzeria Il Pellicano,1.33,McDonald's Pisa Aurelia,1.89,12.27
839,McDonald's Pisa Aurelia,Stazione San Rossore,Carrefour Express Pisanova,3.46,Conad Metato,9.83,Ristorante Il Mio Capriccio,10.9,,,,,2.74
840,Conad Metato,Universita di Pisa,,,,,,,,,,,8.25
841,Via Angelo Battelli 5,Parcheggio Porto di Marina,,,,,,,,,,,15.7
842,Stazione San Rossore,Carrefour Express Pisanova,McDonald's Barbaricina,4.05,Parcheggio di Cisanello,7.3,Farmacia Cisanello,0.36,Polo Fibonacci,2.15,Lidl Pisa,2.22,2.48
843,Centro Commerciale Darsena (Tirrenia),Ipercoop Pisa,Decathlon Pisa,19.55,Esselunga Cisanello,1.42,Ristorante Tuscany 2,0.17,,,,,1.32
844,Esselunga Cisanello,Farmacia Cisanello,Ipercoop Pisa,1.37,Ristorante Da Stefano (Tirrenia),17.73,Eurospin Ospedaletto,13.71,Piscina Comunale Camalich,1.27,,,7.13
845,Centro Commerciale Pisanova,Piscina Comunale Camalich,Ristorante Il Lago (Nodica),6.97,McDonald's Barbaricina,8.17,Centro Commerciale Darsena (Tirrenia),18.91,,,,,16.96
846,MD Discount Riglione,McDonald's Barbaricina,Farmacia Cisanello,4.44,Via San Ranieri 9,0.59,Via Aretino Spinello 11,2.17,,,,,5.12
847,Parcheggio Porto di Marina,Ristorante Pizzeria Il Pellicano,Parco San Rossore,13.32,Via Cisanello 170,3.69,,,,,,,2.32
848,Ristorante Galileo,Pizzeria Pisanova,Ristorante Pizzeria Il Pellicano,2,Centro Commerciale Darsena (Tirrenia),18.14,Via Gabriele Vettori 18,23.03,,,,,1.57
849,Ristorante Da Stefano (Tirrenia),Facolta di Ingegneria Polo A,,,,,,,,,,,19.57
850,Polo Fibonacci,Pizzeria Colignola,Stazione Leopolda,1.64,Piscina Comunale Camalich,4.71,MD Discount Riglione,5.54,,,,,3.54
851,Via Angelo Battelli 5,Stazione Leopolda,Lidl Pisa,1.51,Stazione Pisa Centrale,0.99,Stazione San Rossore,1.09,McDonald's Barbaricina,4.27,Parcheggio Via Paparelli,6.54,3.42
852,Centro Commerciale Darsena (Tirrenia),Conad Pian di Marco,,,,,,,,,,,16.31
853,Ipercoop Pisa,McDonald's Barbaricina,Ristorante La Greppia,1.94,Stazione Pisa Centrale,0.88,Centro Commerciale Darsena (Tirrenia),20.32,,,,,16.48
854,Parcheggio Via Paparelli,McDonald's Barbaricina,,,,,,,,,,,6.54
855,Via Gabriele Vettori 18,Ipercoop Pisa,Eurospin Ospedaletto,7.45,,,,,,,,,5.8
856,Centro Commerciale Pisanova,Parcheggio San Giuliano Terme,Conad La Vettola,8.75,MediaWorld Pisa,7.85,OBI Pisa,3.95,,,,,12.06
857,Hotel Continental Tirrenia,Stazione Pisa Centrale,,,,,,,,,,,17.59
858,Parcheggio di Cisanello,Ristorante Galileo,McDonald's Barbaricina,7.37,Eurospin Ospedaletto,5.97,McDonald's Pisa Aurelia,3.96,,,,,3.86
859,Supermercato Coop San Giusto,Via Aretino Spinello 11,,,,,,,,,,,2.09
860,Eurospin Ospedaletto,Parco San Rossore,Hotel Continental Tirrenia,11.96,Lidl Pisa,18.14,Pizzeria Colignola,4.75,,,,,5.79
861,Via Montanelli 66,MediaWorld Pisa,Stazione Leopolda,1.05,MD Discount Riglione,5.03,Ristorante Il Rustichello - San Piero,9.74,Pizzeria Colignola,8.85,,,2.54
862,Ristorante Tuscany 2,Parcheggio Migliarino,Esselunga Cisanello,0.17,Farmacia Cisanello,0.46,Parco San Rossore,4.21,,,,,12.51
863,Ristorante Il Rustichello - San Piero,Hotel Galilei Pisa,Ristorante Galileo,7.46,,,,,,,,,4.84
864,Ristorante Tuscany 2,Centro Commerciale Pisanova,Hotel San Ranieri,0.9,Supermercato Coop Ghezzano,5.42,,,,,,,5.73
865,Universita di Pisa,Pizzeria Colignola,Lidl Pisa,2.31,McDonald's Pisa Aurelia,2.04,,,,,,,5.15
866,Via del Borghetto 102,Polo Fibonacci,Via Gabriele Vettori 18,0.52,Torre,1.4,Euronics Pisa Cisanello,3.58,,,,,2.57
867,Esselunga Cisanello,Stazione San Rossore,Ristorante Galileo,0.56,,,,,,,,,3.41
868,Parcheggio di Cisanello,Ristorante Galileo,Via del Borghetto 102,2.13,Parcheggio Migliarino,13.68,Pizzeria Pisanova,14.33,Stazione Pisa Centrale,2.26,Conad La Vettola,6.39,9.01
869,Lidl Pisa,Pizzeria Pisanova,Euronics Pisa Cisanello,3.29,Conad Metato,9.68,Ristorante Da Stefano (Tirrenia),25.8,Hotel San Ranieri,21.03,,,1.35
870,Stazione San Rossore,Ristorante Pizzeria Il Pellicano,Stazione Pisa Centrale,1.1,Hotel Continental Tirrenia,17.66,Torre,20.15,,,,,3.4
871,McDonald's Barbaricina,Conad Pian di Marco,Via del Borghetto 102,6.31,Centro Commerciale Darsena (Tirrenia),22.22,Ristorante Il Rustichello - San Piero,16.63,Via Cisanello 170,7.66,Parcheggio Migliarino,13.67,16.59
872,Ristorante Tuscany 2,Ristorante Da Stefano (Tirrenia),Hotel Galilei Pisa,5.53,Parcheggio San Giuliano Terme,12.83,Polo Fibonacci,7.74,,,,,22.35
873,Via Cisanello 170,Hotel San Ranieri,,,,,,,,,,,0.49
874,Conad Metato,Ristorante Galileo,Conad Pian di Marco,11.04,,,,,,,,,3.72
875,Lidl Pisa,Via Angelo Battelli 5,,,,,,,,,,,1.33
876,Facolta di Ingegneria Polo A,McDonald's Barbaricina,Euronics Pisa Cisanello,2.38,Ristorante Tuscany 2,0.92,Ristorante Il Lago (Nodica),7.08,,,,,8.71
877,Via del Borghetto 102,Decathlon Pisa,Farmacia Cisanello,2.21,Stazione Leopolda,2.82,,,,,,,1.73
878,Ristorante La Greppia,Decathlon Pisa,Ristorante Galileo,2.73,Via Angelo Battelli 5,2.15,,,,,,,2.16
879,Euronics Pisa Cisanello,Conad Metato,Ristorante Galileo,0.69,Via San Ranieri 9,0.95,Stazione Pisa Centrale,3.16,Ristorante Il Lago (Nodica),8.15,Ristorante Tuscany 2,7.25,9.13
880,Pizzeria Pisanova,Hotel Galilei Pisa,Ristorante Galileo,0.35,Parcheggio San Giuliano Terme,8.12,McDonald's Barbaricina,11.4,Supermercato Coop San Giusto,4.49,Via Montanelli 66,2.15,4.79
881,Parcheggio San Giuliano Terme,Via San Ranieri 9,Eurospin Ospedaletto,15.58,Supermercato Coop San Giusto,4.45,,,,,,,3.47
882,MediaWorld Pisa,Parcheggio di Cisanello,Eurospin Ospedaletto,6.77,Ristorante La Greppia,5.18,,,,,,,3.05
883,Farmacia Cisanello,Stazione Pisa Centrale,Parcheggio Migliarino,14.12,Universita di Pisa,12.05,Torre,1.43,MD Discount Riglione,7.7,Centro Commerciale Darsena (Tirrenia),21.69,20.38
884,Piscina Comunale Camalich,Polo Fibonacci,Pizzeria Colignola,8.05,Conad Metato,9.4,Via Angelo Battelli 5,9.58,McDonald's Pisa Aurelia,2.82,Torre,3.79,1.58
885,Decathlon Pisa,Ristorante Galileo,Via Gabriele Vettori 18,2.08,MD Discount Riglione,6.17,,,,,,,4.3
886,Parcheggio Porto di Marina,Via San Ranieri 9,Hotel Galilei Pisa,12.95,Supermercato Coop Ghezzano,10.34,Centro Commerciale Darsena (Tirrenia),24.87,Euronics Pisa Cisanello,20.85,,,1.5
887,Eurospin Ospedaletto,Piscina Comunale Camalich,Hotel Continental Tirrenia,12.24,Euronics Pisa Cisanello,18.2,Ristorante Tuscany 2,0.81,Decathlon Pisa,1.43,,,4.75
888,Via del Borghetto 102,Parcheggio San Giuliano Terme,Parcheggio Porto di Marina,18.44,Centro Commerciale Darsena (Tirrenia),6.4,Ristorante Da Stefano (Tirrenia),1.34,,,,,27.9
889,Parcheggio San Giuliano Terme,Parcheggio Migliarino,Hotel San Ranieri,7.31,Parco San Rossore,4.36,,,,,,,13.02
890,Ristorante Il Mio Capriccio,Piscina Comunale Camalich,Parcheggio San Giuliano Terme,9.4,Ristorante Galileo,8.16,MD Discount Riglione,4.22,Ristorante Da Stefano (Tirrenia),21.03,Lidl Pisa,18.06,5.11
891,Lidl Pisa,Conad Metato,Facolta di Ingegneria Polo A,1.93,MediaWorld Pisa,2.06,Euronics Pisa Cisanello,0.4,,,,,9.22
892,Conad Metato,Centro Commerciale Pisanova,Ristorante Il Mio Capriccio,9.54,Pizzeria Colignola,3.1,Parcheggio Porto di Marina,17.52,,,,,17.17
893,Via Aretino Spinello 11,Ristorante Galileo,Pizzeria Pisanova,1.92,Lidl Pisa,2.61,Parcheggio San Giuliano Terme,9.92,,,,,8.3
894,Via San Ranieri 9,Parcheggio di Cisanello,Parcheggio Via Paparelli,2.27,Ristorante Il Rustichello - San Piero,9.18,Conad Metato,14.38,Hotel Galilei Pisa,13.64,Via Aretino Spinello 11,3.99,2.5
895,Parcheggio Via Paparelli,Ristorante Pizzeria Il Pellicano,,,,,,,,,,,3.92
896,Conad Pian di Marco,Parcheggio San Giuliano Terme,Carrefour Express Pisanova,3.7,Via Aretino Spinello 11,1.52,Hotel Galilei Pisa,4.61,Ristorante Tuscany 2,5.84,,,8.95
897,Supermercato Coop San Giusto,Ristorante Da Stefano (Tirrenia),MD Discount Riglione,5.2,Via Angelo Battelli 5,5.61,Esselunga Cisanello,2.55,Parcheggio di Cisanello,0.53,Farmacia Cisanello,0.34,19.39
898,Parcheggio Porto di Marina,Via Angelo Battelli 5,Via del Borghetto 102,18.26,McDonald's Pisa Aurelia,3.88,Via San Ranieri 9,4.14,,,,,2.08
899,Lidl Pisa,Hotel Continental Tirrenia,Ristorante Il Rustichello - San Piero,4.43,Parcheggio di Cisanello,8.34,Via San Ranieri 9,0.44,Parco San Rossore,4.33,,,17.73
900,Supermercato Coop Ghezzano,Ristorante Galileo,Piscina Comunale Camalich,11.74,,,,,,,,,6.59
901,Via del Borghetto 102,Ristorante Il Mio Capriccio,Hotel Galilei Pisa,5.86,Ristorante Il Rustichello - San Piero,3.43,,,,,,,6.43
902,Ristorante Il Lago (Nodica),Pizzeria Pisanova,,,,,,,,,,,7.7
903,MediaWorld Pisa,Hotel Continental Tirrenia,Esselunga Cisanello,1.21,Lidl Pisa,4.08,Parcheggio Migliarino,13.93,Piscina Comunale Camalich,19.71,Via Cisanello 170,7.17,20.84
904,Stazione San Rossore,Ristorante Il Mio Capriccio,Hotel San Ranieri,4.51,McDonald's Pisa Aurelia,4.51,,,,,,,2.76
905,Parcheggio Via Paparelli,Hotel Galilei Pisa,MD Discount Riglione,7.3,Parco San Rossore,7.07,,,,,,,3.27
906,Supermercato Coop San Giusto,Conad Pian di Marco,,,,,,,,,,,0.85
907,Pizzeria Colignola,Hotel San Ranieri,MediaWorld Pisa,2.13,Ristorante Pizzeria Il Pellicano,1.3,Via Aretino Spinello 11,1.74,Via Angelo Battelli 5,0.32,,,2.7
908,Centro Commerciale Darsena (Tirrenia),Parcheggio San Giuliano Terme,Piscina Comunale Camalich,15.48,,,,,,,,,13.37
909,Parcheggio Migliarino,Conad Metato,Centro Commerciale Pisanova,14.67,Ristorante Pizzeria Il Pellicano,1.52,,,,,,,11.47
910,Parcheggio Porto di Marina,Centro Commerciale Pisanova,,,,,,,,,,,18
911,Conad Pian di Marco,Carrefour Express Pisanova,Hotel Continental Tirrenia,14.54,Ristorante Il Lago (Nodica),23.52,Centro Commerciale Darsena (Tirrenia),28.09,Via Gabriele Vettori 18,21.76,,,1.55
912,Piscina Comunale Camalich,Parcheggio di Cisanello,Conad Pian di Marco,2.97,Euronics Pisa Cisanello,3.7,Farmacia Cisanello,1.53,Via Montanelli 66,1.98,Conad Metato,9.42,9.13
913,McDonald's Pisa Aurelia,Stazione Leopolda,Pizzeria Colignola,5.35,,,,,,,,,3.89
914,Ristorante Il Mio Capriccio,Ristorante Da Stefano (Tirrenia),Via Aretino Spinello 11,2.12,,,,,,,,,20.65
915,Pizzeria Pisanova,Via San Ranieri 9,Torre,3.37,Stazione Leopolda,2.16,Ipercoop Pisa,2.62,Via del Borghetto 102,3.2,,,1.72
916,MD Discount Riglione,Pizzeria Colignola,Ipercoop Pisa,3.18,Stazione Pisa Centrale,2.21,Conad Pian di Marco,1.77,,,,,6.07
917,Ristorante Da Stefano (Tirrenia),Euronics Pisa Cisanello,Ristorante Galileo,19.25,Parco San Rossore,3.9,Piscina Comunale Camalich,4.37,,,,,5.1
918,Parcheggio Porto di Marina,McDonald's Barbaricina,Piscina Comunale Camalich,11.79,Torre,6.23,MediaWorld Pisa,3.04,Decathlon Pisa,0.31,Ristorante Il Lago (Nodica),7.84,7.73
919,MD Discount Riglione,Stazione Leopolda,Hotel San Ranieri,4.75,Hotel Continental Tirrenia,19.87,Via San Ranieri 9,20.09,Piscina Comunale Camalich,7.24,Via Aretino Spinello 11,5.26,0.64
920,MediaWorld Pisa,Parco San Rossore,,,,,,,,,,,3.13
921,Esselunga Cisanello,Supermercato Coop San Giusto,Conad Pian di Marco,4.51,Via San Ranieri 9,4.23,Conad Metato,7.55,Facolta di Ingegneria Polo A,8.05,,,3.05
922,Conad Pian di Marco,Ristorante Da Stefano (Tirrenia),Facolta di Ingegneria Polo A,3.71,McDonald's Pisa Aurelia,3.45,Torre,3.95,Esselunga Cisanello,4.02,Eurospin Ospedaletto,7.62,14.12
923,Ristorante Pizzeria Il Pellicano,Conad La Vettola,Hotel Galilei Pisa,2.8,,,,,,,,,5.55
924,Via Montanelli 66,Conad Pian di Marco,Pizzeria Pisanova,1.17,Centro Commerciale Darsena (Tirrenia),22.62,Parcheggio Porto di Marina,6.55,Centro Commerciale Pisanova,15.58,Ristorante Il Rustichello - San Piero,6.45,3.45
925,Parco San Rossore,Hotel Continental Tirrenia,Ristorante Il Mio Capriccio,3.02,Universita di Pisa,2.26,Carrefour Express Pisanova,1.6,Stazione Pisa Centrale,1.99,,,18.23
926,Via Montanelli 66,McDonald's Pisa Aurelia,Supermercato Coop San Giusto,2.52,Lidl Pisa,1.26,Via San Ranieri 9,3.08,,,,,4.21
927,Carrefour Express Pisanova,Ristorante Pizzeria Il Pellicano,Conad La Vettola,8.13,Centro Commerciale Pisanova,8.08,Facolta di Ingegneria Polo A,1.93,McDonald's Barbaricina,5.45,,,6.41
928,Parco San Rossore,Euronics Pisa Cisanello,Facolta di Ingegneria Polo A,2.65,,,,,,,,,2.12
929,McDonald's Pisa Aurelia,Via Cisanello 170,Ristorante Il Lago (Nodica),9.68,,,,,,,,,6.45
930,Supermercato Coop Ghezzano,Lidl Pisa,OBI Pisa,8.9,Ristorante Galileo,4.66,Parcheggio Migliarino,15.24,Parcheggio San Giuliano Terme,10.15,Via San Ranieri 9,7.2,3.62
931,Ristorante Il Lago (Nodica),Ristorante Pizzeria Il Pellicano,Piscina Comunale Camalich,13.03,Farmacia Cisanello,6.58,Via Aretino Spinello 11,2.8,Pizzeria Colignola,4.31,MD Discount Riglione,3.7,4.36
932,Decathlon Pisa,Euronics Pisa Cisanello,Piscina Comunale Camalich,4.94,Ristorante Il Mio Capriccio,4.75,Supermercato Coop Ghezzano,6.35,Universita di Pisa,4.88,,,2.14
933,MediaWorld Pisa,Lidl Pisa,,,,,,,,,,,2.78
934,Parcheggio di Cisanello,Hotel San Ranieri,Conad Pian di Marco,4.79,Via del Borghetto 102,4.05,,,,,,,2.33
935,Hotel Continental Tirrenia,Decathlon Pisa,Facolta di Ingegneria Polo A,19.9,Ristorante Il Rustichello - San Piero,6.91,Stazione Leopolda,5.16,Ristorante La Greppia,1.35,,,1.61
936,Via San Ranieri 9,Ristorante Pizzeria Il Pellicano,Parco San Rossore,4.07,MD Discount Riglione,6.24,Parcheggio di Cisanello,4.09,,,,,2.5
937,Centro Commerciale Pisanova,Lidl Pisa,,,,,,,,,,,3.14
938,Pizzeria Pisanova,Supermercato Coop Ghezzano,Supermercato Coop San Giusto,3.04,Torre,3.51,MD Discount Riglione,6.86,McDonald's Pisa Aurelia,5.07,Stazione Pisa Centrale,1.59,7.64
939,OBI Pisa,Ristorante Il Rustichello - San Piero,Piscina Comunale Camalich,2.55,McDonald's Barbaricina,6.61,,,,,,,3.86
940,Eurospin Ospedaletto,Ristorante Pizzeria Il Pellicano,Supermercato Coop San Giusto,4.26,MediaWorld Pisa,2.73,Centro Commerciale Pisanova,0.45,Ristorante Il Mio Capriccio,0.85,Via Cisanello 170,1.77,2.21
941,Lidl Pisa,Stazione San Rossore,Parcheggio Porto di Marina,16.13,Ristorante Da Stefano (Tirrenia),4.85,Ristorante Il Rustichello - San Piero,14.78,Via San Ranieri 9,8.33,Hotel San Ranieri,0.48,4.25
942,Centro Commerciale Pisanova,Via Angelo Battelli 5,Esselunga Cisanello,0.97,Lidl Pisa,3.69,Hotel Continental Tirrenia,16.32,Supermercato Coop San Giusto,16.43,,,2.35
943,McDonald's Barbaricina,Conad Pian di Marco,Centro Commerciale Darsena (Tirrenia),18.6,Via Aretino Spinello 11,22.19,Parcheggio di Cisanello,2.35,MediaWorld Pisa,1.34,Facolta di Ingegneria Polo A,2.1,4
944,MediaWorld Pisa,Supermercato Coop Ghezzano,,,,,,,,,,,6.06
945,Via Aretino Spinello 11,Supermercato Coop San Giusto,Parcheggio San Giuliano Terme,9.39,McDonald's Pisa Aurelia,12.72,Conad La Vettola,4.92,,,,,5.35
946,MD Discount Riglione,Ristorante Il Lago (Nodica),Stazione Pisa Centrale,4.96,Torre,2.83,Centro Commerciale Pisanova,3.37,,,,,7.33
947,Via Cisanello 170,Via San Ranieri 9,,,,,,,,,,,0.5
948,Torre,Pizzeria Colignola,Via Cisanello 170,3.3,,,,,,,,,1.87
949,Via Angelo Battelli 5,Parcheggio Via Paparelli,Decathlon Pisa,2.24,McDonald's Barbaricina,6.48,,,,,,,7.6
950,Ristorante Galileo,Parcheggio Via Paparelli,Ipercoop Pisa,1.08,Polo Fibonacci,2.96,McDonald's Pisa Aurelia,4.02,Parcheggio Migliarino,14.1,Ristorante Il Mio Capriccio,16.36,4.26
951,Parcheggio di Cisanello,Via del Borghetto 102,Parcheggio Migliarino,14.41,Polo Fibonacci,12.77,Parco San Rossore,3.16,Stazione San Rossore,0.35,,,2.47
952,Hotel Continental Tirrenia,Esselunga Cisanello,Via Angelo Battelli 5,17.67,Parcheggio San Giuliano Terme,9.1,Hotel San Ranieri,7.6,,,,,0.68
953,Centro Commerciale Pisanova,Conad La Vettola,Parcheggio Migliarino,15.62,Via Montanelli 66,14,Via Angelo Battelli 5,0.71,,,,,6.72
954,Eurospin Ospedaletto,Ristorante Il Lago (Nodica),McDonald's Barbaricina,6.46,Via Gabriele Vettori 18,5.86,Piscina Comunale Camalich,6.3,,,,,11.07
955,Ristorante Galileo,Via Gabriele Vettori 18,Via Montanelli 66,1.36,McDonald's Barbaricina,6.13,Parco San Rossore,4.23,Conad La Vettola,5.17,Polo Fibonacci,7.89,0.57
956,McDonald's Pisa Aurelia,Stazione Leopolda,Ristorante Da Stefano (Tirrenia),17.66,Conad Metato,29.04,Centro Commerciale Darsena (Tirrenia),29.18,Farmacia Cisanello,20.77,,,2.73
957,Conad Pian di Marco,Parcheggio Via Paparelli,Pizzeria Pisanova,3.86,Centro Commerciale Darsena (Tirrenia),21.43,Farmacia Cisanello,21.11,Ristorante Galileo,0.77,,,3.15
958,Ristorante Il Lago (Nodica),Universita di Pisa,,,,,,,,,,,5.79
959,Stazione San Rossore,Hotel San Ranieri,Conad La Vettola,4.64,MD Discount Riglione,11.11,Ristorante La Greppia,5.01,Via Angelo Battelli 5,2.37,,,2.7
960,Centro Commerciale Pisanova,MediaWorld Pisa,Conad Pian di Marco,3.86,,,,,,,,,3.32
961,OBI Pisa,Parcheggio San Giuliano Terme,Stazione San Rossore,1.94,Centro Commerciale Darsena (Tirrenia),19.93,Torre,22.36,Lidl Pisa,2.09,,,9.63
962,MediaWorld Pisa,Parcheggio Via Paparelli,Centro Commerciale Pisanova,0.42,,,,,,,,,3.28
963,Ristorante Da Stefano (Tirrenia),Conad Metato,Via del Borghetto 102,21.73,Stazione Pisa Centrale,2.08,Conad Pian di Marco,1.67,Via Gabriele Vettori 18,3.63,,,8.11
964,Hotel Galilei Pisa,Pizzeria Colignola,,,,,,,,,,,6.87
965,Piscina Comunale Camalich,Hotel Galilei Pisa,Eurospin Ospedaletto,1.41,Ristorante Il Rustichello - San Piero,3.08,Via Montanelli 66,5.79,McDonald's Pisa Aurelia,3.25,,,1.52
966,Hotel Continental Tirrenia,Centro Commerciale Pisanova,Supermercato Coop San Giusto,16.65,Supermercato Coop Ghezzano,7.61,Via Cisanello 170,5.32,,,,,0.86
967,Centro Commerciale Darsena (Tirrenia),Parcheggio Porto di Marina,Conad Pian di Marco,18.45,,,,,,,,,12.62
968,Conad La Vettola,Stazione Pisa Centrale,Ristorante Il Lago (Nodica),10.46,,,,,,,,,7.51
969,Conad La Vettola,Parco San Rossore,Parcheggio di Cisanello,9.17,Via San Ranieri 9,0.36,Parcheggio Migliarino,13.39,Via Montanelli 66,13.49,,,2.35
970,Stazione Leopolda,Via San Ranieri 9,Stazione San Rossore,1.11,Parco San Rossore,0.3,Via Montanelli 66,2.68,,,,,1.44
971,Via San Ranieri 9,Conad Metato,Ipercoop Pisa,1.93,Euronics Pisa Cisanello,0.45,Ristorante Da Stefano (Tirrenia),21.09,,,,,29.36
972,Eurospin Ospedaletto,Piscina Comunale Camalich,Parcheggio San Giuliano Terme,14.98,Torre,8.01,MD Discount Riglione,7.03,,,,,5.92
973,MediaWorld Pisa,Ristorante Pizzeria Il Pellicano,,,,,,,,,,,1.29
974,Via Montanelli 66,Hotel Galilei Pisa,,,,,,,,,,,4.66
975,Via Angelo Battelli 5,Ristorante Galileo,Conad Metato,8.07,Parcheggio San Giuliano Terme,0.52,Stazione Leopolda,8.54,,,,,2.38
976,Ipercoop Pisa,Hotel San Ranieri,Parcheggio di Cisanello,1.76,Via Montanelli 66,1.71,,,,,,,1.81
977,Ipercoop Pisa,Via Cisanello 170,Parco San Rossore,3.67,Conad La Vettola,5.06,Parcheggio di Cisanello,9.09,,,,,0.15
978,Via Cisanello 170,Carrefour Express Pisanova,Farmacia Cisanello,0.41,MD Discount Riglione,4.29,MediaWorld Pisa,4.06,Parco San Rossore,3.01,Decathlon Pisa,2.76,0.78
979,Parco San Rossore,Parcheggio Porto di Marina,Ristorante Galileo,3.87,,,,,,,,,18.14
980,Ipercoop Pisa,Ristorante Il Rustichello - San Piero,Stazione Pisa Centrale,2.42,Facolta di Ingegneria Polo A,1.93,Ristorante Pizzeria Il Pellicano,2.17,,,,,5.35
981,Supermercato Coop San Giusto,Via San Ranieri 9,,,,,,,,,,,3.68
982,Universita di Pisa,Stazione San Rossore,Stazione Pisa Centrale,2.22,Euronics Pisa Cisanello,2.38,Ristorante Tuscany 2,0.89,,,,,3.73
983,Conad Metato,Stazione Pisa Centrale,,,,,,,,,,,10.92
984,Parcheggio Porto di Marina,Torre,Supermercato Coop Ghezzano,19.64,Farmacia Cisanello,5.13,Piscina Comunale Camalich,7.59,,,,,6.42
985,Ristorante Il Lago (Nodica),Parcheggio Migliarino,Centro Commerciale Darsena (Tirrenia),27.6,Ristorante Il Mio Capriccio,21.47,Torre,3.24,Conad La Vettola,6.11,,,12.05
986,Lidl Pisa,Ristorante Pizzeria Il Pellicano,Eurospin Ospedaletto,5,Parcheggio di Cisanello,7.3,Centro Commerciale Darsena (Tirrenia),23.64,Conad Metato,27.34,,,10.03
987,Hotel San Ranieri,Torre,Centro Commerciale Pisanova,1.39,,,,,,,,,3.03
988,Piscina Comunale Camalich,Ristorante Il Rustichello - San Piero,Stazione Pisa Centrale,4.11,Centro Commerciale Pisanova,2.01,Parcheggio Via Paparelli,3.06,Torre,2.65,Polo Fibonacci,1.4,6.71
989,Ristorante Il Mio Capriccio,Piscina Comunale Camalich,,,,,,,,,,,4.61
990,Ristorante Galileo,Parcheggio Porto di Marina,Ristorante Tuscany 2,0.49,,,,,,,,,17.85
991,Lidl Pisa,Ristorante Galileo,Ristorante La Greppia,1.89,Centro Commerciale Darsena (Tirrenia),19.93,Ristorante Da Stefano (Tirrenia),1.46,Facolta di Ingegneria Polo A,21.96,Parcheggio Migliarino,12.8,13.93
992,Pizzeria Pisanova,Ristorante Tuscany 2,Esselunga Cisanello,0.97,Ristorante Da Stefano (Tirrenia),18.77,OBI Pisa,14.47,Farmacia Cisanello,5.31,Via Montanelli 66,2.09,1.88
993,Esselunga Cisanello,Ristorante Il Lago (Nodica),Ristorante Il Rustichello - San Piero,8.59,,,,,,,,,11.89
994,McDonald's Barbaricina,Euronics Pisa Cisanello,MediaWorld Pisa,7.49,,,,,,,,,0.42
995,Polo Fibonacci,Pizzeria Pisanova,Supermercato Coop San Giusto,3.4,Stazione San Rossore,1.04,Ristorante Pizzeria Il Pellicano,2.07,Universita di Pisa,2.73,Via Cisanello 170,1.77,0.82
996,Via del Borghetto 102,Universita di Pisa,Parcheggio Via Paparelli,1.86,,,,,,,,,1.84
997,Pizzeria Colignola,Supermercato Coop Ghezzano,Parcheggio San Giuliano Terme,8.09,Conad Metato,0.55,,,,,,,3.24
998,Farmacia Cisanello,Pizzeria Pisanova,Stazione San Rossore,3.8,,,,,,,,,2.87
999,Via del Borghetto 102,Ristorante Il Rustichello - San Piero,,,,,,,,,,,6.38
1000,OBI Pisa,MD Discount Riglione,Via Gabriele Vettori 18,4.1,Hotel Continental Tirrenia,17.82,Centro Commerciale Darsena (Tirrenia),2.7,Esselunga Cisanello,24.12,,,4.14
1001,Via del Borghetto 102,Via Cisanello 170,Parco San Rossore,2.94,Pizzeria Colignola,5.2,Conad Pian di Marco,5.54,Ristorante Da Stefano (Tirrenia),17.54,Supermercato Coop Ghezzano,22.9,5.36
1002,Parco San Rossore,Parcheggio di Cisanello,Stazione Leopolda,1.47,McDonald's Pisa Aurelia,2.18,,,,,,,4.03
1003,MediaWorld Pisa,Lidl Pisa,Via Montanelli 66,1.33,Via del Borghetto 102,1.3,OBI Pisa,4.76,Universita di Pisa,4.24,McDonald's Pisa Aurelia,4.28,2.16
1004,Supermercato Coop Ghezzano,Carrefour Express Pisanova,Pizzeria Pisanova,5.69,Via Montanelli 66,0.98,Centro Commerciale Darsena (Tirrenia),20.84,Esselunga Cisanello,22.51,,,1.19
1005,Via San Ranieri 9,Centro Commerciale Darsena (Tirrenia),,,,,,,,,,,22.47
1006,Conad Metato,Via Cisanello 170,,,,,,,,,,,8.6
1007,Ristorante Il Rustichello - San Piero,Ipercoop Pisa,Via Gabriele Vettori 18,6.62,Lidl Pisa,1.88,Torre,1.87,,,,,4.02
1008,Centro Commerciale Darsena (Tirrenia),Parcheggio Via Paparelli,Hotel San Ranieri,22.41,,,,,,,,,2.32
1009,Via Montanelli 66,Universita di Pisa,Parcheggio Porto di Marina,15.76,Via Aretino Spinello 11,14.6,Ristorante Il Mio Capriccio,2.07,Centro Commerciale Darsena (Tirrenia),19.96,,,23.07
1010,Parco San Rossore,Stazione Pisa Centrale,Via del Borghetto 102,2.7,OBI Pisa,4.3,Esselunga Cisanello,5.29,Stazione Leopolda,2.77,Ristorante Il Rustichello - San Piero,5.07,5.23
1011,Parcheggio Via Paparelli,Lidl Pisa,Parcheggio di Cisanello,2.73,Centro Commerciale Darsena (Tirrenia),22.23,Via Aretino Spinello 11,20.7,,,,,1.2
1012,Via Montanelli 66,Universita di Pisa,Ristorante Pizzeria Il Pellicano,1.51,,,,,,,,,2.6
1013,MediaWorld Pisa,Polo Fibonacci,Ristorante Il Mio Capriccio,0.54,Parcheggio Porto di Marina,16.02,,,,,,,15.97
1014,Ristorante La Greppia,Carrefour Express Pisanova,Parcheggio Porto di Marina,14.71,Facolta di Ingegneria Polo A,17.84,OBI Pisa,3.93,,,,,4.16
1015,Ristorante Da Stefano (Tirrenia),Hotel San Ranieri,Stazione Pisa Centrale,19.17,Via Cisanello 170,2.88,Pizzeria Pisanova,0.78,,,,,1.29
1016,Parco San Rossore,Stazione Pisa Centrale,Ristorante Pizzeria Il Pellicano,2.05,Eurospin Ospedaletto,5.46,Ristorante La Greppia,5.25,Ristorante Il Rustichello - San Piero,4.79,,,4.84
1017,Centro Commerciale Darsena (Tirrenia),MD Discount Riglione,Via Aretino Spinello 11,22.47,MediaWorld Pisa,1.96,Stazione San Rossore,2.76,Ristorante Tuscany 2,3.83,,,3.76
1018,Ipercoop Pisa,Ristorante Da Stefano (Tirrenia),,,,,,,,,,,18.46
1019,Universita di Pisa,Ipercoop Pisa,,,,,,,,,,,2.66
1020,Carrefour Express Pisanova,Torre,Via Cisanello 170,1.04,,,,,,,,,3.44
1021,Conad Metato,McDonald's Barbaricina,Pizzeria Colignola,8.61,,,,,,,,,9.58
1022,Stazione Pisa Centrale,Parcheggio Via Paparelli,Via Angelo Battelli 5,1.5,Ristorante Il Rustichello - San Piero,6.14,,,,,,,8.41
1023,Ipercoop Pisa,Universita di Pisa,Parcheggio di Cisanello,1.76,Torre,3.25,Parcheggio Via Paparelli,2.32,,,,,1.89
1024,Ristorante Galileo,Ipercoop Pisa,Ristorante Il Lago (Nodica),7.19,,,,,,,,,7.7
1025,Torre,Conad Metato,Ristorante Il Rustichello - San Piero,6.91,Stazione Leopolda,5.51,Euronics Pisa Cisanello,2.56,Conad La Vettola,8.59,McDonald's Pisa Aurelia,5.07,12.2
1026,Conad La Vettola,Ristorante Galileo,Ristorante Il Lago (Nodica),11.02,,,,,,,,,7.36
1027,Pizzeria Colignola,Decathlon Pisa,Supermercato Coop Ghezzano,6.34,Stazione Pisa Centrale,7.43,Via Montanelli 66,1.35,Ristorante Il Mio Capriccio,1.34,Lidl Pisa,2.4,2.67
1028,Farmacia Cisanello,Pizzeria Pisanova,OBI Pisa,5.86,,,,,,,,,4.03
1029,Ristorante Pizzeria Il Pellicano,Decathlon Pisa,Stazione Leopolda,1.21,Hotel San Ranieri,2.92,Via Gabriele Vettori 18,2.1,Universita di Pisa,0.64,,,2.09
1030,Centro Commerciale Pisanova,Facolta di Ingegneria Polo A,,,,,,,,,,,1.87
1031,Via Gabriele Vettori 18,Ristorante Tuscany 2,Via Aretino Spinello 11,0.6,Supermercato Coop San Giusto,2.13,Via del Borghetto 102,3.35,,,,,2.37
1032,Pizzeria Pisanova,Via Angelo Battelli 5,Supermercato Coop San Giusto,2.75,Farmacia Cisanello,4.33,Hotel Continental Tirrenia,18.44,Parcheggio di Cisanello,21.88,Stazione Leopolda,2.57,0.89
1033,MD Discount Riglione,Ristorante Tuscany 2,McDonald's Pisa Aurelia,5.98,Ristorante La Greppia,1.42,Via Montanelli 66,1.96,Via Gabriele Vettori 18,0.76,,,2.38
1034,McDonald's Barbaricina,Ristorante Il Rustichello - San Piero,Hotel Continental Tirrenia,16.23,MediaWorld Pisa,19.32,Parco San Rossore,3.28,Pizzeria Pisanova,3.51,Ristorante Pizzeria Il Pellicano,1.78,5.88
1035,Hotel Continental Tirrenia,Lidl Pisa,,,,,,,,,,,17.68
1036,Ristorante La Greppia,Hotel Galilei Pisa,Via Aretino Spinello 11,2.1,Centro Commerciale Darsena (Tirrenia),20.49,Supermercato Coop Ghezzano,25.44,,,,,9.38
1037,Pizzeria Pisanova,Stazione Leopolda,,,,,,,,,,,2.01
1038,Esselunga Cisanello,McDonald's Pisa Aurelia,Via Gabriele Vettori 18,2.49,,,,,,,,,3.12
1039,Ristorante La Greppia,Ristorante Pizzeria Il Pellicano,MediaWorld Pisa,1.83,,,,,,,,,1.23
1040,Conad Pian di Marco,Parcheggio Via Paparelli,Decathlon Pisa,2.77,,,,,,,,,3.69
1041,MediaWorld Pisa,Parcheggio Porto di Marina,,,,,,,,,,,18.04
1042,Via Gabriele Vettori 18,Via Aretino Spinello 11,Parcheggio di Cisanello,2.13,Stazione San Rossore,3.99,,,,,,,1.37
1043,Stazione San Rossore,Decathlon Pisa,Parco San Rossore,0.33,Ristorante Il Mio Capriccio,2.84,MD Discount Riglione,3.59,Ristorante Tuscany 2,4.09,Pizzeria Pisanova,0.95,0.85
1044,Centro Commerciale Darsena (Tirrenia),Parcheggio Via Paparelli,Supermercato Coop Ghezzano,24.78,Via San Ranieri 9,5.29,,,,,,,1.94
1045,Decathlon Pisa,Via Cisanello 170,Ipercoop Pisa,0.63,Stazione Pisa Centrale,2.24,Euronics Pisa Cisanello,2.17,,,,,1.1
1046,Stazione Pisa Centrale,MD Discount Riglione,McDonald's Barbaricina,5.44,Ristorante La Greppia,5.4,Centro Commerciale Pisanova,2.27,Lidl Pisa,2.72,Torre,2.14,6.9
1047,Euronics Pisa Cisanello,Ristorante Il Mio Capriccio,,,,,,,,,,,0.82
1048,Torre,Stazione Leopolda,Pizzeria Colignola,4.46,McDonald's Pisa Aurelia,5.78,Conad Pian di Marco,0.32,Via Angelo Battelli 5,3.06,Supermercato Coop San Giusto,2.25,1.43
1049,Carrefour Express Pisanova,Stazione San Rossore,Eurospin Ospedaletto,6.78,Via Montanelli 66,6.84,,,,,,,2.02
1050,Via San Ranieri 9,Piscina Comunale Camalich,Euronics Pisa Cisanello,1.68,Universita di Pisa,2.55,Farmacia Cisanello,1.83,Ristorante Il Lago (Nodica),6.99,,,11.44
1051,Via Angelo Battelli 5,Farmacia Cisanello,MediaWorld Pisa,2.13,Carrefour Express Pisanova,0.51,Polo Fibonacci,1.8,Pizzeria Colignola,3.2,,,1.5
1052,Torre,Stazione Leopolda,Ipercoop Pisa,4.09,Parcheggio di Cisanello,1.66,Parcheggio Via Paparelli,2.29,Conad Pian di Marco,6.17,,,2.43
1053,Stazione Pisa Centrale,Decathlon Pisa,Centro Commerciale Pisanova,2.32,Parcheggio San Giuliano Terme,9.4,Via Gabriele Vettori 18,8.67,MediaWorld Pisa,2,Via del Borghetto 102,2.35,2.28
1054,Ristorante Galileo,Conad La Vettola,Carrefour Express Pisanova,0.74,Ristorante Il Lago (Nodica),6.56,Ristorante Da Stefano (Tirrenia),25.59,Ristorante La Greppia,18.25,Parcheggio San Giuliano Terme,10.57,12.15
1055,Torre,Carrefour Express Pisanova,,,,,,,,,,,2.73
1056,Torre,Via del Borghetto 102,Hotel Galilei Pisa,5.07,Parco San Rossore,2.81,Parcheggio di Cisanello,4.34,,,,,2.17
1057,Ristorante La Greppia,Conad Metato,Universita di Pisa,2.67,Ristorante Da Stefano (Tirrenia),20.86,Via San Ranieri 9,21.43,,,,,8.52
1058,OBI Pisa,Conad La Vettola,Ristorante Il Rustichello - San Piero,2.88,Centro Commerciale Darsena (Tirrenia),14.39,,,,,,,15
1059,Via Aretino Spinello 11,Conad Pian di Marco,Piscina Comunale Camalich,5.31,,,,,,,,,2.75
1060,Centro Commerciale Pisanova,MD Discount Riglione,,,,,,,,,,,3.74
1061,Universita di Pisa,Hotel Galilei Pisa,Esselunga Cisanello,1.99,OBI Pisa,4.68,Decathlon Pisa,3.73,,,,,3.58
1062,Parcheggio Migliarino,McDonald's Barbaricina,Farmacia Cisanello,16.17,Eurospin Ospedaletto,8.71,Via Angelo Battelli 5,6.73,,,,,4.96
1063,Stazione San Rossore,Ristorante Pizzeria Il Pellicano,Polo Fibonacci,2.83,,,,,,,,,2.76
1064,Stazione Leopolda,McDonald's Pisa Aurelia,Centro Commerciale Darsena (Tirrenia),18.29,Via Aretino Spinello 11,19.65,Supermercato Coop San Giusto,2.03,,,,,0.85
1065,MediaWorld Pisa,Eurospin Ospedaletto,Parcheggio Migliarino,15.66,Conad Pian di Marco,16.17,Hotel Galilei Pisa,1.86,Centro Commerciale Darsena (Tirrenia),16.69,,,14.73
1066,Stazione San Rossore,Stazione Leopolda,,,,,,,,,,,1.17
1067,Via Gabriele Vettori 18,Ristorante La Greppia,Facolta di Ingegneria Polo A,0.33,,,,,,,,,2.91
1068,Supermercato Coop San Giusto,Hotel Continental Tirrenia,Hotel San Ranieri,3.74,MD Discount Riglione,4.4,Facolta di Ingegneria Polo A,5.54,,,,,19.75
1069,Torre,Stazione Pisa Centrale,,,,,,,,,,,2.82
1070,Parcheggio di Cisanello,Ristorante Il Rustichello - San Piero,Stazione San Rossore,4.1,Conad La Vettola,4.95,Carrefour Express Pisanova,7.6,Pizzeria Pisanova,0.31,Supermercato Coop Ghezzano,6.1,10.63
1071,Ristorante Il Mio Capriccio,Hotel Continental Tirrenia,Pizzeria Pisanova,0.93,Carrefour Express Pisanova,0.28,Stazione Pisa Centrale,1.65,Centro Commerciale Darsena (Tirrenia),18.1,Ristorante Il Rustichello - San Piero,14.19,13.53
1072,Ristorante Da Stefano (Tirrenia),McDonald's Pisa Aurelia,Ristorante Galileo,21.48,Hotel Galilei Pisa,4.75,Conad Metato,12.81,Parcheggio di Cisanello,9.27,Ristorante La Greppia,2.81,1.22
1073,Pizzeria Colignola,Via Angelo Battelli 5,Hotel San Ranieri,1.53,Ristorante La Greppia,3.16,,,,,,,2.07
1074,Via Cisanello 170,Centro Commerciale Darsena (Tirrenia),Piscina Comunale Camalich,6.77,Ristorante La Greppia,3.96,,,,,,,18.93
1075,Ristorante Tuscany 2,Polo Fibonacci,Lidl Pisa,4.05,Conad Pian di Marco,2.03,Via San Ranieri 9,4.67,Ristorante Galileo,0.87,,,1.76
1076,Facolta di Ingegneria Polo A,Pizzeria Colignola,McDonald's Barbaricina,6.17,Via Angelo Battelli 5,5.1,Ristorante Da Stefano (Tirrenia),18.19,Stazione Leopolda,19.02,,,4.12
1077,Pizzeria Pisanova,Ristorante Il Mio Capriccio,Stazione Leopolda,1.97,Via del Borghetto 102,1.67,Hotel San Ranieri,1.98,,,,,2.32
1078,Via Cisanello 170,Parcheggio Migliarino,McDonald's Pisa Aurelia,4.19,Via San Ranieri 9,4.19,Conad Metato,7.52,Centro Commerciale Pisanova,9.44,,,15.4
1079,Pizzeria Pisanova,Parcheggio San Giuliano Terme,,,,,,,,,,,8.87
1080,Parcheggio Via Paparelli,Ipercoop Pisa,Parcheggio Migliarino,11.47,Piscina Comunale Camalich,16.82,,,,,,,5.32
1081,Supermercato Coop Ghezzano,Stazione Pisa Centrale,Via San Ranieri 9,4.51,,,,,,,,,3.16
1082,Decathlon Pisa,Parco San Rossore,,,,,,,,,,,3.03
1083,Ristorante La Greppia,Ristorante Tuscany 2,Piscina Comunale Camalich,3.69,Lidl Pisa,4.69,Via San Ranieri 9,3.63,Facolta di Ingegneria Polo A,1.57,,,2.24
1084,Hotel San Ranieri,Polo Fibonacci,,,,,,,,,,,2.08
1085,Conad Metato,Via Gabriele Vettori 18,Ristorante Galileo,9.9,Ristorante Il Lago (Nodica),7.04,Ristorante Da Stefano (Tirrenia),23.38,Supermercato Coop Ghezzano,23.26,,,4.82
1086,McDonald's Barbaricina,Hotel San Ranieri,,,,,,,,,,,7.79
1087,Ipercoop Pisa,Eurospin Ospedaletto,Via del Borghetto 102,3.06,Parcheggio di Cisanello,2.03,Torre,3.4,Via Montanelli 66,1.9,,,6.47
1088,Via San Ranieri 9,Polo Fibonacci,Parcheggio Migliarino,15.49,Lidl Pisa,13.28,Parcheggio Porto di Marina,15.72,Pizzeria Pisanova,16.99,Via del Borghetto 102,2.12,0.26
1089,Supermercato Coop San Giusto,Ipercoop Pisa,,,,,,,,,,,2.82
1090,Eurospin Ospedaletto,Ristorante Il Mio Capriccio,Via Gabriele Vettori 18,7.08,,,,,,,,,1.94
1091,Piscina Comunale Camalich,Hotel Continental Tirrenia,Lidl Pisa,5.24,Esselunga Cisanello,3.84,,,,,,,19.81
1092,Centro Commerciale Pisanova,Conad La Vettola,Via Aretino Spinello 11,2.01,Piscina Comunale Camalich,5.13,Parcheggio di Cisanello,6.95,,,,,8.61
1093,Centro Commerciale Pisanova,Ristorante Tuscany 2,Supermercato Coop San Giusto,3.09,Parco San Rossore,1.01,Parcheggio San Giuliano Terme,9.46,,,,,9
1094,Euronics Pisa Cisanello,Ristorante Tuscany 2,Parcheggio Via Paparelli,3.87,Conad Metato,6.52,Decathlon Pisa,9.7,Farmacia Cisanello,2,Piscina Comunale Camalich,7.59,5.85
1095,Via San Ranieri 9,Via Montanelli 66,Ristorante Il Lago (Nodica),6.01,,,,,,,,,6.38
1096,Supermercato Coop Ghezzano,Stazione Leopolda,Ristorante Tuscany 2,6.07,Parcheggio Migliarino,16.86,Torre,11.92,Farmacia Cisanello,3.46,Ristorante Il Lago (Nodica),7.08,6.76
1097,Centro Commerciale Darsena (Tirrenia),Supermercato Coop Ghezzano,OBI Pisa,16.98,Decathlon Pisa,4.03,,,,,,,7.27
1098,Decathlon Pisa,Stazione Leopolda,Supermercato Coop San Giusto,2.22,Hotel Galilei Pisa,2.35,Conad La Vettola,5.86,Via Montanelli 66,6.51,Via Aretino Spinello 11,0.88,0.55
1099,Centro Commerciale Pisanova,Pizzeria Colignola,Supermercato Coop San Giusto,3.16,Ristorante Tuscany 2,3.46,,,,,,,1.31
1100,McDonald's Pisa Aurelia,Parcheggio Via Paparelli,Conad Metato,10.9,Carrefour Express Pisanova,9.82,,,,,,,2.99
1101,Via del Borghetto 102,Polo Fibonacci,Via San Ranieri 9,1.57,Ristorante Il Mio Capriccio,1.93,Ristorante Galileo,1.37,,,,,1.78
1102,Piscina Comunale Camalich,Via Aretino Spinello 11,Carrefour Express Pisanova,6.08,Stazione Pisa Centrale,1.83,MD Discount Riglione,5.65,,,,,6.35
1103,Supermercato Coop Ghezzano,Conad Pian di Marco,,,,,,,,,,,8.55
1104,Pizzeria Colignola,Stazione Pisa Centrale,,,,,,,,,,,4.35
1105,Stazione Pisa Centrale,Carrefour Express Pisanova,Euronics Pisa Cisanello,2.28,Parcheggio Migliarino,16.16,Ristorante Da Stefano (Tirrenia),27.63,McDonald's Pisa Aurelia,16.43,Ipercoop Pisa,3.46,1.07
1106,Ristorante Galileo,Decathlon Pisa,MediaWorld Pisa,0.77,OBI Pisa,3.78,Polo Fibonacci,4.58,Via San Ranieri 9,1.57,Via del Borghetto 102,1.73,2.62
1107,Farmacia Cisanello,Euronics Pisa Cisanello,Ristorante Da Stefano (Tirrenia),20.36,Parcheggio Migliarino,26.89,Supermercato Coop Ghezzano,12.3,Ipercoop Pisa,6.84,Esselunga Cisanello,1.55,1.02
1108,Via Angelo Battelli 5,Torre,Conad La Vettola,6.92,Lidl Pisa,5.81,,,,,,,2.02
1109,Farmacia Cisanello,Centro Commerciale Pisanova,OBI Pisa,5.96,Parcheggio di Cisanello,5.62,MD Discount Riglione,4.54,,,,,3.87
1110,Hotel Galilei Pisa,Parcheggio di Cisanello,Via Angelo Battelli 5,4.8,,,,,,,,,2.32
1111,Parcheggio di Cisanello,Hotel Continental Tirrenia,Eurospin Ospedaletto,7.22,Via Angelo Battelli 5,6.54,,,,,,,17.61
1112,Ristorante Tuscany 2,OBI Pisa,Pizzeria Pisanova,0.87,Parcheggio Porto di Marina,17.73,,,,,,,12.45
1113,Piscina Comunale Camalich,Conad Metato,Ristorante La Greppia,3.7,Supermercato Coop Ghezzano,7.35,McDonald's Pisa Aurelia,9.23,Parcheggio di Cisanello,4.44,Lidl Pisa,3.81,9.95
1114,Pizzeria Colignola,Conad Metato,MD Discount Riglione,3.23,Pizzeria Pisanova,4.24,Centro Commerciale Darsena (Tirrenia),19.94,,,,,27
1115,OBI Pisa,Polo Fibonacci,Via del Borghetto 102,4.59,Farmacia Cisanello,2.4,Centro Commerciale Darsena (Tirrenia),24.56,Ipercoop Pisa,21.27,,,2.68
1116,Via del Borghetto 102,Ipercoop Pisa,Torre,1.12,,,,,,,,,4.17
1117,Supermercato Coop San Giusto,Ristorante Il Lago (Nodica),Hotel Galilei Pisa,2.53,Parcheggio Migliarino,18.49,,,,,,,9.66
1118,Farmacia Cisanello,Ristorante La Greppia,,,,,,,,,,,3.51
1119,Supermercato Coop San Giusto,Via Montanelli 66,,,,,,,,,,,2.2
1120,Stazione Leopolda,Via Angelo Battelli 5,Conad Pian di Marco,2.13,Parco San Rossore,1.42,,,,,,,2.4
1121,Facolta di Ingegneria Polo A,Ristorante Il Lago (Nodica),Parcheggio di Cisanello,1.83,,,,,,,,,6.89
1122,MediaWorld Pisa,Carrefour Express Pisanova,Parco San Rossore,2.92,Lidl Pisa,0.73,Facolta di Ingegneria Polo A,2,,,,,1.49
1123,Pizzeria Pisanova,Via Aretino Spinello 11,,,,,,,,,,,1.87
1124,Polo Fibonacci,OBI Pisa,Ristorante Galileo,1.88,Ristorante La Greppia,2.32,,,,,,,2.21
1125,Parcheggio di Cisanello,Facolta di Ingegneria Polo A,Via Aretino Spinello 11,2.55,,,,,,,,,0.86
1126,Torre,Universita di Pisa,Ipercoop Pisa,4.33,Ristorante Da Stefano (Tirrenia),20.05,Ristorante Il Rustichello - San Piero,14.45,Euronics Pisa Cisanello,7.52,Polo Fibonacci,2.39,0.1
1127,Piscina Comunale Camalich,Stazione San Rossore,McDonald's Barbaricina,6.3,,,,,,,,,4.23
1128,MediaWorld Pisa,Universita di Pisa,Piscina Comunale Camalich,4.88,Via Montanelli 66,6.06,,,,,,,1
1129,Parcheggio San Giuliano Terme,McDonald's Barbaricina,Centro Commerciale Pisanova,9.71,Facolta di Ingegneria Polo A,1.84,Farmacia Cisanello,2.14,Euronics Pisa Cisanello,1.59,,,7.88
1130,Conad Pian di Marco,Euronics Pisa Cisanello,Centro Commerciale Pisanova,3.94,,,,,,,,,0.48
1131,McDonald's Barbaricina,Supermercato Coop San Giusto,Lidl Pisa,4.39,,,,,,,,,1.36
1132,Ristorante Da Stefano (Tirrenia),Ristorante Il Mio Capriccio,Stazione Leopolda,17.36,Piscina Comunale Camalich,5.47,Parcheggio San Giuliano Terme,13.07,Lidl Pisa,9.53,,,2.67
1133,Via del Borghetto 102,Conad Pian di Marco,Parcheggio Via Paparelli,1.84,,,,,,,,,5.69
1134,MediaWorld Pisa,Ristorante Galileo,Lidl Pisa,2.55,Piscina Comunale Camalich,4.83,Decathlon Pisa,4.97,Supermercato Coop Ghezzano,7.26,,,6.3
1135,Eurospin Ospedaletto,Parco San Rossore,Esselunga Cisanello,7.25,Parcheggio San Giuliano Terme,9.14,Via Aretino Spinello 11,9.54,,,,,1.72
1136,Via San Ranieri 9,Pizzeria Colignola,Universita di Pisa,1.23,Ristorante Da Stefano (Tirrenia),19.97,Euronics Pisa Cisanello,18.48,,,,,1.82
1137,Parcheggio San Giuliano Terme,Pizzeria Colignola,Supermercato Coop Ghezzano,2.99,Ristorante Tuscany 2,5.36,,,,,,,1.36
1138,Ristorante Il Lago (Nodica),Facolta di Ingegneria Polo A,Ipercoop Pisa,8.33,Parcheggio Via Paparelli,4.53,Parcheggio Porto di Marina,20.22,Conad Pian di Marco,12.9,Piscina Comunale Camalich,2.81,6.55
1139,Parcheggio Via Paparelli,Polo Fibonacci,Via San Ranieri 9,2.04,Ristorante La Greppia,3.48,Parcheggio San Giuliano Terme,10.34,,,,,7.05
1140,Ristorante Il Mio Capriccio,Carrefour Express Pisanova,Stazione Pisa Centrale,1.54,Supermercato Coop Ghezzano,7.38,Conad Metato,3.2,,,,,9.91
1141,Pizzeria Colignola,Facolta di Ingegneria Polo A,Polo Fibonacci,3.66,McDonald's Pisa Aurelia,4.1,Parcheggio Porto di Marina,14.31,Lidl Pisa,15.31,,,1.88
1142,Via San Ranieri 9,Pizzeria Pisanova,Hotel Continental Tirrenia,20.61,,,,,,,,,17.34
1143,Centro Commerciale Darsena (Tirrenia),Centro Commerciale Pisanova,Ristorante Tuscany 2,23.53,McDonald's Barbaricina,8.55,Via Angelo Battelli 5,5.74,Decathlon Pisa,2.09,Ristorante Galileo,1.18,0.39
1144,Via Montanelli 66,Supermercato Coop Ghezzano,Pizzeria Pisanova,0.97,Polo Fibonacci,1.69,Parcheggio Porto di Marina,17.5,Ristorante Galileo,18.23,Hotel Continental Tirrenia,17.63,25.21
1145,McDonald's Pisa Aurelia,Parcheggio di Cisanello,Parco San Rossore,1.47,Farmacia Cisanello,4.73,Via Montanelli 66,2.03,Via Cisanello 170,1.57,Ristorante Da Stefano (Tirrenia),19.02,20.19
1146,MediaWorld Pisa,Conad La Vettola,Ristorante Galileo,0.78,,,,,,,,,8.18
1147,Via Cisanello 170,Lidl Pisa,,,,,,,,,,,3.29
1148,Farmacia Cisanello,Euronics Pisa Cisanello,Universita di Pisa,2.1,Carrefour Express Pisanova,1.43,Ristorante Da Stefano (Tirrenia),20.36,Hotel Galilei Pisa,14.65,Hotel San Ranieri,6,1.63
1149,Supermercato Coop San Giusto,Stazione Leopolda,Ristorante Da Stefano (Tirrenia),16.32,Via Gabriele Vettori 18,20.56,Pizzeria Colignola,3.59,,,,,4.46
1150,Ristorante La Greppia,Farmacia Cisanello,McDonald's Barbaricina,6.25,Ristorante Pizzeria Il Pellicano,6.23,Ristorante Il Lago (Nodica),7.74,,,,,6.42
1151,Ristorante Il Lago (Nodica),Esselunga Cisanello,Carrefour Express Pisanova,6.86,Ristorante Pizzeria Il Pellicano,1.4,,,,,,,2.32
1152,Stazione San Rossore,Ristorante Tuscany 2,Conad Pian di Marco,1.68,Via Cisanello 170,4.26,Stazione Pisa Centrale,2.91,Ristorante La Greppia,0.86,,,2.84
1153,Parcheggio Via Paparelli,Ristorante Pizzeria Il Pellicano,,,,,,,,,,,4.32
1154,Centro Commerciale Darsena (Tirrenia),Eurospin Ospedaletto,Ristorante Il Rustichello - San Piero,15.1,Torre,6.4,OBI Pisa,4.72,Hotel Continental Tirrenia,13.5,,,13.1
1155,Stazione San Rossore,Euronics Pisa Cisanello,Via Montanelli 66,2.23,Pizzeria Pisanova,1.07,Universita di Pisa,1.75,Via del Borghetto 102,0.36,,,2.81
1156,Torre,Hotel Galilei Pisa,,,,,,,,,,,5.78
1157,Ristorante La Greppia,Via Cisanello 170,Carrefour Express Pisanova,1.74,Farmacia Cisanello,1.4,Hotel Continental Tirrenia,18.71,,,,,19.27
1158,MD Discount Riglione,Parco San Rossore,McDonald's Barbaricina,10.54,,,,,,,,,3.8
1159,Decathlon Pisa,Via San Ranieri 9,Via Angelo Battelli 5,1.94,Ristorante La Greppia,2.21,,,,,,,3.46
1160,Ristorante Galileo,Via Montanelli 66,,,,,,,,,,,1.38
1161,Stazione Pisa Centrale,Conad Pian di Marco,,,,,,,,,,,1.79
1162,MD Discount Riglione,Ristorante Il Rustichello - San Piero,,,,,,,,,,,8.42
1163,Ristorante La Greppia,Lidl Pisa,Via Aretino Spinello 11,2.09,Centro Commerciale Pisanova,1.83,,,,,,,2.76
1164,Centro Commerciale Darsena (Tirrenia),Ristorante Il Mio Capriccio,,,,,,,,,,,21.8
1165,Ristorante Pizzeria Il Pellicano,Supermercato Coop San Giusto,,,,,,,,,,,1.28
1166,Ipercoop Pisa,Centro Commerciale Pisanova,Polo Fibonacci,3.07,MD Discount Riglione,5.42,Ristorante Il Mio Capriccio,3.82,,,,,0.99
1167,Parcheggio Migliarino,Universita di Pisa,Decathlon Pisa,16.21,Ristorante Galileo,1.11,Conad Metato,8.9,,,,,7.76
1168,MD Discount Riglione,Via del Borghetto 102,Via San Ranieri 9,4.57,Parcheggio San Giuliano Terme,8.5,Via Gabriele Vettori 18,8.34,Via Aretino Spinello 11,0.63,,,1.14
1169,MediaWorld Pisa,Ipercoop Pisa,Parco San Rossore,2.94,Universita di Pisa,2.82,Ristorante Il Lago (Nodica),5.93,Hotel San Ranieri,6.06,Ristorante La Greppia,3.33,2.2
1170,Ristorante Galileo,Via Angelo Battelli 5,Ristorante Da Stefano (Tirrenia),20.7,,,,,,,,,18.42
1171,Centro Commerciale Darsena (Tirrenia),Via Gabriele Vettori 18,Stazione San Rossore,18.85,Via Aretino Spinello 11,1.66,Hotel Galilei Pisa,4.59,,,,,5.16
1172,Ristorante Tuscany 2,Farmacia Cisanello,McDonald's Barbaricina,8.73,Supermercato Coop San Giusto,5.29,Supermercato Coop Ghezzano,7.84,Lidl Pisa,6.88,,,3.62
1173,Ristorante Da Stefano (Tirrenia),Via Angelo Battelli 5,Stazione Pisa Centrale,17.38,Farmacia Cisanello,3.57,Conad Pian di Marco,5.29,,,,,3.24
1174,Conad Metato,MediaWorld Pisa,,,,,,,,,,,10.81
1175,McDonald's Pisa Aurelia,Parcheggio Porto di Marina,Esselunga Cisanello,3.95,Ristorante La Greppia,3.27,Parcheggio San Giuliano Terme,11.37,Ipercoop Pisa,10.77,Ristorante Il Lago (Nodica),8.69,21.69
1176,Via Aretino Spinello 11,Via del Borghetto 102,,,,,,,,,,,1.11
1177,Pizzeria Colignola,Ristorante Pizzeria Il Pellicano,Stazione Leopolda,4.31,,,,,,,,,1.23
1178,Parco San Rossore,Pizzeria Pisanova,Centro Commerciale Pisanova,3.06,Stazione San Rossore,3.13,Ipercoop Pisa,3.12,Torre,3.74,,,2.95
1179,Ristorante Il Mio Capriccio,Ristorante Da Stefano (Tirrenia),Parcheggio di Cisanello,1.83,Via San Ranieri 9,0.4,Parco San Rossore,4.23,,,,,17.69
1180,Piscina Comunale Camalich,Ristorante Il Rustichello - San Piero,,,,,,,,,,,3.74
1181,Piscina Comunale Camalich,Lidl Pisa,Parcheggio Migliarino,17.93,OBI Pisa,15.66,Ristorante Pizzeria Il Pellicano,2.65,Polo Fibonacci,2.47,Hotel San Ranieri,2.06,4
1182,Farmacia Cisanello,Eurospin Ospedaletto,Via Cisanello 170,0.41,Stazione San Rossore,3.8,Esselunga Cisanello,3.65,McDonald's Pisa Aurelia,4.81,Parcheggio Porto di Marina,13.82,11.24
1183,Pizzeria Colignola,Conad Metato,Hotel San Ranieri,1.47,,,,,,,,,8.25
1184,Esselunga Cisanello,Pizzeria Pisanova,Ristorante Da Stefano (Tirrenia),22.74,Carrefour Express Pisanova,20.83,McDonald's Barbaricina,6.11,McDonald's Pisa Aurelia,5.03,,,3.41
1185,Parcheggio Via Paparelli,Torre,Farmacia Cisanello,2.47,Ristorante Galileo,0.87,Hotel San Ranieri,1.02,Universita di Pisa,1.93,Hotel Galilei Pisa,5.75,5.72
1186,Esselunga Cisanello,Universita di Pisa,Ristorante Il Mio Capriccio,1.87,OBI Pisa,3.16,Polo Fibonacci,4.42,Supermercato Coop San Giusto,3.19,Stazione San Rossore,1,2.76
1187,Parco San Rossore,Via del Borghetto 102,Stazione Pisa Centrale,1.35,Ristorante La Greppia,0.75,Ristorante Da Stefano (Tirrenia),18.65,,,,,18.61
1188,Via Cisanello 170,Ristorante Da Stefano (Tirrenia),,,,,,,,,,,19.73
1189,Parcheggio Porto di Marina,Pizzeria Colignola,OBI Pisa,12.87,,,,,,,,,6.16
1190,Parcheggio Via Paparelli,Hotel Galilei Pisa,Parco San Rossore,4.93,Conad Metato,11.13,,,,,,,12.1
1191,Polo Fibonacci,Conad Metato,Via San Ranieri 9,1.42,OBI Pisa,4.75,Parco San Rossore,1.72,Conad Pian di Marco,1.27,Ristorante Il Rustichello - San Piero,3.5,15.05
1192,Ristorante Il Lago (Nodica),Hotel San Ranieri,Carrefour Express Pisanova,6.8,Conad Pian di Marco,3.13,Parcheggio San Giuliano Terme,12.27,,,,,8.24
1193,MediaWorld Pisa,Conad La Vettola,Decathlon Pisa,0.34,Euronics Pisa Cisanello,0.62,Parcheggio di Cisanello,1.33,MD Discount Riglione,4.37,,,10.21
1194,Conad Pian di Marco,Via Angelo Battelli 5,Via San Ranieri 9,4.3,,,,,,,,,1.95
1195,Torre,Ristorante Il Mio Capriccio,Via del Borghetto 102,1.23,OBI Pisa,4.24,Parcheggio di Cisanello,5.2,,,,,2
1196,Parcheggio Migliarino,Hotel San Ranieri,Farmacia Cisanello,14.56,Ristorante Galileo,0.78,,,,,,,0.92
1197,Ristorante La Greppia,Farmacia Cisanello,Ipercoop Pisa,2.16,,,,,,,,,2.05
1198,Euronics Pisa Cisanello,Parcheggio Via Paparelli,,,,,,,,,,,3.68
1199,Via Gabriele Vettori 18,Centro Commerciale Darsena (Tirrenia),,,,,,,,,,,20.99
1200,Via Cisanello 170,Piscina Comunale Camalich,Conad Pian di Marco,4.08,Parcheggio Via Paparelli,5.27,Hotel Continental Tirrenia,22.28,Stazione Leopolda,17.1,Ipercoop Pisa,2.62,4.9
1201,Via Angelo Battelli 5,Conad La Vettola,Facolta di Ingegneria Polo A,0.59,Stazione San Rossore,2.65,,,,,,,4.61
1202,Parcheggio Via Paparelli,Euronics Pisa Cisanello,Hotel Continental Tirrenia,22.27,Torre,18.47,,,,,,,3.66
1203,Facolta di Ingegneria Polo A,Stazione San Rossore,,,,,,,,,,,2.64
1204,Pizzeria Pisanova,Farmacia Cisanello,,,,,,,,,,,1.22
1205,Polo Fibonacci,Conad Metato,Pizzeria Pisanova,1.68,MediaWorld Pisa,0.51,Stazione San Rossore,3.11,Ristorante Il Rustichello - San Piero,4.15,,,14.85
1206,Polo Fibonacci,Universita di Pisa,McDonald's Pisa Aurelia,4.3,Ristorante Pizzeria Il Pellicano,1.98,Stazione Leopolda,1.23,Ristorante Tuscany 2,2.76,Piscina Comunale Camalich,6.24,7.01
1207,Stazione Leopolda,Conad La Vettola,Piscina Comunale Camalich,5.52,Via Gabriele Vettori 18,5.65,,,,,,,7.59
1208,Via Angelo Battelli 5,Parco San Rossore,Farmacia Cisanello,2.36,,,,,,,,,4.45
1209,Via Gabriele Vettori 18,Carrefour Express Pisanova,Pizzeria Pisanova,1.65,,,,,,,,,0.33
1210,Via Gabriele Vettori 18,Via Aretino Spinello 11,Conad La Vettola,6.81,Ristorante Il Mio Capriccio,6.98,Parcheggio Migliarino,14.56,,,,,14.71
1211,Piscina Comunale Camalich,Centro Commerciale Pisanova,Stazione Pisa Centrale,4.7,Eurospin Ospedaletto,4.87,,,,,,,6.21
1212,Parcheggio Migliarino,Farmacia Cisanello,Parcheggio di Cisanello,15.32,,,,,,,,,0.37
1213,Parcheggio San Giuliano Terme,OBI Pisa,,,,,,,,,,,11.07
1214,Universita di Pisa,Ristorante Il Mio Capriccio,Stazione Pisa Centrale,2.36,Hotel Continental Tirrenia,16.36,Piscina Comunale Camalich,12.72,,,,,4.69
1215,Via Aretino Spinello 11,Esselunga Cisanello,Lidl Pisa,1.16,Via Gabriele Vettori 18,1.79,Eurospin Ospedaletto,7.1,,,,,7.97
1216,Via Angelo Battelli 5,Conad Metato,Via Montanelli 66,0.81,Ristorante Il Mio Capriccio,1.46,Facolta di Ingegneria Polo A,2.21,Via Aretino Spinello 11,0.9,OBI Pisa,3.39,12.59
1217,Via San Ranieri 9,Parcheggio Porto di Marina,Via del Borghetto 102,1.78,,,,,,,,,16.54
1218,Ristorante Il Rustichello - San Piero,Supermercato Coop San Giusto,,,,,,,,,,,4.3
1219,Hotel Galilei Pisa,Parcheggio di Cisanello,Via Angelo Battelli 5,5.04,Parco San Rossore,2.18,Ipercoop Pisa,3.47,Parcheggio Migliarino,16.28,,,14.26
1220,Parcheggio di Cisanello,Ristorante Tuscany 2,Ristorante Pizzeria Il Pellicano,2.78,McDonald's Pisa Aurelia,1.7,Pizzeria Pisanova,3.76,Ristorante Galileo,0.41,Ristorante Il Rustichello - San Piero,7.06,8.26
1221,Parcheggio di Cisanello,Via Cisanello 170,Esselunga Cisanello,0.53,Stazione Pisa Centrale,3.11,Carrefour Express Pisanova,1.82,Parcheggio Migliarino,15.86,Ristorante Tuscany 2,16.09,0.58
1222,Parcheggio Porto di Marina,Pizzeria Pisanova,,,,,,,,,,,16.89
1223,Piscina Comunale Camalich,Ristorante Tuscany 2,,,,,,,,,,,5.92
1224,Hotel Galilei Pisa,Universita di Pisa,,,,,,,,,,,5.84
1225,Ristorante Il Mio Capriccio,Hotel San Ranieri,Farmacia Cisanello,2.3,Ristorante Il Lago (Nodica),6.02,Stazione Pisa Centrale,8.3,,,,,3.44
1226,Ristorante Tuscany 2,Ristorante Il Lago (Nodica),Pizzeria Colignola,1.34,Stazione Pisa Centrale,3.91,OBI Pisa,2.41,,,,,8.7
1227,Ristorante Da Stefano (Tirrenia),OBI Pisa,Via Angelo Battelli 5,17.7,Decathlon Pisa,2.2,Stazione Leopolda,1.92,Centro Commerciale Darsena (Tirrenia),19.08,,,17.15
1228,MD Discount Riglione,Polo Fibonacci,Via del Borghetto 102,6.52,Via Gabriele Vettori 18,0.59,Hotel San Ranieri,2.39,Hotel Galilei Pisa,5.99,Conad Pian di Marco,1.67,4.27
1229,Centro Commerciale Pisanova,Pizzeria Pisanova,Torre,3.46,MediaWorld Pisa,3.48,Via Montanelli 66,1.37,,,,,1.01
1230,Facolta di Ingegneria Polo A,Pizzeria Colignola,,,,,,,,,,,3.39
1231,Ristorante Galileo,Lidl Pisa,Eurospin Ospedaletto,7.86,Universita di Pisa,7.05,Centro Commerciale Pisanova,1.66,Parcheggio di Cisanello,0.99,Ristorante La Greppia,3.37,1.84
1232,Via Montanelli 66,Pizzeria Pisanova,McDonald's Pisa Aurelia,3.22,,,,,,,,,3.54
1233,Via Montanelli 66,Via del Borghetto 102,MD Discount Riglione,5.47,Pizzeria Colignola,3.78,Piscina Comunale Camalich,7.14,MediaWorld Pisa,4.9,Torre,3.3,1.08
1234,Ristorante La Greppia,Via Montanelli 66,Via San Ranieri 9,2.97,,,,,,,,,1.36
1235,Conad Metato,Carrefour Express Pisanova,Centro Commerciale Darsena (Tirrenia),31.77,Via Montanelli 66,21.96,,,,,,,0.79
1236,Conad Pian di Marco,Euronics Pisa Cisanello,,,,,,,,,,,3.49
1237,Lidl Pisa,Ristorante Pizzeria Il Pellicano,Parcheggio San Giuliano Terme,9.13,Centro Commerciale Pisanova,8.31,Torre,3.21,,,,,3.19
1238,Pizzeria Pisanova,Carrefour Express Pisanova,Piscina Comunale Camalich,5.71,Hotel Continental Tirrenia,13.67,,,,,,,19.13
1239,Ristorante Il Mio Capriccio,MD Discount Riglione,Lidl Pisa,2.53,Hotel Galilei Pisa,3.31,Universita di Pisa,4.94,,,,,6.39
1240,Eurospin Ospedaletto,Hotel Galilei Pisa,Parcheggio Via Paparelli,9.18,Ristorante Pizzeria Il Pellicano,4.59,Supermercato Coop Ghezzano,7.07,Hotel Continental Tirrenia,22.79,Ristorante Il Lago (Nodica),26.13,10.79
1241,Stazione San Rossore,Ristorante Il Mio Capriccio,Torre,2.26,Via del Borghetto 102,1.17,Parcheggio Porto di Marina,18.28,Ristorante Tuscany 2,18.31,,,1.55
1242,Hotel San Ranieri,Parcheggio Migliarino,Ristorante Il Lago (Nodica),6.41,Lidl Pisa,7.82,Centro Commerciale Darsena (Tirrenia),20.88,Euronics Pisa Cisanello,20.86,McDonald's Barbaricina,7.13,11.08
1243,Pizzeria Colignola,Supermercato Coop Ghezzano,Universita di Pisa,3.44,MediaWorld Pisa,1.99,Carrefour Express Pisanova,0.53,Via Aretino Spinello 11,1.78,Facolta di Ingegneria Polo A,1.01,5.47
1244,Parcheggio Migliarino,Via Aretino Spinello 11,,,,,,,,,,,12.67
1245,Eurospin Ospedaletto,Pizzeria Pisanova,Parco San Rossore,4.95,,,,,,,,,3.47
1246,Supermercato Coop San Giusto,Via del Borghetto 102,,,,,,,,,,,3.19
1247,McDonald's Barbaricina,Via del Borghetto 102,Via Cisanello 170,8.23,Conad La Vettola,9.39,,,,,,,6.6
1248,Via Angelo Battelli 5,Centro Commerciale Darsena (Tirrenia),Supermercato Coop Ghezzano,5.98,Ristorante Il Lago (Nodica),1.92,,,,,,,27.07
1249,Esselunga Cisanello,Ristorante Il Lago (Nodica),Via Gabriele Vettori 18,2.59,Lidl Pisa,1.69,Parcheggio Porto di Marina,15.42,Hotel Galilei Pisa,11.78,,,10.51
1250,Hotel Continental Tirrenia,Supermercato Coop Ghezzano,Supermercato Coop San Giusto,17.34,,,,,,,,,8.51
1251,Ristorante La Greppia,Parcheggio di Cisanello,,,,,,,,,,,2.97
1252,Parcheggio Porto di Marina,Parco San Rossore,Supermercato Coop Ghezzano,19.84,MD Discount Riglione,8.92,Facolta di Ingegneria Polo A,6.25,Centro Commerciale Darsena (Tirrenia),20.02,,,17.37
1253,Lidl Pisa,McDonald's Barbaricina,Farmacia Cisanello,3.89,,,,,,,,,7.57
1254,Farmacia Cisanello,Parcheggio Porto di Marina,,,,,,,,,,,18.26
1255,Supermercato Coop San Giusto,McDonald's Pisa Aurelia,Via Angelo Battelli 5,2.36,Piscina Comunale Camalich,5.6,Ipercoop Pisa,4.89,,,,,3.41
1256,Decathlon Pisa,Supermercato Coop Ghezzano,Stazione Leopolda,1.85,Euronics Pisa Cisanello,2.33,,,,,,,6.3
1257,OBI Pisa,Ristorante Tuscany 2,Centro Commerciale Pisanova,4.59,Eurospin Ospedaletto,7.09,Conad Metato,16.83,Ipercoop Pisa,10.48,,,1.32
1258,McDonald's Pisa Aurelia,Piscina Comunale Camalich,Parcheggio Via Paparelli,5.46,OBI Pisa,6.77,Via Gabriele Vettori 18,3.71,,,,,5.58
1259,Eurospin Ospedaletto,Supermercato Coop San Giusto,Ristorante La Greppia,5.27,Parco San Rossore,1.61,Conad La Vettola,4.35,,,,,5.19
1260,Supermercato Coop Ghezzano,Conad Pian di Marco,Euronics Pisa Cisanello,7.05,Parco San Rossore,3.43,,,,,,,1.31
1261,Via Angelo Battelli 5,Centro Commerciale Darsena (Tirrenia),Hotel San Ranieri,2.37,Hotel Galilei Pisa,6.08,Hotel Continental Tirrenia,14.1,McDonald's Pisa Aurelia,15.21,,,18.94
1262,McDonald's Barbaricina,Centro Commerciale Pisanova,,,,,,,,,,,6.59
1263,Ristorante Galileo,Ristorante Da Stefano (Tirrenia),Supermercato Coop San Giusto,2.98,Stazione Leopolda,1.43,,,,,,,19.76
1264,Pizzeria Pisanova,Via Aretino Spinello 11,,,,,,,,,,,1.84
1265,Facolta di Ingegneria Polo A,Ristorante Tuscany 2,Pizzeria Colignola,3.81,Lidl Pisa,5.42,McDonald's Pisa Aurelia,2.1,Farmacia Cisanello,5.01,,,0.71
1266,Lidl Pisa,Ipercoop Pisa,Via Cisanello 170,3.12,,,,,,,,,1.78
1267,Lidl Pisa,Pizzeria Colignola,Euronics Pisa Cisanello,3.27,,,,,,,,,1.91
1268,Ipercoop Pisa,Centro Commerciale Pisanova,Parcheggio di Cisanello,1.73,,,,,,,,,0.99
1269,Euronics Pisa Cisanello,Ristorante Il Mio Capriccio,Supermercato Coop San Giusto,3.18,Hotel Galilei Pisa,2.51,,,,,,,3.89
1270,Via del Borghetto 102,Parco San Rossore,Stazione San Rossore,2.47,Supermercato Coop San Giusto,1.07,Via Gabriele Vettori 18,2.58,Conad La Vettola,6.57,Torre,6.39,2.89
1271,Via Aretino Spinello 11,Ristorante Galileo,Ristorante Il Lago (Nodica),6.24,Carrefour Express Pisanova,7.08,MediaWorld Pisa,0.5,Centro Commerciale Darsena (Tirrenia),22.08,Parcheggio San Giuliano Terme,31.96,8.64
1272,McDonald's Barbaricina,Conad Metato,Via Aretino Spinello 11,5.62,Ipercoop Pisa,2.65,Decathlon Pisa,0.64,Farmacia Cisanello,2.1,,,9.21
1273,Stazione Pisa Centrale,Pizzeria Colignola,Centro Commerciale Pisanova,2.07,Eurospin Ospedaletto,6.23,Ristorante Tuscany 2,7.11,Conad Metato,9.67,,,9.82
1274,Farmacia Cisanello,Eurospin Ospedaletto,Hotel Galilei Pisa,6.09,,,,,,,,,2.36
1275,Via Gabriele Vettori 18,Stazione San Rossore,,,,,,,,,,,2.05
1276,McDonald's Pisa Aurelia,Pizzeria Pisanova,,,,,,,,,,,3.71
1277,Facolta di Ingegneria Polo A,Torre,Supermercato Coop Ghezzano,4.69,Ipercoop Pisa,6.23,,,,,,,3.75
1278,Ristorante Il Rustichello - San Piero,Lidl Pisa,Via Aretino Spinello 11,5.58,Parcheggio Migliarino,13.36,Via Montanelli 66,14.33,MD Discount Riglione,5.34,,,6.58
1279,Hotel Continental Tirrenia,Pizzeria Colignola,McDonald's Pisa Aurelia,16.05,OBI Pisa,0.86,Hotel San Ranieri,5.2,,,,,1.49
1280,Pizzeria Pisanova,Polo Fibonacci,Via Montanelli 66,1.09,Hotel Galilei Pisa,4.43,Parcheggio Porto di Marina,12.83,Ristorante Galileo,16.94,,,1.89
1281,Via Cisanello 170,Via del Borghetto 102,Parcheggio Migliarino,16.01,MediaWorld Pisa,14.27,Stazione Pisa Centrale,1.85,Supermercato Coop Ghezzano,7.06,,,4.49
1282,Ristorante Il Mio Capriccio,MediaWorld Pisa,Centro Commerciale Darsena (Tirrenia),20.49,Hotel Continental Tirrenia,2.65,Supermercato Coop Ghezzano,24.13,Parcheggio di Cisanello,4.86,,,1.42
1283,Conad Pian di Marco,Esselunga Cisanello,Parcheggio Via Paparelli,5.57,,,,,,,,,2.79
1284,Hotel San Ranieri,Stazione Leopolda,Facolta di Ingegneria Polo A,1.91,Polo Fibonacci,0.27,,,,,,,1.56
1285,Torre,OBI Pisa,Via del Borghetto 102,1.29,,,,,,,,,4.53
1286,Supermercato Coop Ghezzano,Ristorante Pizzeria Il Pellicano,Farmacia Cisanello,4.79,Ristorante Il Rustichello - San Piero,8.76,Conad La Vettola,2.49,,,,,6.86
1287,Stazione Pisa Centrale,Parco San Rossore,Pizzeria Colignola,4.4,Via Gabriele Vettori 18,3.94,Stazione San Rossore,1.98,,,,,0.35
1288,Ristorante Da Stefano (Tirrenia),Supermercato Coop Ghezzano,,,,,,,,,,,24.83
1289,Parcheggio Porto di Marina,Parcheggio San Giuliano Terme,Lidl Pisa,14.68,,,,,,,,,9.52
1290,Esselunga Cisanello,Parcheggio San Giuliano Terme,Via Aretino Spinello 11,2.78,Ristorante La Greppia,1.98,,,,,,,10.32
1291,Stazione San Rossore,Torre,Ristorante Da Stefano (Tirrenia),19.23,Supermercato Coop Ghezzano,24.93,Supermercato Coop San Giusto,8.29,Ipercoop Pisa,2.87,Stazione Pisa Centrale,2.34,2.76
1292,Parcheggio San Giuliano Terme,Lidl Pisa,,,,,,,,,,,9.81
1293,Hotel San Ranieri,Parcheggio Porto di Marina,Hotel Galilei Pisa,6.53,Decathlon Pisa,3.83,Ristorante Il Lago (Nodica),8.17,,,,,20.9
1294,Parcheggio Porto di Marina,Ristorante Pizzeria Il Pellicano,Pizzeria Colignola,20.09,Stazione Pisa Centrale,4.12,Facolta di Ingegneria Polo A,1.83,Conad La Vettola,6.99,,,6.44
1295,Supermercato Coop San Giusto,Torre,,,,,,,,,,,3
1296,Via Gabriele Vettori 18,Parco San Rossore,Parcheggio di Cisanello,2.11,Polo Fibonacci,1.82,Universita di Pisa,0.11,Ristorante Il Lago (Nodica),5.84,,,8.58
1297,Stazione San Rossore,Torre,Ristorante Tuscany 2,4.25,Supermercato Coop San Giusto,3.46,,,,,,,3.36
1298,Parcheggio Porto di Marina,Ristorante Galileo,Hotel Continental Tirrenia,3.77,Ristorante Il Lago (Nodica),22.79,McDonald's Barbaricina,8.22,Parcheggio di Cisanello,7.51,Eurospin Ospedaletto,8.02,7.33
1299,Conad La Vettola,Stazione Pisa Centrale,Ristorante Pizzeria Il Pellicano,6.8,Lidl Pisa,2.03,,,,,,,0.93
1300,Ristorante Il Mio Capriccio,Ristorante Il Lago (Nodica),,,,,,,,,,,8.7
1301,MediaWorld Pisa,Supermercato Coop San Giusto,Via Gabriele Vettori 18,1.81,Hotel San Ranieri,2.13,McDonald's Pisa Aurelia,4.4,,,,,0.77
1302,Ipercoop Pisa,Ristorante Il Mio Capriccio,Parcheggio San Giuliano Terme,9.32,Ristorante Il Rustichello - San Piero,12.92,Parcheggio Porto di Marina,10.8,,,,,15.34
1303,Piscina Comunale Camalich,Via Gabriele Vettori 18,Ristorante Il Rustichello - San Piero,3.6,Lidl Pisa,4.88,Facolta di Ingegneria Polo A,1.93,Via Montanelli 66,0.82,,,0.72
1304,Via del Borghetto 102,Conad Pian di Marco,Piscina Comunale Camalich,6.51,Facolta di Ingegneria Polo A,6.12,Parcheggio San Giuliano Terme,7.44,,,,,11.65
1305,Ristorante Il Rustichello - San Piero,Universita di Pisa,Torre,6.31,,,,,,,,,1.45
1306,Parcheggio Migliarino,Hotel Continental Tirrenia,Supermercato Coop San Giusto,15.65,Stazione Pisa Centrale,0.88,Carrefour Express Pisanova,1.9,Parcheggio Porto di Marina,16.31,,,3.9
1307,Supermercato Coop San Giusto,Euronics Pisa Cisanello,Stazione Leopolda,1.53,Carrefour Express Pisanova,1.57,MD Discount Riglione,4.14,Universita di Pisa,6.33,,,2.13
1308,Eurospin Ospedaletto,Parcheggio Via Paparelli,Decathlon Pisa,6.24,,,,,,,,,3.58
1309,Pizzeria Colignola,Parcheggio Porto di Marina,Stazione San Rossore,5.26,,,,,,,,,14.51
1310,OBI Pisa,Parcheggio Migliarino,,,,,,,,,,,15.72
1311,Parcheggio Migliarino,Parco San Rossore,Farmacia Cisanello,16.34,Via Aretino Spinello 11,2.79,Parcheggio di Cisanello,2.37,Hotel San Ranieri,0.36,Piscina Comunale Camalich,7.66,4.31
1312,Conad La Vettola,Facolta di Ingegneria Polo A,,,,,,,,,,,7.45
1313,Pizzeria Colignola,Ristorante Tuscany 2,Via Angelo Battelli 5,4.01,MD Discount Riglione,5.57,Decathlon Pisa,3.51,Conad Metato,10.85,,,8.35
1314,Parcheggio San Giuliano Terme,McDonald's Pisa Aurelia,Universita di Pisa,7.6,Eurospin Ospedaletto,7.01,Via Cisanello 170,8.07,Centro Commerciale Pisanova,0.8,Supermercato Coop San Giusto,2.89,0.76
1315,MD Discount Riglione,Parco San Rossore,,,,,,,,,,,5.98
1316,Ristorante Pizzeria Il Pellicano,Torre,Piscina Comunale Camalich,4.05,,,,,,,,,7.54
1317,Via Aretino Spinello 11,Via Angelo Battelli 5,Esselunga Cisanello,2.81,Parcheggio Migliarino,15.24,Stazione Leopolda,13.27,Decathlon Pisa,1.88,,,2.28
1318,Ristorante Pizzeria Il Pellicano,Supermercato Coop San Giusto,Parcheggio Migliarino,16.57,Pizzeria Pisanova,15.28,OBI Pisa,3.93,Eurospin Ospedaletto,3.21,,,4.46
1319,Ristorante La Greppia,Esselunga Cisanello,Pizzeria Pisanova,2.28,Centro Commerciale Darsena (Tirrenia),19.57,Conad La Vettola,15.97,Polo Fibonacci,7.68,Carrefour Express Pisanova,1.76,1.31
1320,Decathlon Pisa,Ristorante Il Mio Capriccio,Hotel Galilei Pisa,3.65,OBI Pisa,1.32,McDonald's Barbaricina,5.15,Via del Borghetto 102,5.37,,,2.63
1321,Ristorante Galileo,Via del Borghetto 102,Pizzeria Colignola,1.7,Polo Fibonacci,3.75,,,,,,,0.25
1322,McDonald's Pisa Aurelia,Hotel Continental Tirrenia,Polo Fibonacci,3.63,,,,,,,,,18.03
1323,McDonald's Pisa Aurelia,Parcheggio Porto di Marina,,,,,,,,,,,14
1324,Polo Fibonacci,Carrefour Express Pisanova,,,,,,,,,,,1.8
1325,Stazione Pisa Centrale,Via del Borghetto 102,,,,,,,,,,,2.5
1326,Ristorante La Greppia,Via San Ranieri 9,Hotel San Ranieri,3.37,,,,,,,,,0.5
1327,Ristorante La Greppia,Universita di Pisa,Ristorante Da Stefano (Tirrenia),17.2,Parcheggio Porto di Marina,4.78,MediaWorld Pisa,17.31,,,,,2.05
1328,Hotel San Ranieri,Via Montanelli 66,,,,,,,,,,,1.84
1329,Ristorante Pizzeria Il Pellicano,Supermercato Coop Ghezzano,Ristorante Il Mio Capriccio,0.69,MediaWorld Pisa,0.58,Hotel Galilei Pisa,4.47,Decathlon Pisa,4,,,6.63
1330,Lidl Pisa,Parcheggio Via Paparelli,Via Cisanello 170,3.54,Hotel Galilei Pisa,5.1,Universita di Pisa,5.04,McDonald's Barbaricina,5.82,Ristorante Il Lago (Nodica),8.75,3.83
1331,Stazione San Rossore,Farmacia Cisanello,Eurospin Ospedaletto,4.67,MD Discount Riglione,7.73,Polo Fibonacci,5.97,,,,,1.89
1332,Conad Pian di Marco,Via Angelo Battelli 5,Eurospin Ospedaletto,3.34,Via Cisanello 170,7.81,,,,,,,2.29
1333,Via Gabriele Vettori 18,Ristorante La Greppia,Ristorante Tuscany 2,2.29,Supermercato Coop San Giusto,3.94,Parcheggio Via Paparelli,4.89,Via San Ranieri 9,2.25,,,3.33
1334,Centro Commerciale Pisanova,Parcheggio Via Paparelli,Conad La Vettola,8.9,,,,,,,,,8.35
1335,Lidl Pisa,MediaWorld Pisa,McDonald's Pisa Aurelia,2.22,Parcheggio Migliarino,16.58,Ristorante Pizzeria Il Pellicano,14.75,,,,,1.39
1336,Via San Ranieri 9,Hotel San Ranieri,Farmacia Cisanello,0.69,Supermercato Coop San Giusto,4.4,,,,,,,4.07
1337,OBI Pisa,Universita di Pisa,Via San Ranieri 9,5.62,,,,,,,,,1.31
1338,Piscina Comunale Camalich,McDonald's Barbaricina,Supermercato Coop San Giusto,3.41,,,,,,,,,5.29
1339,Via Gabriele Vettori 18,Centro Commerciale Pisanova,Universita di Pisa,0.66,Esselunga Cisanello,2.26,Eurospin Ospedaletto,7.89,Via Angelo Battelli 5,6.93,Conad Metato,9.55,8.87
1340,Eurospin Ospedaletto,Parcheggio Porto di Marina,,,,,,,,,,,11.39
1341,Ristorante Tuscany 2,Via Aretino Spinello 11,,,,,,,,,,,2.84
1342,Stazione Leopolda,Conad Pian di Marco,Lidl Pisa,0.86,Parcheggio San Giuliano Terme,9.82,Hotel Galilei Pisa,13.2,Via Aretino Spinello 11,4.65,Via Gabriele Vettori 18,0.64,3.39
1343,Stazione Pisa Centrale,Via Cisanello 170,Pizzeria Pisanova,1.96,,,,,,,,,0.8
1344,Euronics Pisa Cisanello,Supermercato Coop Ghezzano,Via Angelo Battelli 5,2.26,OBI Pisa,3.8,Pizzeria Pisanova,4.63,Parcheggio Porto di Marina,16.77,Via Aretino Spinello 11,16.46,5.87
1345,Facolta di Ingegneria Polo A,Torre,,,,,,,,,,,1.31
1346,Hotel San Ranieri,OBI Pisa,,,,,,,,,,,5.99
1347,Ristorante Pizzeria Il Pellicano,Parcheggio Porto di Marina,McDonald's Barbaricina,6.06,OBI Pisa,4.63,Pizzeria Pisanova,4.04,Ristorante La Greppia,2.29,Ipercoop Pisa,1.83,17.89
1348,Conad La Vettola,Euronics Pisa Cisanello,Via Gabriele Vettori 18,6.38,Via San Ranieri 9,1.87,Ristorante Il Lago (Nodica),6.41,Hotel Continental Tirrenia,23.95,,,19.48
1349,Parcheggio di Cisanello,Stazione San Rossore,Ristorante Il Lago (Nodica),5.92,,,,,,,,,7.62
1350,Hotel San Ranieri,Facolta di Ingegneria Polo A,Ristorante Pizzeria Il Pellicano,3.16,Lidl Pisa,1.82,,,,,,,2.06
1351,Supermercato Coop Ghezzano,Universita di Pisa,Hotel San Ranieri,5.28,Stazione San Rossore,4.1,Pizzeria Pisanova,3.08,Euronics Pisa Cisanello,0.66,Parcheggio di Cisanello,1.39,1.69
1352,Via Aretino Spinello 11,Centro Commerciale Darsena (Tirrenia),Lidl Pisa,1.15,Stazione San Rossore,0.44,,,,,,,17.43
1353,Centro Commerciale Darsena (Tirrenia),Ristorante Il Lago (Nodica),Via San Ranieri 9,21.48,,,,,,,,,6.14
1354,Farmacia Cisanello,MD Discount Riglione,MediaWorld Pisa,1.63,,,,,,,,,3.78
1355,Ristorante Tuscany 2,Centro Commerciale Darsena (Tirrenia),MD Discount Riglione,3.91,,,,,,,,,20.44
1356,Parcheggio Migliarino,Centro Commerciale Darsena (Tirrenia),Stazione San Rossore,13.41,Centro Commerciale Pisanova,3.24,,,,,,,20.97
1357,OBI Pisa,Via del Borghetto 102,Hotel San Ranieri,5.36,Conad Metato,8.89,Conad Pian di Marco,10.81,Conad La Vettola,5.41,Universita di Pisa,7.02,0.33
1358,Hotel Continental Tirrenia,Piscina Comunale Camalich,Ristorante Da Stefano (Tirrenia),1.05,Conad Pian di Marco,16.04,Ristorante Il Lago (Nodica),9.71,,,,,12.95
1359,Ristorante Tuscany 2,Eurospin Ospedaletto,Stazione Pisa Centrale,3,Stazione San Rossore,1.07,,,,,,,5.47
1360,Ipercoop Pisa,Facolta di Ingegneria Polo A,Polo Fibonacci,2.95,Via del Borghetto 102,0.26,Supermercato Coop Ghezzano,4.63,Stazione Leopolda,6.89,Ristorante Galileo,2.42,1.88
1361,Supermercato Coop Ghezzano,Ristorante La Greppia,MediaWorld Pisa,6.66,Via Angelo Battelli 5,1.92,Stazione Leopolda,0.96,Carrefour Express Pisanova,1.64,Ristorante Il Lago (Nodica),6.48,7.91
1362,Esselunga Cisanello,Ristorante Il Rustichello - San Piero,Decathlon Pisa,1.46,Pizzeria Colignola,2.5,Centro Commerciale Darsena (Tirrenia),21,Via Angelo Battelli 5,18.87,Via Montanelli 66,0.75,6.58
1363,MD Discount Riglione,Euronics Pisa Cisanello,Farmacia Cisanello,4.33,,,,,,,,,1.51
1364,Ristorante Da Stefano (Tirrenia),Supermercato Coop Ghezzano,Polo Fibonacci,21.86,Parcheggio di Cisanello,1.7,Ristorante La Greppia,3.2,,,,,7.56
1365,Centro Commerciale Pisanova,Parco San Rossore,,,,,,,,,,,3.24
1366,Pizzeria Pisanova,Stazione Pisa Centrale,Piscina Comunale Camalich,5.39,,,,,,,,,4.67
1367,Stazione Pisa Centrale,Via Montanelli 66,Via Cisanello 170,2.91,MD Discount Riglione,4.64,Ristorante Pizzeria Il Pellicano,4.4,,,,,1.53
1368,Universita di Pisa,Parco San Rossore,Hotel Galilei Pisa,5.5,Hotel San Ranieri,6.29,Eurospin Ospedaletto,7.76,Via del Borghetto 102,7.3,,,3.09
1369,Conad Pian di Marco,Torre,Ristorante Tuscany 2,4.9,Eurospin Ospedaletto,7.23,Parcheggio Porto di Marina,9.46,Facolta di Ingegneria Polo A,15.83,Parcheggio San Giuliano Terme,7.96,7.52
1370,Supermercato Coop San Giusto,Via Aretino Spinello 11,Via Cisanello 170,3.52,Hotel Continental Tirrenia,20.53,Ristorante Il Mio Capriccio,16.92,Via del Borghetto 102,2.36,Lidl Pisa,2.02,1.01
1371,Hotel Galilei Pisa,Eurospin Ospedaletto,Ristorante Da Stefano (Tirrenia),14.83,Ristorante Il Mio Capriccio,20.06,Supermercato Coop Ghezzano,7.55,Torre,4.9,,,7.74
1372,Centro Commerciale Darsena (Tirrenia),Ristorante Galileo,Polo Fibonacci,22.47,,,,,,,,,2.02
1373,Facolta di Ingegneria Polo A,Supermercato Coop San Giusto,Via Gabriele Vettori 18,0.34,Ristorante Il Lago (Nodica),5.55,,,,,,,7.54
1374,McDonald's Barbaricina,Hotel Galilei Pisa,Ristorante Il Lago (Nodica),8.69,Via Gabriele Vettori 18,6.57,Parcheggio San Giuliano Terme,9.03,,,,,14.35
1375,Supermercato Coop San Giusto,Conad La Vettola,,,,,,,,,,,4.94
1376,Decathlon Pisa,Via del Borghetto 102,Via Montanelli 66,1.28,,,,,,,,,1.23
1377,MD Discount Riglione,Facolta di Ingegneria Polo A,Stazione Leopolda,5.21,Farmacia Cisanello,2.7,Conad Metato,7.88,Conad La Vettola,12.99,Centro Commerciale Pisanova,7.52,1.69
1378,Stazione Pisa Centrale,Universita di Pisa,MD Discount Riglione,5.33,Parcheggio Porto di Marina,16.03,,,,,,,18.11
1379,Stazione Leopolda,Carrefour Express Pisanova,OBI Pisa,2.79,Supermercato Coop San Giusto,1.45,Torre,2.92,Farmacia Cisanello,3.31,,,1.57
1380,Parcheggio di Cisanello,Facolta di Ingegneria Polo A,,,,,,,,,,,2.03
1381,Via Gabriele Vettori 18,Ristorante Da Stefano (Tirrenia),,,,,,,,,,,20.12
1382,Eurospin Ospedaletto,Euronics Pisa Cisanello,,,,,,,,,,,6.91
1383,Carrefour Express Pisanova,Polo Fibonacci,Ipercoop Pisa,1.07,Decathlon Pisa,0.62,Farmacia Cisanello,2.04,Via Gabriele Vettori 18,2.38,Parcheggio Via Paparelli,2.56,1.84
1384,Carrefour Express Pisanova,Pizzeria Pisanova,Torre,3.15,Esselunga Cisanello,4,Pizzeria Colignola,1.37,Via Aretino Spinello 11,3.85,OBI Pisa,3.41,3.93
1385,Conad Metato,Torre,Farmacia Cisanello,9.2,Stazione Leopolda,3.16,Via del Borghetto 102,1.73,,,,,1.16
1386,Ristorante Il Mio Capriccio,Eurospin Ospedaletto,Universita di Pisa,2.49,Ipercoop Pisa,2.64,Ristorante Il Rustichello - San Piero,6.59,Farmacia Cisanello,7.47,,,7.86
1387,Ristorante Il Rustichello - San Piero,Via Montanelli 66,Esselunga Cisanello,7.72,Ristorante Il Lago (Nodica),7.71,Via del Borghetto 102,5.72,Conad Pian di Marco,4.02,Via Gabriele Vettori 18,3.23,0.8
1388,Parcheggio Via Paparelli,Esselunga Cisanello,Via del Borghetto 102,1.94,MediaWorld Pisa,2.61,Stazione Pisa Centrale,1.87,Polo Fibonacci,2.27,Via San Ranieri 9,1.4,0.88
1389,Via Angelo Battelli 5,Pizzeria Pisanova,Parco San Rossore,2.05,Centro Commerciale Pisanova,3.24,,,,,,,0.12
1390,Polo Fibonacci,Torre,Ristorante Il Mio Capriccio,2.28,Conad Pian di Marco,3.06,,,,,,,3.82
1391,Ristorante La Greppia,Via del Borghetto 102,OBI Pisa,2.32,Parcheggio Migliarino,14.47,,,,,,,13.4
1392,Pizzeria Colignola,Ristorante Il Lago (Nodica),Hotel Galilei Pisa,6.19,Stazione Leopolda,3.49,,,,,,,7.09
1393,Pizzeria Colignola,Stazione San Rossore,,,,,,,,,,,5.65
1394,Parcheggio Migliarino,Eurospin Ospedaletto,Ristorante Il Rustichello - San Piero,14.01,,,,,,,,,3
1395,Carrefour Express Pisanova,Pizzeria Pisanova,OBI Pisa,4.06,,,,,,,,,4.58
1396,Parcheggio Migliarino,Via Montanelli 66,Ristorante Galileo,14.84,Esselunga Cisanello,0.53,Ristorante Tuscany 2,0.19,Ristorante Il Mio Capriccio,1.65,Lidl Pisa,2.5,1.7
1397,Centro Commerciale Pisanova,Via Gabriele Vettori 18,Ristorante Pizzeria Il Pellicano,1.47,,,,,,,,,2.15
1398,Centro Commerciale Pisanova,Conad Metato,Via Aretino Spinello 11,1.97,Via San Ranieri 9,2.24,McDonald's Pisa Aurelia,4.79,Facolta di Ingegneria Polo A,3.64,Supermercato Coop San Giusto,2.85,11.68
1399,Euronics Pisa Cisanello,Via Gabriele Vettori 18,,,,,,,,,,,2.32
1400,Piscina Comunale Camalich,Via Angelo Battelli 5,,,,,,,,,,,5.94
1401,McDonald's Barbaricina,Parco San Rossore,MediaWorld Pisa,7.05,,,,,,,,,3.44
1402,Centro Commerciale Pisanova,Ristorante Da Stefano (Tirrenia),Via Angelo Battelli 5,2.03,Universita di Pisa,0.98,Parcheggio Via Paparelli,1.76,Parco San Rossore,4.91,,,16.03
1403,Parcheggio di Cisanello,Esselunga Cisanello,,,,,,,,,,,0.58
1404,Ristorante Pizzeria Il Pellicano,Pizzeria Colignola,Via del Borghetto 102,2.67,Conad Metato,8.07,McDonald's Barbaricina,10.91,Via Gabriele Vettori 18,5.77,Ristorante Il Lago (Nodica),6.4,7.48
1405,Stazione Pisa Centrale,Ristorante Tuscany 2,Lidl Pisa,0.93,Ristorante Il Lago (Nodica),7.53,,,,,,,7.44
1406,Via Gabriele Vettori 18,Parcheggio di Cisanello,Ristorante La Greppia,2.15,,,,,,,,,2.92
1407,Ristorante Da Stefano (Tirrenia),Eurospin Ospedaletto,Via del Borghetto 102,19.51,,,,,,,,,6.83
1408,Farmacia Cisanello,Ristorante Tuscany 2,Ristorante Il Mio Capriccio,2.04,,,,,,,,,1.76
1409,Conad Pian di Marco,Via Montanelli 66,,,,,,,,,,,3.28
1410,Polo Fibonacci,Eurospin Ospedaletto,McDonald's Pisa Aurelia,3.92,Pizzeria Colignola,5.78,,,,,,,8.02
1411,Ristorante Il Lago (Nodica),McDonald's Pisa Aurelia,Via Cisanello 170,6.51,,,,,,,,,4.09
1412,Parco San Rossore,Farmacia Cisanello,Ipercoop Pisa,3.84,Conad Metato,9.57,McDonald's Pisa Aurelia,10.98,,,,,4.88
1413,Supermercato Coop San Giusto,Via Cisanello 170,Ristorante La Greppia,0.98,McDonald's Pisa Aurelia,1.3,Ristorante Galileo,4.08,,,,,0.54
1414,Via San Ranieri 9,Euronics Pisa Cisanello,Conad Pian di Marco,4.45,,,,,,,,,3.73
1415,Stazione Pisa Centrale,OBI Pisa,Decathlon Pisa,1.89,McDonald's Barbaricina,7.54,Hotel Galilei Pisa,6.04,Eurospin Ospedaletto,2.26,,,2.91
1416,Ristorante Il Rustichello - San Piero,McDonald's Pisa Aurelia,,,,,,,,,,,3.91
1417,Ristorante Da Stefano (Tirrenia),Ristorante Pizzeria Il Pellicano,,,,,,,,,,,20.18
1418,Ristorante Il Rustichello - San Piero,Pizzeria Pisanova,Esselunga Cisanello,8.65,,,,,,,,,0.98
1419,Polo Fibonacci,Parcheggio di Cisanello,OBI Pisa,4.26,,,,,,,,,5.05
1420,Lidl Pisa,Decathlon Pisa,Via Montanelli 66,2.04,Via Cisanello 170,1.63,Conad Metato,8.53,,,,,10.15
1421,Ristorante Pizzeria Il Pellicano,Hotel Galilei Pisa,Parcheggio di Cisanello,2.67,Ristorante Il Mio Capriccio,2.01,Stazione Pisa Centrale,1.65,Euronics Pisa Cisanello,2.33,Via Angelo Battelli 5,2.27,4.21
1422,Ristorante Galileo,Parcheggio Via Paparelli,Euronics Pisa Cisanello,0.66,,,,,,,,,3.85
1423,Via Montanelli 66,Stazione Pisa Centrale,Pizzeria Colignola,2.89,Supermercato Coop Ghezzano,5.55,,,,,,,7.27
1424,Ristorante Da Stefano (Tirrenia),Stazione San Rossore,,,,,,,,,,,19.49
1425,Universita di Pisa,Carrefour Express Pisanova,Supermercato Coop San Giusto,3.35,Parcheggio di Cisanello,3.51,Farmacia Cisanello,0.35,,,,,1.43
1426,McDonald's Barbaricina,Hotel Continental Tirrenia,Hotel San Ranieri,7.67,Pizzeria Pisanova,1.39,,,,,,,19.46
1427,Hotel San Ranieri,Ristorante Da Stefano (Tirrenia),McDonald's Pisa Aurelia,4.55,Supermercato Coop San Giusto,0.91,Universita di Pisa,3.24,Via Montanelli 66,1.09,Via Aretino Spinello 11,0.9,17.81
1428,Supermercato Coop San Giusto,Centro Commerciale Pisanova,Via San Ranieri 9,3.74,,,,,,,,,1.24
1429,Via Angelo Battelli 5,Centro Commerciale Pisanova,Parco San Rossore,2.3,,,,,,,,,3.46
1430,Via del Borghetto 102,Lidl Pisa,Via Gabriele Vettori 18,0.61,Ipercoop Pisa,2.57,Ristorante Tuscany 2,1.21,Esselunga Cisanello,0.2,McDonald's Pisa Aurelia,4.24,1.98
1431,Supermercato Coop Ghezzano,Facolta di Ingegneria Polo A,Via Gabriele Vettori 18,5.38,Parcheggio Porto di Marina,16.5,Hotel San Ranieri,18.29,Parcheggio San Giuliano Terme,7.83,Ristorante La Greppia,10.63,2.55
1432,Parcheggio di Cisanello,Via Aretino Spinello 11,Ristorante Il Lago (Nodica),5.87,,,,,,,,,6.02
1433,Polo Fibonacci,Parcheggio di Cisanello,Conad La Vettola,8.08,Via Gabriele Vettori 18,6.33,Parcheggio Via Paparelli,2.47,,,,,2.54
1434,Parcheggio Migliarino,Ristorante Da Stefano (Tirrenia),Parco San Rossore,13.68,Ristorante Galileo,4.04,Esselunga Cisanello,0.52,Via Cisanello 170,0.48,Supermercato Coop Ghezzano,5.02,26.87
1435,Pizzeria Colignola,Stazione San Rossore,Centro Commerciale Darsena (Tirrenia),24.09,Ristorante La Greppia,17.99,Parcheggio Via Paparelli,5.05,Hotel Continental Tirrenia,19.58,,,16.63
1436,Via Montanelli 66,Ristorante Pizzeria Il Pellicano,Hotel Continental Tirrenia,20.28,,,,,,,,,18.64
1437,Parcheggio di Cisanello,Conad Metato,Conad Pian di Marco,4.11,Universita di Pisa,4.17,Pizzeria Pisanova,1.56,Supermercato Coop San Giusto,2.76,,,11.72
1438,Hotel San Ranieri,Supermercato Coop San Giusto,,,,,,,,,,,4.16
1439,Centro Commerciale Pisanova,MD Discount Riglione,,,,,,,,,,,3.81
1440,Parcheggio di Cisanello,Hotel San Ranieri,OBI Pisa,5.35,Via San Ranieri 9,4.89,Via Montanelli 66,1.56,Via del Borghetto 102,1.28,,,2.22
1441,Parcheggio Migliarino,Parco San Rossore,Eurospin Ospedaletto,19.03,MD Discount Riglione,7.55,,,,,,,5.88
1442,Parcheggio Porto di Marina,Ristorante Da Stefano (Tirrenia),Via Angelo Battelli 5,16,MediaWorld Pisa,2.22,Via Aretino Spinello 11,2.25,,,,,19.05
1443,Stazione Pisa Centrale,Hotel San Ranieri,Torre,2.59,Via Aretino Spinello 11,1.41,Supermercato Coop San Giusto,1.97,,,,,4.01
1444,Stazione Pisa Centrale,OBI Pisa,McDonald's Barbaricina,4.72,,,,,,,,,5.02
1445,Via Gabriele Vettori 18,Stazione Pisa Centrale,Conad Metato,9.03,,,,,,,,,9.95
1446,Via Aretino Spinello 11,Hotel San Ranieri,Parco San Rossore,1.75,Torre,2.53,,,,,,,3.56
1447,Torre,Pizzeria Pisanova,Ristorante Pizzeria Il Pellicano,3.41,Ristorante Il Lago (Nodica),7.97,Parcheggio Migliarino,8.94,,,,,15.16
1448,Stazione San Rossore,Carrefour Express Pisanova,,,,,,,,,,,2.67
1449,Parcheggio Migliarino,MD Discount Riglione,Conad Metato,10.24,McDonald's Pisa Aurelia,11.41,Hotel San Ranieri,4.35,Pizzeria Colignola,1.47,,,3.24
1450,Via Montanelli 66,Ristorante Il Mio Capriccio,Via Gabriele Vettori 18,0.76,,,,,,,,,1.99
1451,Stazione San Rossore,Ipercoop Pisa,Ristorante Il Lago (Nodica),7.77,Via Montanelli 66,7.08,,,,,,,1.75
1452,Ristorante Il Mio Capriccio,Via San Ranieri 9,Lidl Pisa,2.35,Via Montanelli 66,1.73,Parcheggio Porto di Marina,17.27,Via Gabriele Vettori 18,15.76,McDonald's Barbaricina,5.47,8.05
1453,OBI Pisa,Conad Metato,Parcheggio Migliarino,16.3,,,,,,,,,8.83
1454,Supermercato Coop San Giusto,Stazione San Rossore,Ristorante La Greppia,0.93,OBI Pisa,2.22,,,,,,,2.09
1455,Stazione Leopolda,Ristorante Tuscany 2,McDonald's Barbaricina,4.8,Parco San Rossore,4.05,,,,,,,3.96
1456,Stazione Leopolda,Parcheggio Via Paparelli,Centro Commerciale Pisanova,2.05,Conad La Vettola,8.93,Facolta di Ingegneria Polo A,7.6,,,,,1.95
1457,Esselunga Cisanello,Centro Commerciale Pisanova,McDonald's Barbaricina,7.61,Ristorante Tuscany 2,8.6,Ipercoop Pisa,1.21,,,,,0.97
1458,Conad Metato,Via del Borghetto 102,Ristorante La Greppia,10.77,Ristorante Il Lago (Nodica),9.17,,,,,,,5.55
1459,Parcheggio San Giuliano Terme,Ristorante Il Rustichello - San Piero,,,,,,,,,,,14.8
1460,Ristorante La Greppia,McDonald's Barbaricina,,,,,,,,,,,6.01
1461,Pizzeria Pisanova,Supermercato Coop Ghezzano,Via Cisanello 170,0.75,Parco San Rossore,4.09,Pizzeria Colignola,5.28,,,,,5.54
1462,Supermercato Coop San Giusto,McDonald's Pisa Aurelia,Conad Metato,10.25,,,,,,,,,11.89
1463,Supermercato Coop San Giusto,MediaWorld Pisa,Stazione Leopolda,1.53,,,,,,,,,1.81
1464,Farmacia Cisanello,Centro Commerciale Darsena (Tirrenia),Ipercoop Pisa,1.71,,,,,,,,,20.08
1465,Ristorante Tuscany 2,Carrefour Express Pisanova,Via Montanelli 66,2.06,Esselunga Cisanello,1.92,,,,,,,1.19
1466,Centro Commerciale Darsena (Tirrenia),Ristorante La Greppia,,,,,,,,,,,19.48
1467,MD Discount Riglione,Polo Fibonacci,Piscina Comunale Camalich,6.58,Via Cisanello 170,7.23,Ristorante Da Stefano (Tirrenia),18.88,Pizzeria Colignola,20.13,,,3.44
1468,MediaWorld Pisa,Carrefour Express Pisanova,Facolta di Ingegneria Polo A,2.09,MD Discount Riglione,5.57,Universita di Pisa,6.03,,,,,1.62
1469,Via Cisanello 170,Conad Metato,,,,,,,,,,,9.27
1470,Parcheggio Via Paparelli,Centro Commerciale Pisanova,Hotel San Ranieri,2.39,Ristorante Il Rustichello - San Piero,8.43,,,,,,,7.21
1471,Piscina Comunale Camalich,Centro Commerciale Pisanova,Euronics Pisa Cisanello,5.44,Parco San Rossore,3.28,,,,,,,3.57
1472,Centro Commerciale Darsena (Tirrenia),Farmacia Cisanello,Parcheggio di Cisanello,20.6,Via Cisanello 170,0.13,Ristorante Da Stefano (Tirrenia),20.83,Hotel Galilei Pisa,14.12,,,5.5
1473,Ristorante Il Lago (Nodica),Stazione San Rossore,Hotel Galilei Pisa,10.35,Lidl Pisa,3.77,Conad Pian di Marco,1.96,Ristorante Galileo,3.85,Ristorante Tuscany 2,0.51,3.76
1474,Pizzeria Pisanova,Carrefour Express Pisanova,Eurospin Ospedaletto,7.28,Stazione Leopolda,5.35,,,,,,,1.64
1475,Parcheggio San Giuliano Terme,Farmacia Cisanello,,,,,,,,,,,8.17
1476,Ristorante Il Rustichello - San Piero,Via Aretino Spinello 11,,,,,,,,,,,5.27
1477,Hotel Continental Tirrenia,Ristorante Tuscany 2,Torre,18.04,,,,,,,,,3.59
1478,Ristorante Il Lago (Nodica),McDonald's Barbaricina,Torre,5.39,Esselunga Cisanello,3.65,Centro Commerciale Darsena (Tirrenia),22.22,,,,,16.78
1479,Via San Ranieri 9,Hotel Continental Tirrenia,Ristorante Da Stefano (Tirrenia),19.13,Carrefour Express Pisanova,21.54,Parcheggio di Cisanello,1.23,Conad Metato,7.81,McDonald's Pisa Aurelia,12.35,15.02
1480,MD Discount Riglione,Stazione Leopolda,Centro Commerciale Darsena (Tirrenia),19.98,Conad Pian di Marco,16.47,Hotel Continental Tirrenia,13.96,Torre,19.43,,,2.07
1481,Parcheggio Migliarino,MediaWorld Pisa,Ipercoop Pisa,16.19,,,,,,,,,0.62
1482,Via Montanelli 66,Parcheggio Porto di Marina,Parcheggio di Cisanello,1.53,,,,,,,,,19.22
1483,Eurospin Ospedaletto,Hotel San Ranieri,Supermercato Coop Ghezzano,12.13,Via del Borghetto 102,4.6,Hotel Galilei Pisa,5.22,Euronics Pisa Cisanello,4.57,,,1.71
1484,McDonald's Pisa Aurelia,Parcheggio Porto di Marina,,,,,,,,,,,13.11
1485,Stazione Pisa Centrale,Stazione Leopolda,,,,,,,,,,,0.62
1486,Ristorante Tuscany 2,Parcheggio di Cisanello,Ristorante Il Lago (Nodica),7.86,,,,,,,,,6.86
1487,Eurospin Ospedaletto,Ristorante Tuscany 2,Pizzeria Pisanova,7.29,Parcheggio San Giuliano Terme,9.25,Universita di Pisa,7.4,,,,,2.17
1488,Conad Pian di Marco,Centro Commerciale Darsena (Tirrenia),,,,,,,,,,,18.48
1489,Carrefour Express Pisanova,Stazione Leopolda,Ristorante Tuscany 2,1.13,Via Aretino Spinello 11,2.84,Parcheggio Migliarino,12.3,,,,,14.01
1490,McDonald's Barbaricina,Stazione San Rossore,,,,,,,,,,,3.84
1491,Polo Fibonacci,Esselunga Cisanello,,,,,,,,,,,2.17
1492,Parcheggio Porto di Marina,Conad Pian di Marco,Ristorante Il Mio Capriccio,15.46,Via Angelo Battelli 5,1.99,,,,,,,2.99
1493,Carrefour Express Pisanova,Lidl Pisa,Torre,2.69,Ipercoop Pisa,4.24,Universita di Pisa,2.45,Via San Ranieri 9,1.42,Hotel Galilei Pisa,5.33,3.65
1494,Via del Borghetto 102,Torre,MD Discount Riglione,5.7,Decathlon Pisa,3.85,Stazione Leopolda,1.93,Ristorante Pizzeria Il Pellicano,1.28,,,3.23
1495,Conad Pian di Marco,Via Aretino Spinello 11,Esselunga Cisanello,4.37,Decathlon Pisa,1.7,,,,,,,1.87
1496,Polo Fibonacci,Ristorante Il Lago (Nodica),Stazione Leopolda,1.62,Ristorante Galileo,2.44,,,,,,,6.86
1497,Via Angelo Battelli 5,Conad La Vettola,Piscina Comunale Camalich,5.93,Parcheggio Porto di Marina,11.97,Ristorante Tuscany 2,18.76,Via Montanelli 66,2.01,Ristorante La Greppia,2.05,6.7
1498,Ristorante Il Lago (Nodica),Pizzeria Pisanova,Piscina Comunale Camalich,13.01,Ristorante La Greppia,3.7,,,,,,,2.13
1499,Parcheggio Migliarino,Polo Fibonacci,Ipercoop Pisa,14.79,Ristorante Il Lago (Nodica),8.08,Via Montanelli 66,7.22,,,,,1.08
1500,Farmacia Cisanello,Ristorante Galileo,Ristorante Da Stefano (Tirrenia),21.98,Parco San Rossore,17.55,Via del Borghetto 102,2.68,,,,,2
1501,Parcheggio San Giuliano Terme,Lidl Pisa,Centro Commerciale Pisanova,8.82,,,,,,,,,2.64
1502,McDonald's Barbaricina,Parcheggio San Giuliano Terme,Conad Metato,10.28,Ristorante La Greppia,11.94,Hotel Continental Tirrenia,16.48,Pizzeria Pisanova,19.27,,,9.24
1503,Pizzeria Colignola,Piscina Comunale Camalich,Supermercato Coop San Giusto,4.94,Parco San Rossore,0.85,Ristorante Il Mio Capriccio,2.85,,,,,5
1504,Farmacia Cisanello,Stazione Pisa Centrale,Conad Pian di Marco,5.13,,,,,,,,,1.75
1505,Ristorante Pizzeria Il Pellicano,Hotel San Ranieri,Stazione San Rossore,1.91,Parcheggio Porto di Marina,14.07,Farmacia Cisanello,16.66,MD Discount Riglione,4.71,,,4.63
1506,Centro Commerciale Darsena (Tirrenia),Via Aretino Spinello 11,,,,,,,,,,,18.89
1507,Pizzeria Pisanova,Lidl Pisa,Decathlon Pisa,0.73,Parcheggio di Cisanello,1.61,Facolta di Ingegneria Polo A,1.71,McDonald's Barbaricina,5.7,,,3.89
1508,Ristorante Da Stefano (Tirrenia),Parco San Rossore,,,,,,,,,,,18.36
1509,Pizzeria Pisanova,Ristorante Pizzeria Il Pellicano,Piscina Comunale Camalich,5.79,OBI Pisa,2.42,Ristorante Il Rustichello - San Piero,2.54,Carrefour Express Pisanova,6.5,McDonald's Barbaricina,6.63,5.53
1510,Centro Commerciale Darsena (Tirrenia),Conad Pian di Marco,Parcheggio di Cisanello,20.41,Via Aretino Spinello 11,2.56,Hotel San Ranieri,2.6,,,,,4.56
1511,Via Angelo Battelli 5,Ristorante Pizzeria Il Pellicano,Via Cisanello 170,2.18,Via San Ranieri 9,0.52,Ristorante Galileo,0.96,Via Gabriele Vettori 18,2.06,Polo Fibonacci,0.54,2.48
1512,Eurospin Ospedaletto,Via Aretino Spinello 11,Parcheggio Via Paparelli,10.26,Hotel San Ranieri,2.35,Polo Fibonacci,1.81,,,,,1.28
1513,Lidl Pisa,Stazione San Rossore,Farmacia Cisanello,3.57,,,,,,,,,4.35
1514,Via Montanelli 66,Conad Pian di Marco,Ipercoop Pisa,1.82,Decathlon Pisa,0.64,Centro Commerciale Darsena (Tirrenia),21.67,MediaWorld Pisa,20.82,,,3.56
1515,Hotel Galilei Pisa,Centro Commerciale Darsena (Tirrenia),Esselunga Cisanello,5.87,Via del Borghetto 102,2.55,Farmacia Cisanello,2.23,Via Angelo Battelli 5,2.38,Via San Ranieri 9,1.83,23.58
1516,MD Discount Riglione,Farmacia Cisanello,Hotel San Ranieri,4.23,Supermercato Coop San Giusto,3.78,Via Gabriele Vettori 18,2.48,Stazione Pisa Centrale,1.66,McDonald's Pisa Aurelia,1.51,4.83
1517,Conad Pian di Marco,Centro Commerciale Pisanova,Stazione San Rossore,1.43,Stazione Leopolda,1.1,,,,,,,2.02
1518,Ristorante La Greppia,OBI Pisa,,,,,,,,,,,2.28
1519,Ristorante Pizzeria Il Pellicano,Hotel Continental Tirrenia,Parcheggio Migliarino,15,Polo Fibonacci,14.49,,,,,,,17.51
1520,Supermercato Coop Ghezzano,Via San Ranieri 9,Via Angelo Battelli 5,5.32,,,,,,,,,1.95
1521,McDonald's Pisa Aurelia,MD Discount Riglione,Decathlon Pisa,2.79,Conad Metato,10.43,Centro Commerciale Pisanova,8.92,,,,,4.05
1522,Farmacia Cisanello,Polo Fibonacci,,,,,,,,,,,2.04
1523,Torre,Parcheggio Migliarino,,,,,,,,,,,12.87
1524,Euronics Pisa Cisanello,Universita di Pisa,Carrefour Express Pisanova,0.86,Ristorante Il Lago (Nodica),6.46,Ristorante Il Mio Capriccio,8.14,Stazione Leopolda,1.65,Ristorante Tuscany 2,3.03,2.21
1525,Eurospin Ospedaletto,Parcheggio San Giuliano Terme,Parcheggio Migliarino,18.1,,,,,,,,,10.96
1526,OBI Pisa,Ristorante Tuscany 2,Pizzeria Colignola,6.27,Parco San Rossore,5.68,Torre,2.91,Ristorante Pizzeria Il Pellicano,3.44,Esselunga Cisanello,2.51,0.18
1527,Ristorante Da Stefano (Tirrenia),MediaWorld Pisa,Parco San Rossore,17.5,,,,,,,,,3.12
1528,Universita di Pisa,Ristorante Il Mio Capriccio,,,,,,,,,,,2.47
1529,Facolta di Ingegneria Polo A,Ristorante Pizzeria Il Pellicano,Ristorante Tuscany 2,2.52,,,,,,,,,2.2
1530,Stazione Pisa Centrale,Ristorante Il Rustichello - San Piero,Via Gabriele Vettori 18,1.71,,,,,,,,,5.81
1531,Decathlon Pisa,Ipercoop Pisa,Parcheggio di Cisanello,1.8,Via Montanelli 66,1.66,Hotel San Ranieri,2.08,Facolta di Ingegneria Polo A,2.07,Ristorante Il Rustichello - San Piero,6.16,6.57
1532,Ristorante Il Rustichello - San Piero,Esselunga Cisanello,Stazione San Rossore,4.02,Via Aretino Spinello 11,1.64,Supermercato Coop San Giusto,2.07,,,,,4.05
1533,Via Aretino Spinello 11,Hotel Galilei Pisa,,,,,,,,,,,4.54
1534,Ristorante Tuscany 2,OBI Pisa,Centro Commerciale Darsena (Tirrenia),21.77,,,,,,,,,16.2
1535,Ristorante Pizzeria Il Pellicano,Parcheggio di Cisanello,,,,,,,,,,,2.35
1536,Pizzeria Pisanova,Carrefour Express Pisanova,Ristorante Tuscany 2,0.93,Ristorante Il Rustichello - San Piero,8.59,,,,,,,7.07
1537,Supermercato Coop San Giusto,Ristorante La Greppia,Via San Ranieri 9,3.89,Via Gabriele Vettori 18,1.9,Centro Commerciale Darsena (Tirrenia),22.43,Conad Metato,30.07,Eurospin Ospedaletto,15.51,4.37
1538,Polo Fibonacci,Piscina Comunale Camalich,,,,,,,,,,,7.36
1539,Centro Commerciale Darsena (Tirrenia),Ristorante Galileo,Stazione San Rossore,20.9,,,,,,,,,3.2
1540,Via Cisanello 170,Decathlon Pisa,Eurospin Ospedaletto,8.19,Ristorante Galileo,6.88,Parcheggio San Giuliano Terme,8.58,Ristorante Il Lago (Nodica),2.7,,,7.18
1541,Pizzeria Pisanova,Stazione Pisa Centrale,Via Montanelli 66,1.03,MediaWorld Pisa,1.19,Parcheggio di Cisanello,1.49,,,,,3.15
1542,Supermercato Coop Ghezzano,Hotel San Ranieri,McDonald's Pisa Aurelia,7.89,Stazione San Rossore,1.51,,,,,,,4.01
1543,Via Aretino Spinello 11,Parcheggio Migliarino,Centro Commerciale Pisanova,2.18,Via Gabriele Vettori 18,1.82,Via Cisanello 170,1.85,,,,,13.82
1544,Pizzeria Colignola,Esselunga Cisanello,Polo Fibonacci,3.21,Hotel Continental Tirrenia,19.07,,,,,,,20.78
1545,Centro Commerciale Pisanova,Conad Metato,Via San Ranieri 9,1.3,Carrefour Express Pisanova,1.24,,,,,,,9.27
1546,Hotel San Ranieri,Parcheggio Via Paparelli,Farmacia Cisanello,0.2,Lidl Pisa,3.5,,,,,,,4.32
1547,Parcheggio Migliarino,McDonald's Barbaricina,Via San Ranieri 9,14.34,Conad Metato,7.55,McDonald's Pisa Aurelia,11.52,,,,,4.72
1548,Conad Pian di Marco,Torre,,,,,,,,,,,4.22
1549,Via Aretino Spinello 11,Parcheggio Migliarino,Via Montanelli 66,0.83,Ipercoop Pisa,1.85,Supermercato Coop Ghezzano,7.43,Hotel Galilei Pisa,10.78,,,17.65
1550,Stazione Pisa Centrale,Ipercoop Pisa,Via del Borghetto 102,2.07,,,,,,,,,2.98
1551,Via Aretino Spinello 11,Facolta di Ingegneria Polo A,Hotel Galilei Pisa,4.72,Centro Commerciale Pisanova,4.5,,,,,,,1.75
1552,Via del Borghetto 102,Torre,Stazione San Rossore,2.78,Ristorante Tuscany 2,4.34,Hotel Galilei Pisa,5.07,,,,,6.12
1553,Centro Commerciale Pisanova,McDonald's Pisa Aurelia,Ristorante Galileo,0.37,Conad Metato,8.43,Centro Commerciale Darsena (Tirrenia),28.03,Parcheggio Via Paparelli,23.34,Ristorante Da Stefano (Tirrenia),22.62,15.93
1554,Parcheggio di Cisanello,Lidl Pisa,Ristorante Tuscany 2,0.66,Ristorante La Greppia,2.89,,,,,,,1.96
1555,Carrefour Express Pisanova,Decathlon Pisa,Parcheggio Via Paparelli,3.13,,,,,,,,,3.9
1556,Ristorante Galileo,Ristorante La Greppia,Lidl Pisa,3.21,Parco San Rossore,0.69,Parcheggio Via Paparelli,4.48,,,,,4.7
1557,MD Discount Riglione,Parcheggio San Giuliano Terme,Ristorante Il Rustichello - San Piero,9.58,Ipercoop Pisa,7.15,McDonald's Pisa Aurelia,3.49,Polo Fibonacci,3.73,Decathlon Pisa,2.55,8.96
1558,Parcheggio Migliarino,Piscina Comunale Camalich,Hotel Galilei Pisa,16.94,Ristorante Tuscany 2,5.16,Ristorante Galileo,0.51,Ipercoop Pisa,1.15,,,5.61
1559,Universita di Pisa,Hotel San Ranieri,Centro Commerciale Darsena (Tirrenia),20.51,Ristorante Galileo,22.13,Hotel Galilei Pisa,5.48,Decathlon Pisa,4.28,Piscina Comunale Camalich,5.16,7.24
1560,Via San Ranieri 9,Euronics Pisa Cisanello,Ristorante Da Stefano (Tirrenia),19.55,,,,,,,,,21.25
1561,Supermercato Coop San Giusto,Via del Borghetto 102,Stazione San Rossore,0.92,Conad La Vettola,5.23,,,,,,,7.15
1562,Stazione Pisa Centrale,Parcheggio Migliarino,Hotel Continental Tirrenia,15.54,Pizzeria Pisanova,18.74,,,,,,,15.68
1563,Via del Borghetto 102,Eurospin Ospedaletto,Parcheggio Via Paparelli,1.7,Parco San Rossore,4.85,Supermercato Coop Ghezzano,7.7,MediaWorld Pisa,6.45,Torre,3.5,7.44
1564,Parcheggio Migliarino,Esselunga Cisanello,Polo Fibonacci,12.28,,,,,,,,,2.12
1565,Piscina Comunale Camalich,Hotel Galilei Pisa,Parcheggio Migliarino,17.05,,,,,,,,,16.46
1566,Via Gabriele Vettori 18,Stazione Pisa Centrale,Ristorante Il Mio Capriccio,2.26,Parcheggio Via Paparelli,4.36,Euronics Pisa Cisanello,3.53,,,,,2.32
1567,Stazione Pisa Centrale,Euronics Pisa Cisanello,Centro Commerciale Darsena (Tirrenia),20.69,McDonald's Pisa Aurelia,17.26,Via Montanelli 66,2.87,,,,,1.49
1568,Via San Ranieri 9,Eurospin Ospedaletto,Facolta di Ingegneria Polo A,1.46,Pizzeria Colignola,3.74,Decathlon Pisa,2.57,Conad Metato,10.16,Pizzeria Pisanova,9.66,6.34
1569,Ristorante Tuscany 2,Parco San Rossore,Parcheggio Migliarino,16.79,Via Gabriele Vettori 18,13.13,MD Discount Riglione,5.75,OBI Pisa,5.78,Esselunga Cisanello,4.97,4.22
1570,Torre,Ristorante Da Stefano (Tirrenia),Farmacia Cisanello,3.39,Hotel Continental Tirrenia,19.72,MD Discount Riglione,18.54,Esselunga Cisanello,3.72,,,19.9
1571,Stazione Leopolda,McDonald's Pisa Aurelia,Via Cisanello 170,2.45,Via del Borghetto 102,2.06,McDonald's Barbaricina,5.92,Lidl Pisa,4.57,,,2.15
1572,Via Montanelli 66,Centro Commerciale Pisanova,Ristorante Il Rustichello - San Piero,5.77,Euronics Pisa Cisanello,7.14,Conad Pian di Marco,3.58,,,,,3.29
1573,Centro Commerciale Darsena (Tirrenia),Euronics Pisa Cisanello,Ristorante La Greppia,18.49,Ipercoop Pisa,2.19,Parcheggio Migliarino,16.85,OBI Pisa,14.36,McDonald's Barbaricina,4.66,8.07
1574,Conad Metato,Via Montanelli 66,Hotel San Ranieri,8.72,,,,,,,,,1.84
1575,Euronics Pisa Cisanello,Conad Metato,McDonald's Pisa Aurelia,3.42,Parcheggio San Giuliano Terme,10.96,Decathlon Pisa,10.34,Centro Commerciale Darsena (Tirrenia),22.45,Parcheggio di Cisanello,23.71,7.94
1576,McDonald's Pisa Aurelia,Ristorante Galileo,Ristorante Il Lago (Nodica),8.97,Supermercato Coop San Giusto,7.69,Conad La Vettola,5.55,,,,,8.61
1577,Hotel Galilei Pisa,Via Angelo Battelli 5,,,,,,,,,,,4.23
1578,Hotel Galilei Pisa,Centro Commerciale Darsena (Tirrenia),Piscina Comunale Camalich,1.29,Via del Borghetto 102,6.3,Pizzeria Colignola,3.38,Ristorante Il Lago (Nodica),8.12,Parcheggio di Cisanello,6.03,23.61
1579,Decathlon Pisa,Eurospin Ospedaletto,Torre,3.6,Via del Borghetto 102,1.28,Conad La Vettola,7.83,,,,,5.91
1580,Parcheggio Porto di Marina,Via Gabriele Vettori 18,Pizzeria Colignola,19.39,Via del Borghetto 102,4.05,Via Aretino Spinello 11,1.12,,,,,0.57
1581,Euronics Pisa Cisanello,Ristorante Pizzeria Il Pellicano,,,,,,,,,,,1.64
1582,Esselunga Cisanello,Decathlon Pisa,Hotel San Ranieri,0.72,Piscina Comunale Camalich,7.58,,,,,,,4.56
1583,Ristorante Il Lago (Nodica),Stazione Leopolda,Conad Pian di Marco,9.58,Polo Fibonacci,3.97,Euronics Pisa Cisanello,2.24,Ristorante La Greppia,1.98,Facolta di Ingegneria Polo A,2.7,1.56
1584,Via Aretino Spinello 11,Supermercato Coop San Giusto,Ristorante Il Rustichello - San Piero,5.46,Ristorante La Greppia,4.55,,,,,,,0.96
1585,MediaWorld Pisa,Euronics Pisa Cisanello,OBI Pisa,4.12,,,,,,,,,4.52
1586,Ristorante Pizzeria Il Pellicano,Ristorante Il Mio Capriccio,Ristorante Il Rustichello - San Piero,5.78,Supermercato Coop San Giusto,3.82,McDonald's Barbaricina,5.16,,,,,6.36
1587,Carrefour Express Pisanova,McDonald's Barbaricina,Hotel Continental Tirrenia,18.61,Hotel Galilei Pisa,12.97,Centro Commerciale Darsena (Tirrenia),16.44,,,,,17.71
1588,Centro Commerciale Pisanova,Piscina Comunale Camalich,Parco San Rossore,3.7,Parcheggio di Cisanello,4.3,Via Montanelli 66,1.47,,,,,5.36
1589,Ristorante La Greppia,Lidl Pisa,Supermercato Coop Ghezzano,7.18,Carrefour Express Pisanova,5.57,,,,,,,2.64
1590,Parcheggio di Cisanello,Supermercato Coop Ghezzano,Esselunga Cisanello,0.52,McDonald's Pisa Aurelia,4,,,,,,,9.3
1591,Pizzeria Colignola,McDonald's Barbaricina,Stazione Pisa Centrale,4.21,,,,,,,,,5.66
1592,Ristorante Il Lago (Nodica),Ipercoop Pisa,Ristorante Tuscany 2,7.34,Hotel San Ranieri,0.85,Pizzeria Pisanova,1.38,Hotel Galilei Pisa,4.87,,,3.99
1593,Conad Pian di Marco,Ristorante Da Stefano (Tirrenia),Via Gabriele Vettori 18,3.22,,,,,,,,,21.72
1594,Via San Ranieri 9,Parcheggio di Cisanello,,,,,,,,,,,0.39
1595,Ipercoop Pisa,Ristorante Il Lago (Nodica),Via San Ranieri 9,2.19,Parcheggio Porto di Marina,16.51,Ristorante Il Rustichello - San Piero,10.3,Via Montanelli 66,5.96,Farmacia Cisanello,1.89,6.95
1596,Parcheggio Via Paparelli,Carrefour Express Pisanova,MD Discount Riglione,7.51,Eurospin Ospedaletto,7.39,,,,,,,6.44
1597,Universita di Pisa,Euronics Pisa Cisanello,,,,,,,,,,,2.14
1598,Universita di Pisa,Facolta di Ingegneria Polo A,Ristorante Galileo,1.67,,,,,,,,,1.83
1599,McDonald's Pisa Aurelia,Centro Commerciale Pisanova,Via Gabriele Vettori 18,3.52,,,,,,,,,1.81
1600,Ristorante La Greppia,Ipercoop Pisa,,,,,,,,,,,2.19
1601,Ristorante La Greppia,Via Cisanello 170,Polo Fibonacci,3.08,,,,,,,,,1.64
1602,Parcheggio di Cisanello,Via Aretino Spinello 11,Lidl Pisa,3.31,Via Montanelli 66,1.85,Pizzeria Colignola,3.36,Ristorante Da Stefano (Tirrenia),21.04,Ristorante Galileo,20.92,2.36
1603,Via del Borghetto 102,MD Discount Riglione,Ristorante Tuscany 2,2.63,,,,,,,,,4
1604,Stazione Leopolda,MediaWorld Pisa,Euronics Pisa Cisanello,2.48,,,,,,,,,0.38
1605,Parcheggio Migliarino,MD Discount Riglione,Ristorante Il Rustichello - San Piero,15.16,Stazione Pisa Centrale,5.36,,,,,,,5.57
1606,Pizzeria Pisanova,Stazione San Rossore,Stazione Pisa Centrale,1.98,Centro Commerciale Darsena (Tirrenia),18.16,Hotel San Ranieri,24.67,Ristorante Il Lago (Nodica),5.87,Via del Borghetto 102,5.88,2.76
1607,Universita di Pisa,Via San Ranieri 9,Pizzeria Colignola,3.28,Centro Commerciale Darsena (Tirrenia),23.23,Ristorante Tuscany 2,23.6,Pizzeria Pisanova,0.92,,,1.24
1608,Parcheggio San Giuliano Terme,Farmacia Cisanello,McDonald's Barbaricina,10.21,Via Gabriele Vettori 18,5.52,Ristorante Galileo,1.94,,,,,0.85
1609,Ristorante Tuscany 2,Universita di Pisa,Centro Commerciale Pisanova,0.79,Parcheggio Porto di Marina,17.98,Parco San Rossore,13.22,,,,,2.83
1610,Hotel Continental Tirrenia,MD Discount Riglione,,,,,,,,,,,20.05
1611,Parcheggio Porto di Marina,Ristorante Il Lago (Nodica),Lidl Pisa,15.5,Centro Commerciale Darsena (Tirrenia),18.39,Stazione San Rossore,19.79,Supermercato Coop Ghezzano,7.85,Via Montanelli 66,5.98,6.91
1612,Polo Fibonacci,Pizzeria Pisanova,Ristorante Il Mio Capriccio,2.27,Parco San Rossore,2.84,McDonald's Barbaricina,4.34,Ristorante Galileo,7.23,Parcheggio Porto di Marina,16.86,16.15
1613,Ristorante Il Mio Capriccio,Euronics Pisa Cisanello,Conad La Vettola,7.07,Ristorante Il Lago (Nodica),10.84,,,,,,,7.61
1614,Parcheggio Migliarino,Conad Pian di Marco,OBI Pisa,14.8,,,,,,,,,0.64
1615,Parcheggio San Giuliano Terme,Stazione Leopolda,,,,,,,,,,,9.09
1616,Piscina Comunale Camalich,Via Gabriele Vettori 18,Polo Fibonacci,6.07,Parcheggio di Cisanello,1.76,McDonald's Pisa Aurelia,4.07,,,,,3.42
1617,Hotel Continental Tirrenia,Via Montanelli 66,Pizzeria Pisanova,20.48,Ipercoop Pisa,0.99,Decathlon Pisa,0.57,Ristorante Pizzeria Il Pellicano,0.93,,,1.57
1618,McDonald's Pisa Aurelia,Via Montanelli 66,Pizzeria Colignola,5.44,,,,,,,,,2.97
1619,Piscina Comunale Camalich,Euronics Pisa Cisanello,,,,,,,,,,,5.09
1620,Via Angelo Battelli 5,Ristorante Pizzeria Il Pellicano,Ristorante Il Lago (Nodica),5.91,Pizzeria Colignola,7.94,Torre,4.68,Farmacia Cisanello,3.78,Conad Metato,8.11,9.71
1621,Euronics Pisa Cisanello,Supermercato Coop San Giusto,Hotel San Ranieri,1.61,Via Gabriele Vettori 18,2.32,MediaWorld Pisa,1.96,Via del Borghetto 102,2.15,,,3.31
1622,Supermercato Coop Ghezzano,Stazione Pisa Centrale,Parco San Rossore,7.18,Via Cisanello 170,3.71,Stazione San Rossore,3.86,Conad La Vettola,5.34,,,6.02
1623,Pizzeria Colignola,Facolta di Ingegneria Polo A,Centro Commerciale Pisanova,2.2,Euronics Pisa Cisanello,0.48,Ristorante Da Stefano (Tirrenia),21.55,Polo Fibonacci,19.23,,,0.3
1624,Parco San Rossore,Lidl Pisa,McDonald's Barbaricina,4.11,,,,,,,,,4.03
1625,Via Montanelli 66,Conad Metato,Lidl Pisa,1.85,,,,,,,,,8.97
1626,Supermercato Coop San Giusto,McDonald's Pisa Aurelia,Ristorante Il Lago (Nodica),8.12,Parcheggio di Cisanello,6.27,MediaWorld Pisa,1.29,Centro Commerciale Darsena (Tirrenia),21.48,Polo Fibonacci,22.91,3.71
1627,Eurospin Ospedaletto,McDonald's Barbaricina,Carrefour Express Pisanova,7.27,Via Angelo Battelli 5,1.54,,,,,,,5.31
1628,Esselunga Cisanello,Conad Pian di Marco,Ristorante Da Stefano (Tirrenia),21.73,Hotel Galilei Pisa,14.64,Facolta di Ingegneria Polo A,5.53,Universita di Pisa,0.3,,,4.11
1629,Via del Borghetto 102,MediaWorld Pisa,Polo Fibonacci,0.24,Torre,1.44,Ristorante Il Mio Capriccio,3.13,Conad Pian di Marco,2.96,Ipercoop Pisa,3.64,0.59
1630,Stazione Pisa Centrale,Centro Commerciale Darsena (Tirrenia),Pizzeria Pisanova,2.01,MD Discount Riglione,3.83,,,,,,,21.71
1631,Piscina Comunale Camalich,Via San Ranieri 9,MD Discount Riglione,5.45,,,,,,,,,5.1
1632,Ristorante Tuscany 2,Eurospin Ospedaletto,Parcheggio Migliarino,16.5,Pizzeria Colignola,16.91,Parcheggio Via Paparelli,3.97,Carrefour Express Pisanova,2.96,,,7.05
1633,Parcheggio Migliarino,Parcheggio di Cisanello,Parcheggio Porto di Marina,22.47,Ristorante Pizzeria Il Pellicano,16.03,Ipercoop Pisa,1.5,,,,,1.64
1634,Ristorante Da Stefano (Tirrenia),Via Gabriele Vettori 18,Parcheggio Via Paparelli,22.8,Conad La Vettola,8.51,McDonald's Pisa Aurelia,5.74,Pizzeria Pisanova,3.58,,,1.65
1635,McDonald's Pisa Aurelia,Via San Ranieri 9,Farmacia Cisanello,4.33,Via Gabriele Vettori 18,2.38,OBI Pisa,4.33,Ristorante Il Lago (Nodica),9.61,Universita di Pisa,5.95,1.22
1636,Ristorante Galileo,Hotel Galilei Pisa,MediaWorld Pisa,0.7,Eurospin Ospedaletto,6.5,Ristorante Il Rustichello - San Piero,2.73,Stazione Pisa Centrale,4.44,,,3.27
1637,Ristorante Il Mio Capriccio,Ristorante Galileo,OBI Pisa,3.69,Ristorante Pizzeria Il Pellicano,2.81,Eurospin Ospedaletto,5.72,Ristorante Tuscany 2,6.98,,,0.52
1638,Torre,Polo Fibonacci,Hotel Continental Tirrenia,18.07,Ristorante Il Lago (Nodica),21.84,Piscina Comunale Camalich,11.72,Ristorante Da Stefano (Tirrenia),15.28,Decathlon Pisa,17.56,2.34
1639,Hotel Continental Tirrenia,Parcheggio San Giuliano Terme,Piscina Comunale Camalich,14.63,Centro Commerciale Pisanova,6.25,Supermercato Coop Ghezzano,5.87,,,,,3.21
1640,Ristorante Il Mio Capriccio,Ristorante Galileo,Parcheggio Porto di Marina,16.62,Parcheggio Migliarino,22.73,Via del Borghetto 102,13.81,Via Angelo Battelli 5,0.76,Facolta di Ingegneria Polo A,0.56,1.84
1641,Euronics Pisa Cisanello,Ipercoop Pisa,Parco San Rossore,3.8,Centro Commerciale Pisanova,3.17,Esselunga Cisanello,0.96,Supermercato Coop San Giusto,3.68,Centro Commerciale Darsena (Tirrenia),18.09,20.37
1642,Parco San Rossore,Facolta di Ingegneria Polo A,Decathlon Pisa,2.88,Parcheggio San Giuliano Terme,10.17,Farmacia Cisanello,8.22,Stazione Pisa Centrale,3.29,Supermercato Coop Ghezzano,7.52,4.9
1643,Parcheggio Via Paparelli,Ristorante Galileo,Via Cisanello 170,2.45,,,,,,,,,0.49
1644,Ristorante Da Stefano (Tirrenia),OBI Pisa,Ristorante Il Lago (Nodica),22.44,Centro Commerciale Darsena (Tirrenia),23.98,,,,,,,17.2
1645,Pizzeria Pisanova,Stazione Pisa Centrale,Centro Commerciale Darsena (Tirrenia),22.14,Ristorante Il Lago (Nodica),28.12,Esselunga Cisanello,6.79,,,,,3.25
1646,Ristorante Il Lago (Nodica),Eurospin Ospedaletto,Hotel San Ranieri,6.04,Supermercato Coop Ghezzano,4.64,,,,,,,12.57
1647,MD Discount Riglione,Via Gabriele Vettori 18,Piscina Comunale Camalich,5.56,Supermercato Coop Ghezzano,10.88,Conad Pian di Marco,8.99,,,,,3.17
1648,Stazione Leopolda,Via del Borghetto 102,Via San Ranieri 9,2.39,Centro Commerciale Pisanova,1.23,Eurospin Ospedaletto,6.23,Parcheggio di Cisanello,7.07,,,2.13
1649,McDonald's Barbaricina,Parco San Rossore,Ristorante Pizzeria Il Pellicano,6.11,,,,,,,,,2
1650,Parcheggio Migliarino,Stazione Leopolda,,,,,,,,,,,15.06
1651,Eurospin Ospedaletto,Supermercato Coop Ghezzano,,,,,,,,,,,12.08
1652,Via San Ranieri 9,Centro Commerciale Pisanova,Eurospin Ospedaletto,7.4,Centro Commerciale Darsena (Tirrenia),14.89,MediaWorld Pisa,18.86,,,,,0.44
1653,Parco San Rossore,Parcheggio Via Paparelli,Via Angelo Battelli 5,2.11,Via San Ranieri 9,2.04,,,,,,,1.93
1654,Esselunga Cisanello,Lidl Pisa,Parcheggio di Cisanello,0.53,Ristorante Pizzeria Il Pellicano,2.71,Ristorante Da Stefano (Tirrenia),17.86,,,,,19.08
1655,Ristorante Il Rustichello - San Piero,Parcheggio San Giuliano Terme,Lidl Pisa,4.56,,,,,,,,,10.65
1656,Via Gabriele Vettori 18,Ristorante Da Stefano (Tirrenia),MediaWorld Pisa,2.1,,,,,,,,,20.23
1657,Eurospin Ospedaletto,Ristorante Il Rustichello - San Piero,Supermercato Coop Ghezzano,13.07,Conad Metato,3.36,Centro Commerciale Pisanova,9.8,Stazione Pisa Centrale,1.92,Piscina Comunale Camalich,4.72,3.31
1658,Universita di Pisa,Hotel Galilei Pisa,OBI Pisa,4.85,Lidl Pisa,2.29,,,,,,,4
1659,Centro Commerciale Pisanova,Stazione Pisa Centrale,Centro Commerciale Darsena (Tirrenia),20.86,,,,,,,,,18.03
1660,Ristorante Il Lago (Nodica),Parco San Rossore,Parcheggio San Giuliano Terme,2.79,Conad Pian di Marco,11.45,,,,,,,1.39
1661,Carrefour Express Pisanova,Parcheggio Via Paparelli,,,,,,,,,,,3.32
1662,Ristorante Galileo,Parcheggio di Cisanello,,,,,,,,,,,0.64
1663,Lidl Pisa,Supermercato Coop Ghezzano,Centro Commerciale Pisanova,3.15,,,,,,,,,5.96
1664,Parcheggio Migliarino,Ristorante Il Rustichello - San Piero,Esselunga Cisanello,14.98,Via Montanelli 66,1.72,,,,,,,5.89
1665,Via San Ranieri 9,MD Discount Riglione,Piscina Comunale Camalich,6.86,Via Angelo Battelli 5,6.04,Farmacia Cisanello,2.33,Centro Commerciale Pisanova,1.13,Hotel San Ranieri,1.41,4.48
1666,Ristorante Da Stefano (Tirrenia),Conad La Vettola,Ristorante Il Rustichello - San Piero,14.95,Via Montanelli 66,5.96,Torre,1.95,,,,,6.75
1667,Parcheggio Migliarino,Parco San Rossore,Conad La Vettola,13.84,Centro Commerciale Darsena (Tirrenia),16.64,Esselunga Cisanello,24.25,,,,,4.07
1668,Conad La Vettola,Via Angelo Battelli 5,Ristorante Il Lago (Nodica),9.44,,,,,,,,,6.18
1669,Ristorante Tuscany 2,Via Angelo Battelli 5,Piscina Comunale Camalich,6.92,Parco San Rossore,4.06,,,,,,,2.39
1670,Hotel Galilei Pisa,Ristorante Il Mio Capriccio,,,,,,,,,,,3.78
1671,Eurospin Ospedaletto,Conad La Vettola,OBI Pisa,2.75,,,,,,,,,4.42
1672,Via Gabriele Vettori 18,Parcheggio Via Paparelli,McDonald's Pisa Aurelia,3.3,Piscina Comunale Camalich,2.96,Carrefour Express Pisanova,6.14,,,,,3.41
1673,Parcheggio Porto di Marina,Ristorante Da Stefano (Tirrenia),,,,,,,,,,,4.68
1674,MD Discount Riglione,Ristorante Galileo,Parcheggio Porto di Marina,17.01,,,,,,,,,17.63
1675,Ristorante Galileo,Pizzeria Colignola,,,,,,,,,,,1.68
1676,Parcheggio San Giuliano Terme,Parco San Rossore,Via del Borghetto 102,7.07,Via Angelo Battelli 5,0.82,,,,,,,2.3
1677,Conad La Vettola,Via San Ranieri 9,Parcheggio Porto di Marina,10.69,Stazione Pisa Centrale,15.64,McDonald's Pisa Aurelia,1.72,Pizzeria Pisanova,3.46,Stazione San Rossore,3.31,3.46
1678,Ristorante Il Mio Capriccio,MD Discount Riglione,Ipercoop Pisa,0.84,OBI Pisa,4.25,Torre,4.72,Facolta di Ingegneria Polo A,1.45,,,5.64
1679,Polo Fibonacci,Conad Pian di Marco,Via Angelo Battelli 5,0.9,Conad La Vettola,6.57,Facolta di Ingegneria Polo A,6.96,Supermercato Coop Ghezzano,5.11,,,8.54
1680,Ristorante Il Rustichello - San Piero,Torre,Parcheggio Via Paparelli,9.16,Hotel Galilei Pisa,7.38,OBI Pisa,1.42,,,,,4.67
1681,Parcheggio Via Paparelli,Decathlon Pisa,,,,,,,,,,,3.89
1682,Via Montanelli 66,Via Aretino Spinello 11,Ipercoop Pisa,2.05,Farmacia Cisanello,1.85,,,,,,,2.85
1683,Via San Ranieri 9,Eurospin Ospedaletto,Ristorante Tuscany 2,1.17,Via Gabriele Vettori 18,2.46,,,,,,,6.52
1684,Conad La Vettola,Parcheggio Migliarino,Esselunga Cisanello,9.27,Via del Borghetto 102,2.56,Centro Commerciale Darsena (Tirrenia),20.9,Hotel San Ranieri,23.6,Ristorante Pizzeria Il Pellicano,3.13,16.08
1685,Torre,Via Gabriele Vettori 18,Via Aretino Spinello 11,1.57,Euronics Pisa Cisanello,2.49,Hotel San Ranieri,1.75,Parcheggio San Giuliano Terme,8.28,Ipercoop Pisa,9.87,2.49
1686,Ristorante La Greppia,Ristorante Il Lago (Nodica),Conad Metato,11.79,Stazione Leopolda,9.94,,,,,,,7.58
1687,Stazione San Rossore,Esselunga Cisanello,Conad Pian di Marco,1.62,Via Angelo Battelli 5,3.44,,,,,,,2.44
1688,Via Montanelli 66,Decathlon Pisa,,,,,,,,,,,1.24
1689,Ristorante Galileo,Esselunga Cisanello,Parcheggio Via Paparelli,2.88,Ristorante Il Mio Capriccio,3.71,,,,,,,1.94
1690,Parcheggio di Cisanello,OBI Pisa,,,,,,,,,,,5.68
1691,Eurospin Ospedaletto,Conad Pian di Marco,Pizzeria Pisanova,7.17,Ristorante Il Lago (Nodica),7.2,Parcheggio Porto di Marina,19.11,,,,,13.87
1692,Stazione Leopolda,Ristorante Il Mio Capriccio,Stazione Pisa Centrale,0.66,Hotel Galilei Pisa,3.01,Via Aretino Spinello 11,4.59,MD Discount Riglione,5.72,Centro Commerciale Pisanova,4.36,0.98
1693,Via del Borghetto 102,Parcheggio Via Paparelli,Parco San Rossore,2.81,Hotel Galilei Pisa,3.33,Stazione Pisa Centrale,3.04,,,,,3.77
1694,Piscina Comunale Camalich,Ristorante Da Stefano (Tirrenia),Hotel Galilei Pisa,1.28,Farmacia Cisanello,5.58,Parcheggio San Giuliano Terme,8.74,Via San Ranieri 9,8.7,Parcheggio di Cisanello,0.37,21.09
1695,Via Cisanello 170,Ristorante La Greppia,,,,,,,,,,,2.96
1696,Ristorante Pizzeria Il Pellicano,Via Angelo Battelli 5,Supermercato Coop Ghezzano,6.65,,,,,,,,,5.97
1697,Universita di Pisa,Stazione San Rossore,McDonald's Pisa Aurelia,3.82,,,,,,,,,1.53
1698,Universita di Pisa,Parcheggio San Giuliano Terme,Ristorante Il Rustichello - San Piero,6.41,Hotel Continental Tirrenia,12.26,,,,,,,25.87
1699,Ristorante Da Stefano (Tirrenia),Stazione Pisa Centrale,,,,,,,,,,,16.56
1700,Euronics Pisa Cisanello,Hotel Galilei Pisa,,,,,,,,,,,4.27
1701,Via Gabriele Vettori 18,Via San Ranieri 9,,,,,,,,,,,1.74
1702,Eurospin Ospedaletto,McDonald's Barbaricina,Torre,6.99,Ristorante Il Mio Capriccio,3.32,,,,,,,7.13
1703,Hotel San Ranieri,Centro Commerciale Pisanova,Stazione San Rossore,4.25,,,,,,,,,3.2
1704,Piscina Comunale Camalich,Hotel Galilei Pisa,Torre,7.13,,,,,,,,,5.17
1705,Centro Commerciale Pisanova,Supermercato Coop Ghezzano,Ristorante Il Mio Capriccio,1.01,Lidl Pisa,2.45,Hotel Continental Tirrenia,16.69,Ristorante Pizzeria Il Pellicano,18.56,Ristorante Tuscany 2,2.57,6
1706,Via Cisanello 170,Centro Commerciale Darsena (Tirrenia),,,,,,,,,,,21.11
1707,Via Gabriele Vettori 18,Torre,Farmacia Cisanello,2.15,Hotel Continental Tirrenia,19.22,,,,,,,20.51
1708,Stazione Leopolda,Ristorante Da Stefano (Tirrenia),MD Discount Riglione,5.32,,,,,,,,,18.87
1709,Supermercato Coop Ghezzano,Carrefour Express Pisanova,Parcheggio San Giuliano Terme,3.17,,,,,,,,,8.85
1710,Ipercoop Pisa,Torre,Ristorante Il Lago (Nodica),7.87,,,,,,,,,5.05
1711,McDonald's Pisa Aurelia,Decathlon Pisa,Via Cisanello 170,4.16,Piscina Comunale Camalich,6.89,Stazione Leopolda,4.61,,,,,1.84
1712,MediaWorld Pisa,Centro Commerciale Darsena (Tirrenia),Pizzeria Pisanova,0.54,Decathlon Pisa,0.78,Piscina Comunale Camalich,5.01,Via Angelo Battelli 5,5.57,,,20.27
1713,Piscina Comunale Camalich,Ristorante Il Mio Capriccio,Centro Commerciale Darsena (Tirrenia),15.55,Farmacia Cisanello,22.22,Lidl Pisa,3.47,Parcheggio Migliarino,14.8,,,16.21
1714,Parco San Rossore,Ristorante Tuscany 2,Supermercato Coop San Giusto,1.01,,,,,,,,,3.53
1715,Via del Borghetto 102,Pizzeria Pisanova,Ipercoop Pisa,2.79,Ristorante Pizzeria Il Pellicano,1.58,Conad La Vettola,7.19,Eurospin Ospedaletto,5.61,Hotel Continental Tirrenia,12.85,20.09
1716,Supermercato Coop San Giusto,MD Discount Riglione,Stazione Leopolda,1.34,,,,,,,,,5.91
1717,Via Aretino Spinello 11,Conad Pian di Marco,,,,,,,,,,,2.56
1718,Polo Fibonacci,Pizzeria Pisanova,Torre,1.58,Euronics Pisa Cisanello,3.42,,,,,,,0.67
1719,MediaWorld Pisa,Parcheggio San Giuliano Terme,Parcheggio Via Paparelli,3.63,Parcheggio Porto di Marina,19.15,MD Discount Riglione,16.05,,,,,12.38
1720,Ristorante Il Lago (Nodica),Via Aretino Spinello 11,Parcheggio Porto di Marina,21.33,,,,,,,,,16
1721,Via Gabriele Vettori 18,Via del Borghetto 102,Parcheggio Migliarino,14,Centro Commerciale Darsena (Tirrenia),27.41,Lidl Pisa,17.84,Via San Ranieri 9,3.56,,,1.79
1722,Ipercoop Pisa,OBI Pisa,,,,,,,,,,,3.93
1723,Hotel Continental Tirrenia,Hotel Galilei Pisa,Torre,18.1,Ristorante Tuscany 2,3.71,Parcheggio San Giuliano Terme,9.54,,,,,13.51
1724,Ristorante Tuscany 2,MD Discount Riglione,Parcheggio Via Paparelli,3.18,Polo Fibonacci,1.95,Stazione Leopolda,1.89,Conad La Vettola,6.05,Esselunga Cisanello,8.27,3.83
1725,Parco San Rossore,Via del Borghetto 102,Farmacia Cisanello,4.29,,,,,,,,,2.22
1726,Ristorante Pizzeria Il Pellicano,Via Montanelli 66,Supermercato Coop San Giusto,1.53,Polo Fibonacci,3.11,Farmacia Cisanello,2.1,Ristorante Il Lago (Nodica),6.21,,,6.78
1727,Via Montanelli 66,Stazione Pisa Centrale,Via Aretino Spinello 11,0.97,Ristorante Il Rustichello - San Piero,5.22,Conad La Vettola,2.57,,,,,6.21
1728,Farmacia Cisanello,Ristorante La Greppia,Ristorante Da Stefano (Tirrenia),22.02,Hotel Galilei Pisa,14.91,McDonald's Pisa Aurelia,1.47,Polo Fibonacci,3.86,Pizzeria Colignola,3.15,4.19
1729,Ristorante Il Mio Capriccio,Piscina Comunale Camalich,Ristorante Da Stefano (Tirrenia),19.79,Carrefour Express Pisanova,21.66,,,,,,,6.05
1730,Piscina Comunale Camalich,Farmacia Cisanello,OBI Pisa,2.46,Centro Commerciale Darsena (Tirrenia),16.27,Ristorante Il Rustichello - San Piero,14.54,,,,,8.28
1731,Via Gabriele Vettori 18,MediaWorld Pisa,Conad Metato,9.27,Pizzeria Pisanova,9.43,Ristorante Tuscany 2,0.83,Stazione Leopolda,2.58,,,1.75
1732,Stazione Leopolda,Hotel Galilei Pisa,Ipercoop Pisa,2.34,Pizzeria Colignola,2.06,,,,,,,5.8
1733,MediaWorld Pisa,Ristorante Tuscany 2,McDonald's Barbaricina,7.41,Ristorante Da Stefano (Tirrenia),17.52,Stazione Leopolda,18.21,McDonald's Pisa Aurelia,2.14,Universita di Pisa,4.06,2.03
1734,Conad Pian di Marco,Centro Commerciale Pisanova,Piscina Comunale Camalich,3.21,Stazione San Rossore,4.33,Via Aretino Spinello 11,1.4,Esselunga Cisanello,2.75,Via Angelo Battelli 5,2.64,2.11
1735,Centro Commerciale Pisanova,Eurospin Ospedaletto,Ristorante Galileo,0.37,Centro Commerciale Darsena (Tirrenia),22.92,,,,,,,14.86
1736,Supermercato Coop San Giusto,McDonald's Pisa Aurelia,Lidl Pisa,1.32,Ristorante Da Stefano (Tirrenia),16.47,Ristorante La Greppia,17.67,,,,,1.22
1737,Conad Metato,Via Gabriele Vettori 18,Lidl Pisa,10.08,Ipercoop Pisa,3.42,Ristorante Il Rustichello - San Piero,6.52,,,,,6.15
1738,Lidl Pisa,Stazione Leopolda,Hotel Continental Tirrenia,17.5,Conad La Vettola,13.77,Parcheggio di Cisanello,8.58,MediaWorld Pisa,1.33,Stazione Pisa Centrale,1.89,0.57
1739,Stazione San Rossore,Conad Pian di Marco,Via Montanelli 66,2.24,,,,,,,,,3.1
1740,Supermercato Coop San Giusto,Ristorante Pizzeria Il Pellicano,Parco San Rossore,0.97,Centro Commerciale Darsena (Tirrenia),17.14,Parcheggio Migliarino,28.82,,,,,15.39
1741,Via San Ranieri 9,Hotel San Ranieri,Via Aretino Spinello 11,2.29,Centro Commerciale Pisanova,2.14,Ristorante La Greppia,2.25,Ristorante Il Mio Capriccio,1.39,Ipercoop Pisa,0.73,2.01
1742,Supermercato Coop San Giusto,Ipercoop Pisa,Via Gabriele Vettori 18,2.36,Ristorante Da Stefano (Tirrenia),21.33,Universita di Pisa,21.13,Eurospin Ospedaletto,8.03,McDonald's Pisa Aurelia,3.37,3.18
1743,Supermercato Coop San Giusto,Stazione Pisa Centrale,Piscina Comunale Camalich,3.83,,,,,,,,,4.25
1744,Via Montanelli 66,Supermercato Coop San Giusto,Ristorante Il Rustichello - San Piero,5.67,,,,,,,,,4.05
1745,MediaWorld Pisa,Supermercato Coop San Giusto,,,,,,,,,,,2.82
1746,Pizzeria Colignola,Piscina Comunale Camalich,,,,,,,,,,,7.62
1747,Hotel Continental Tirrenia,McDonald's Pisa Aurelia,,,,,,,,,,,16.13
1748,Conad Pian di Marco,Parcheggio San Giuliano Terme,Hotel Continental Tirrenia,16.18,,,,,,,,,26.65
1749,Eurospin Ospedaletto,Stazione Pisa Centrale,Ipercoop Pisa,6.78,Ristorante Pizzeria Il Pellicano,1.54,Euronics Pisa Cisanello,1.74,Via Angelo Battelli 5,2.28,,,1.58
1750,Via Gabriele Vettori 18,Parcheggio San Giuliano Terme,Conad Pian di Marco,3.3,Carrefour Express Pisanova,3.51,,,,,,,8.89
1751,Parcheggio Migliarino,McDonald's Barbaricina,Lidl Pisa,14.38,Hotel San Ranieri,3.65,,,,,,,7.98
1752,McDonald's Barbaricina,Esselunga Cisanello,Ristorante Il Rustichello - San Piero,3.74,Ristorante Tuscany 2,8.09,Ristorante Galileo,0.56,Piscina Comunale Camalich,6.29,Parcheggio Migliarino,19.23,14.07
1753,Ristorante Il Lago (Nodica),MD Discount Riglione,,,,,,,,,,,9.89
1754,Carrefour Express Pisanova,Stazione Pisa Centrale,Lidl Pisa,2.68,Parco San Rossore,0.77,Hotel Galilei Pisa,2.99,Stazione Leopolda,3.44,Via Angelo Battelli 5,0.87,1.64
1755,Parcheggio San Giuliano Terme,Ipercoop Pisa,Via del Borghetto 102,7.89,Ristorante Il Lago (Nodica),5.59,Ristorante Da Stefano (Tirrenia),24.72,Hotel Galilei Pisa,14.15,Centro Commerciale Pisanova,5.03,0.85
1756,Eurospin Ospedaletto,Ristorante Il Lago (Nodica),OBI Pisa,3.2,,,,,,,,,10.17
1757,Pizzeria Colignola,Euronics Pisa Cisanello,,,,,,,,,,,1.9
1758,Conad La Vettola,Eurospin Ospedaletto,,,,,,,,,,,5.23
1759,Hotel San Ranieri,Hotel Continental Tirrenia,,,,,,,,,,,22.12
1760,Hotel Galilei Pisa,Centro Commerciale Pisanova,Centro Commerciale Darsena (Tirrenia),16.1,Stazione Pisa Centrale,17.63,Supermercato Coop San Giusto,0.91,Carrefour Express Pisanova,2.5,,,0.38
1761,Ristorante Il Lago (Nodica),Lidl Pisa,Polo Fibonacci,5.92,Ristorante Pizzeria Il Pellicano,2.55,Supermercato Coop San Giusto,1.3,,,,,1.39
1762,Hotel Continental Tirrenia,Ristorante Il Lago (Nodica),Ristorante Galileo,19.11,Ipercoop Pisa,1.14,,,,,,,7.89
1763,Via Gabriele Vettori 18,Torre,Euronics Pisa Cisanello,2.18,Piscina Comunale Camalich,6.02,Supermercato Coop Ghezzano,12.05,Hotel San Ranieri,5.28,McDonald's Pisa Aurelia,4.63,3.73
1764,Ristorante Pizzeria Il Pellicano,Parco San Rossore,Farmacia Cisanello,2.94,Ipercoop Pisa,1.79,Parcheggio Porto di Marina,17.41,,,,,13.82
1765,Piscina Comunale Camalich,Ristorante Tuscany 2,Supermercato Coop San Giusto,3.39,,,,,,,,,3.61
1766,Hotel San Ranieri,Ristorante Galileo,Hotel Galilei Pisa,6.49,Carrefour Express Pisanova,4.85,Parcheggio Via Paparelli,2.87,,,,,3.07
1767,Centro Commerciale Darsena (Tirrenia),Via Montanelli 66,,,,,,,,,,,20.94
1768,Parcheggio Porto di Marina,Supermercato Coop San Giusto,Centro Commerciale Pisanova,17.19,Stazione Pisa Centrale,2.14,Pizzeria Pisanova,2.28,Lidl Pisa,2.78,Universita di Pisa,2.45,2.98
1769,Via Cisanello 170,Ristorante Il Mio Capriccio,Conad La Vettola,9.33,Parco San Rossore,4.54,Hotel Continental Tirrenia,15.5,Conad Metato,24.64,,,10.95
1770,Stazione San Rossore,Hotel Galilei Pisa,Ristorante Il Lago (Nodica),8.24,Via Angelo Battelli 5,6.66,Euronics Pisa Cisanello,2.41,,,,,4.32
1771,Polo Fibonacci,Pizzeria Pisanova,Decathlon Pisa,2.2,Conad La Vettola,8.42,Via Cisanello 170,9.14,,,,,0.82
1772,Centro Commerciale Darsena (Tirrenia),MD Discount Riglione,Parcheggio Migliarino,27.1,Farmacia Cisanello,14.03,Eurospin Ospedaletto,7.7,Hotel Galilei Pisa,2.34,,,5.84
1773,Piscina Comunale Camalich,Via Angelo Battelli 5,MediaWorld Pisa,5.85,Pizzeria Pisanova,0.46,Carrefour Express Pisanova,0.33,Via Gabriele Vettori 18,1.46,Conad La Vettola,6.38,6.32
1774,Ristorante La Greppia,Via Cisanello 170,Stazione San Rossore,1.58,Hotel Galilei Pisa,3.2,,,,,,,5.29
1775,Via Cisanello 170,Carrefour Express Pisanova,Universita di Pisa,1.52,Parco San Rossore,3.28,Ristorante Pizzeria Il Pellicano,2.19,McDonald's Pisa Aurelia,1.85,Ristorante Il Lago (Nodica),9.25,7.56
1776,Ristorante Tuscany 2,Eurospin Ospedaletto,Piscina Comunale Camalich,6.53,McDonald's Barbaricina,6.97,,,,,,,6.29
1777,Ristorante Il Rustichello - San Piero,Ristorante Pizzeria Il Pellicano,Conad Pian di Marco,3.03,,,,,,,,,2.16
1778,Ristorante Il Lago (Nodica),Ristorante Il Rustichello - San Piero,Via Montanelli 66,5.97,Lidl Pisa,1.84,,,,,,,4.66
1779,Hotel Continental Tirrenia,Parcheggio Migliarino,,,,,,,,,,,28.01
1780,Supermercato Coop San Giusto,Pizzeria Colignola,Parcheggio di Cisanello,3.74,Hotel San Ranieri,0.32,Decathlon Pisa,2.25,Facolta di Ingegneria Polo A,2.3,,,3.55
1781,MD Discount Riglione,Via Aretino Spinello 11,Conad La Vettola,11.06,Centro Commerciale Darsena (Tirrenia),17.51,Parcheggio di Cisanello,20.83,Stazione Leopolda,2.49,Pizzeria Pisanova,2.07,1.79
1782,McDonald's Barbaricina,Ipercoop Pisa,Via Aretino Spinello 11,5.22,Stazione Leopolda,0.59,Ristorante Pizzeria Il Pellicano,1.21,,,,,1.61
1783,Via Aretino Spinello 11,Pizzeria Colignola,,,,,,,,,,,3.66
1784,Stazione San Rossore,Hotel San Ranieri,Ristorante Il Mio Capriccio,2.38,Ristorante La Greppia,1.19,,,,,,,3.48
1785,Farmacia Cisanello,MD Discount Riglione,Via Gabriele Vettori 18,2.39,Parcheggio Via Paparelli,2.41,OBI Pisa,6.44,Ristorante Il Lago (Nodica),9.62,Facolta di Ingegneria Polo A,5.32,6.47
1786,Ristorante Tuscany 2,Hotel Galilei Pisa,MediaWorld Pisa,1.08,Via Montanelli 66,1.3,Parco San Rossore,2.59,,,,,2.92
1787,Hotel San Ranieri,Ristorante Tuscany 2,Stazione San Rossore,3.84,Parco San Rossore,0.35,Conad La Vettola,5.18,Euronics Pisa Cisanello,7.81,Parcheggio di Cisanello,1.33,0.69
1788,Parco San Rossore,Hotel Continental Tirrenia,Conad Metato,9.71,Ristorante Il Mio Capriccio,11.01,,,,,,,19.68
1789,Hotel Galilei Pisa,Ristorante Il Rustichello - San Piero,,,,,,,,,,,3.58
1790,Ristorante Il Mio Capriccio,Parcheggio Via Paparelli,Parcheggio Porto di Marina,15.4,Torre,15.57,MD Discount Riglione,6.57,Ristorante Il Rustichello - San Piero,8.98,,,8.66
1791,Piscina Comunale Camalich,Parcheggio Migliarino,McDonald's Pisa Aurelia,3.03,Euronics Pisa Cisanello,3.18,Ipercoop Pisa,0.45,MediaWorld Pisa,0.58,,,16.55
1792,Parcheggio Porto di Marina,Ristorante Il Mio Capriccio,Facolta di Ingegneria Polo A,17.78,Parcheggio Migliarino,13.26,Centro Commerciale Darsena (Tirrenia),29.33,Pizzeria Pisanova,19.92,MD Discount Riglione,4.2,3.82
1793,Via Montanelli 66,Ristorante Pizzeria Il Pellicano,Via San Ranieri 9,1.56,Supermercato Coop San Giusto,3.58,Parco San Rossore,0.94,Via Aretino Spinello 11,1.81,Conad Metato,9.59,10.68
1794,Piscina Comunale Camalich,Centro Commerciale Darsena (Tirrenia),Parcheggio San Giuliano Terme,14.7,Lidl Pisa,10.45,MediaWorld Pisa,2.98,,,,,19.64
1795,Via Montanelli 66,Torre,Piscina Comunale Camalich,6.03,Stazione San Rossore,4.68,Parcheggio di Cisanello,3.67,,,,,2.96
1796,Ristorante Tuscany 2,Conad Metato,,,,,,,,,,,8.91
1797,Via Cisanello 170,Euronics Pisa Cisanello,Torre,3.29,Ristorante Pizzeria Il Pellicano,3.03,Parcheggio San Giuliano Terme,11.04,,,,,9.29
1798,Decathlon Pisa,MediaWorld Pisa,Via Cisanello 170,1.71,,,,,,,,,1.28
1799,Ristorante La Greppia,Parcheggio San Giuliano Terme,Polo Fibonacci,2.98,McDonald's Barbaricina,5.55,,,,,,,11.46
1800,Ristorante Da Stefano (Tirrenia),Via Cisanello 170,,,,,,,,,,,20.71
1801,Pizzeria Pisanova,Ristorante Galileo,McDonald's Pisa Aurelia,3.47,Lidl Pisa,2.15,Ristorante Tuscany 2,3.53,Carrefour Express Pisanova,1.27,Polo Fibonacci,1.59,1.94
1802,Polo Fibonacci,Pizzeria Pisanova,Centro Commerciale Darsena (Tirrenia),23.38,Via Gabriele Vettori 18,23.11,Parcheggio Via Paparelli,2.63,Facolta di Ingegneria Polo A,1.99,,,1.83
1803,Centro Commerciale Darsena (Tirrenia),Carrefour Express Pisanova,Polo Fibonacci,20.51,,,,,,,,,1.52
1804,Stazione Pisa Centrale,Conad Metato,Torre,2.68,Carrefour Express Pisanova,2.59,McDonald's Barbaricina,6.68,,,,,11.54
1805,Conad La Vettola,Parcheggio di Cisanello,Eurospin Ospedaletto,6.1,Pizzeria Pisanova,6.88,,,,,,,0.93
1806,Hotel Galilei Pisa,Ristorante Il Mio Capriccio,Conad Metato,12.45,Stazione Leopolda,10.04,Via Cisanello 170,2.5,Ipercoop Pisa,1.64,,,0.83
1807,Conad La Vettola,Hotel Galilei Pisa,Facolta di Ingegneria Polo A,7.84,Ristorante Il Rustichello - San Piero,7.25,McDonald's Barbaricina,3.58,Hotel San Ranieri,7.19,,,5.84
1808,Hotel Galilei Pisa,Conad Metato,Ristorante La Greppia,2.55,,,,,,,,,11.06
1809,Polo Fibonacci,Carrefour Express Pisanova,Via Montanelli 66,1.07,MD Discount Riglione,5.53,Farmacia Cisanello,4.34,Parcheggio di Cisanello,0.36,,,1.08
1810,MD Discount Riglione,Via Gabriele Vettori 18,Ristorante Il Mio Capriccio,3.9,Ristorante La Greppia,1.19,Parcheggio Migliarino,16.46,Decathlon Pisa,15.71,Conad Metato,10,8.91
1811,Pizzeria Colignola,Centro Commerciale Darsena (Tirrenia),MD Discount Riglione,3.76,Pizzeria Pisanova,4.35,,,,,,,21.18
1812,Polo Fibonacci,Centro Commerciale Darsena (Tirrenia),Ristorante Il Mio Capriccio,2.2,Parcheggio Porto di Marina,15.27,,,,,,,5.97
1813,Hotel Continental Tirrenia,Centro Commerciale Pisanova,Parcheggio Porto di Marina,3.63,Ipercoop Pisa,15.59,Pizzeria Pisanova,0.99,Decathlon Pisa,0.73,Supermercato Coop Ghezzano,7.32,6.4
1814,Via Montanelli 66,Esselunga Cisanello,Centro Commerciale Pisanova,1.09,Farmacia Cisanello,1.29,,,,,,,0.48
1815,Parco San Rossore,Parcheggio Porto di Marina,Hotel Galilei Pisa,3.28,Ristorante Il Mio Capriccio,3.68,Via Aretino Spinello 11,2.12,Ristorante Da Stefano (Tirrenia),18.1,Stazione Leopolda,17.95,15.42
1816,Lidl Pisa,Hotel San Ranieri,Stazione San Rossore,0.43,Torre,2.26,Ristorante Tuscany 2,3.63,Via Angelo Battelli 5,2.69,Conad Metato,8.82,9.17
1817,Via Gabriele Vettori 18,Ristorante Da Stefano (Tirrenia),Stazione Leopolda,1.12,Ristorante Il Mio Capriccio,1.6,Parco San Rossore,2.85,Conad Pian di Marco,1.33,,,15.9
1818,Ristorante La Greppia,Parcheggio San Giuliano Terme,Hotel Continental Tirrenia,17.57,Ristorante Il Mio Capriccio,18.26,,,,,,,10.64
1819,Facolta di Ingegneria Polo A,Parco San Rossore,Torre,1.35,Hotel San Ranieri,3.07,Parcheggio Porto di Marina,19.63,Pizzeria Pisanova,17.52,Ristorante Da Stefano (Tirrenia),21.11,18.94
1820,Via Montanelli 66,Farmacia Cisanello,Stazione Leopolda,1.07,Ristorante Da Stefano (Tirrenia),20.52,,,,,,,19.05
1821,OBI Pisa,Hotel Galilei Pisa,Ristorante Il Mio Capriccio,3.31,Centro Commerciale Darsena (Tirrenia),21.55,Conad Metato,29.87,Via San Ranieri 9,7.64,,,6.27
1822,Ristorante Da Stefano (Tirrenia),Ristorante Galileo,OBI Pisa,17.21,Ipercoop Pisa,4.17,Via del Borghetto 102,3.03,Parcheggio San Giuliano Terme,7.1,Supermercato Coop Ghezzano,3.04,5.26
1823,Parcheggio Porto di Marina,Via Montanelli 66,Via Aretino Spinello 11,16.73,,,,,,,,,0.85
1824,MediaWorld Pisa,Conad Metato,Conad Pian di Marco,3.57,Stazione Leopolda,2.32,,,,,,,9.03
1825,Parcheggio Porto di Marina,Ristorante Da Stefano (Tirrenia),Decathlon Pisa,15.28,Stazione Leopolda,1.88,Ristorante La Greppia,1.5,Conad Pian di Marco,1.6,,,16.21
1826,Stazione Pisa Centrale,Universita di Pisa,Piscina Comunale Camalich,4.66,,,,,,,,,6.83
1827,Parcheggio Via Paparelli,Centro Commerciale Pisanova,Parcheggio San Giuliano Terme,6.24,Conad La Vettola,14.38,Via Cisanello 170,8.24,McDonald's Barbaricina,7.44,Carrefour Express Pisanova,6.15,0.37
1828,Parcheggio Migliarino,Facolta di Ingegneria Polo A,Via San Ranieri 9,15.27,Eurospin Ospedaletto,7.2,,,,,,,7.13
1829,Torre,Parcheggio Porto di Marina,Via Angelo Battelli 5,1.33,Via San Ranieri 9,1.87,,,,,,,16.81
1830,MediaWorld Pisa,OBI Pisa,Farmacia Cisanello,1.73,Hotel Galilei Pisa,5.92,Ristorante Il Mio Capriccio,3.66,,,,,3.59
1831,Ristorante Galileo,Stazione Leopolda,Carrefour Express Pisanova,0.72,Ristorante Da Stefano (Tirrenia),18.07,Eurospin Ospedaletto,12.19,Parco San Rossore,4.6,Euronics Pisa Cisanello,3.84,2.15
1832,Ristorante Il Rustichello - San Piero,Stazione Leopolda,Stazione San Rossore,4.52,Ristorante Da Stefano (Tirrenia),19.32,,,,,,,20.41
1833,Facolta di Ingegneria Polo A,Parcheggio Porto di Marina,,,,,,,,,,,15.58
1834,Conad La Vettola,Via San Ranieri 9,Parcheggio di Cisanello,8.84,Ristorante Pizzeria Il Pellicano,2.42,Esselunga Cisanello,2.5,,,,,1.02
1835,Facolta di Ingegneria Polo A,Euronics Pisa Cisanello,Farmacia Cisanello,2.05,Ristorante Galileo,0.82,Ristorante Tuscany 2,0.48,Polo Fibonacci,2.55,,,2.49
1836,Hotel Continental Tirrenia,Facolta di Ingegneria Polo A,Via San Ranieri 9,20.55,,,,,,,,,1.5
1837,Eurospin Ospedaletto,Esselunga Cisanello,Stazione Leopolda,5.38,,,,,,,,,3.07
1838,Decathlon Pisa,Via del Borghetto 102,Farmacia Cisanello,2.11,Parco San Rossore,4.05,Via Montanelli 66,2.44,Via Aretino Spinello 11,0.83,Stazione Leopolda,0.53,1.76
1839,Ristorante Il Lago (Nodica),Lidl Pisa,Centro Commerciale Pisanova,6.62,OBI Pisa,3.9,Stazione Pisa Centrale,2.44,,,,,0.99
1840,Ristorante Il Rustichello - San Piero,MD Discount Riglione,Supermercato Coop San Giusto,3.99,Piscina Comunale Camalich,3.49,,,,,,,5.43
1841,Esselunga Cisanello,Pizzeria Colignola,Parcheggio San Giuliano Terme,8.27,Conad Metato,0.53,Eurospin Ospedaletto,16.56,Conad Pian di Marco,3.56,,,5.93
1842,Parcheggio di Cisanello,Facolta di Ingegneria Polo A,,,,,,,,,,,1.79
1843,Stazione Pisa Centrale,Decathlon Pisa,Hotel San Ranieri,3.09,,,,,,,,,2.03
1844,Stazione Pisa Centrale,Euronics Pisa Cisanello,MD Discount Riglione,5.6,,,,,,,,,3.45
1845,Via Gabriele Vettori 18,Polo Fibonacci,Via del Borghetto 102,0.56,Piscina Comunale Camalich,7.24,Torre,6.31,,,,,1.58
1846,Parcheggio di Cisanello,Eurospin Ospedaletto,Pizzeria Colignola,1.76,Hotel San Ranieri,1.46,Stazione San Rossore,3.93,,,,,4.97
1847,Via Aretino Spinello 11,Stazione San Rossore,Via Angelo Battelli 5,0.32,Via Gabriele Vettori 18,0.27,Facolta di Ingegneria Polo A,0.34,Stazione Pisa Centrale,2.08,Ristorante Tuscany 2,2.74,3.97
1848,Ristorante Il Lago (Nodica),Via Cisanello 170,,,,,,,,,,,7.16
1849,Polo Fibonacci,MD Discount Riglione,Centro Commerciale Pisanova,1.86,Ristorante Il Lago (Nodica),6.67,Ristorante Pizzeria Il Pellicano,7.43,Stazione San Rossore,2.02,Ristorante Da Stefano (Tirrenia),17.03,20.25
1850,Supermercato Coop San Giusto,Farmacia Cisanello,Via del Borghetto 102,3.31,Polo Fibonacci,0.24,Parcheggio Migliarino,14.07,Pizzeria Colignola,17.35,,,1.32
1851,Stazione San Rossore,Parcheggio San Giuliano Terme,,,,,,,,,,,10.41
1852,Pizzeria Pisanova,Ristorante La Greppia,Via San Ranieri 9,1.1,Via Montanelli 66,1.42,Parco San Rossore,2.63,Conad Metato,10.89,,,11.74
1853,Hotel San Ranieri,Pizzeria Pisanova,Euronics Pisa Cisanello,1.51,Ristorante Tuscany 2,0.87,Parcheggio Via Paparelli,2.98,Via Aretino Spinello 11,3.19,Esselunga Cisanello,2.99,0.87
1854,Stazione Leopolda,OBI Pisa,Stazione Pisa Centrale,0.62,,,,,,,,,2.34
1855,Lidl Pisa,Hotel Galilei Pisa,MediaWorld Pisa,2.61,Parcheggio di Cisanello,1.34,,,,,,,5.48
1856,McDonald's Barbaricina,Universita di Pisa,Pizzeria Colignola,9.72,,,,,,,,,3.6
1857,McDonald's Barbaricina,Stazione San Rossore,Ipercoop Pisa,7.38,,,,,,,,,3.66
1858,Parcheggio Porto di Marina,Via Angelo Battelli 5,,,,,,,,,,,15.37
1859,Ipercoop Pisa,Parcheggio San Giuliano Terme,Decathlon Pisa,0.65,Ristorante Il Mio Capriccio,0.23,Conad La Vettola,7.38,,,,,13.02
1860,Parcheggio Migliarino,OBI Pisa,,,,,,,,,,,15.12
1861,Parcheggio Migliarino,Conad Metato,,,,,,,,,,,8.96
1862,Esselunga Cisanello,Ristorante Tuscany 2,Via San Ranieri 9,0.95,Ristorante Il Rustichello - San Piero,8.48,Parco San Rossore,3.94,Ristorante Pizzeria Il Pellicano,2.28,,,2.28
1863,Centro Commerciale Darsena (Tirrenia),Decathlon Pisa,Via Cisanello 170,20.69,Conad La Vettola,8.62,Hotel San Ranieri,9.6,,,,,2.23
1864,Ristorante Il Lago (Nodica),Pizzeria Colignola,Via del Borghetto 102,5.12,,,,,,,,,3.75
1865,Farmacia Cisanello,MD Discount Riglione,Parcheggio Via Paparelli,2.36,,,,,,,,,6.59
1866,OBI Pisa,MediaWorld Pisa,Ristorante Il Rustichello - San Piero,2.63,,,,,,,,,6.71
1867,Via Montanelli 66,Parco San Rossore,Stazione Pisa Centrale,1.34,,,,,,,,,1.18
1868,Ristorante Il Rustichello - San Piero,Centro Commerciale Pisanova,OBI Pisa,2.58,Ristorante La Greppia,2.12,,,,,,,2.18
1869,Via Angelo Battelli 5,Carrefour Express Pisanova,,,,,,,,,,,1.66
1870,Parcheggio San Giuliano Terme,Torre,Conad Pian di Marco,12.33,,,,,,,,,4.18
1871,Via Aretino Spinello 11,Pizzeria Pisanova,Piscina Comunale Camalich,5.73,,,,,,,,,6.14
1872,Ristorante Il Rustichello - San Piero,McDonald's Pisa Aurelia,Ristorante Tuscany 2,7.25,Hotel Galilei Pisa,5.44,Piscina Comunale Camalich,1.36,Via Aretino Spinello 11,5.74,Stazione San Rossore,1.46,1.78
1873,Via del Borghetto 102,Facolta di Ingegneria Polo A,Ristorante Il Lago (Nodica),5.76,Farmacia Cisanello,6.39,Ipercoop Pisa,1.96,Ristorante Galileo,1.15,,,1.97
1874,Esselunga Cisanello,Universita di Pisa,Supermercato Coop San Giusto,3.62,Ristorante Il Lago (Nodica),9.07,,,,,,,5.33
1875,Stazione Leopolda,Parcheggio di Cisanello,Conad La Vettola,5.93,MediaWorld Pisa,7.63,Torre,3.24,,,,,3.3
1876,Stazione San Rossore,Piscina Comunale Camalich,Esselunga Cisanello,4.34,Carrefour Express Pisanova,1.34,,,,,,,5.29
1877,Hotel San Ranieri,Hotel Galilei Pisa,Decathlon Pisa,2.09,Ristorante Il Mio Capriccio,0.25,,,,,,,3.51
1878,Stazione San Rossore,Ristorante Tuscany 2,Via San Ranieri 9,4.02,Ristorante Il Rustichello - San Piero,7.16,,,,,,,7.78
1879,Via Aretino Spinello 11,Stazione San Rossore,Parco San Rossore,1.95,Facolta di Ingegneria Polo A,2.71,,,,,,,2.46
1880,Universita di Pisa,Lidl Pisa,Ristorante La Greppia,2.78,,,,,,,,,1.82
1881,OBI Pisa,MediaWorld Pisa,Ristorante Galileo,4.54,Universita di Pisa,1.83,Via Gabriele Vettori 18,0.58,,,,,1.96
1882,Centro Commerciale Darsena (Tirrenia),Ristorante Il Mio Capriccio,Hotel Galilei Pisa,15,Euronics Pisa Cisanello,4.55,Ipercoop Pisa,0.43,OBI Pisa,4.03,,,3.2
1883,Ristorante Il Mio Capriccio,Parcheggio di Cisanello,Hotel San Ranieri,2.43,,,,,,,,,0.35
1884,Decathlon Pisa,Ristorante Pizzeria Il Pellicano,Stazione Leopolda,1.96,,,,,,,,,1.28
1885,Carrefour Express Pisanova,Hotel Continental Tirrenia,OBI Pisa,4.18,Via Aretino Spinello 11,3.41,Lidl Pisa,1.17,,,,,16.94
1886,Centro Commerciale Darsena (Tirrenia),Carrefour Express Pisanova,Ristorante La Greppia,20.58,,,,,,,,,1.96
1887,OBI Pisa,MediaWorld Pisa,,,,,,,,,,,3.87
1888,Parcheggio San Giuliano Terme,OBI Pisa,Via Angelo Battelli 5,7.92,Ristorante Il Rustichello - San Piero,5.62,Conad La Vettola,2.8,Parcheggio Via Paparelli,9.12,Parco San Rossore,4.56,1.89
1889,Conad Metato,Via San Ranieri 9,,,,,,,,,,,8.75
1890,Supermercato Coop Ghezzano,Via Angelo Battelli 5,Stazione Leopolda,6.38,Ristorante Il Rustichello - San Piero,5.33,,,,,,,6.62
1891,Ristorante Pizzeria Il Pellicano,Facolta di Ingegneria Polo A,,,,,,,,,,,2.37
1892,Lidl Pisa,Conad Pian di Marco,Parcheggio San Giuliano Terme,10.61,Parcheggio di Cisanello,8.45,Piscina Comunale Camalich,6.33,,,,,3.21
1893,Stazione Pisa Centrale,Euronics Pisa Cisanello,Parcheggio di Cisanello,3.03,Via Cisanello 170,0.13,Ristorante Il Lago (Nodica),5.98,Stazione San Rossore,7,,,3.68
1894,Ristorante Tuscany 2,McDonald's Pisa Aurelia,Stazione Pisa Centrale,3.12,Pizzeria Pisanova,2.25,Polo Fibonacci,1.78,Ristorante Pizzeria Il Pellicano,2.58,Hotel San Ranieri,2.72,4.69
1895,Via Angelo Battelli 5,Eurospin Ospedaletto,OBI Pisa,3.46,Ristorante La Greppia,2.25,Centro Commerciale Pisanova,2.11,Parcheggio Via Paparelli,3.45,Supermercato Coop San Giusto,5.09,4.86
1896,Carrefour Express Pisanova,Ristorante Pizzeria Il Pellicano,Hotel San Ranieri,1.62,,,,,,,,,2.68
1897,McDonald's Barbaricina,Via Cisanello 170,Parcheggio Via Paparelli,7.04,,,,,,,,,2.49
1898,MediaWorld Pisa,Ristorante Il Mio Capriccio,,,,,,,,,,,0.58
1899,Hotel Galilei Pisa,Via del Borghetto 102,,,,,,,,,,,5.31
1900,Stazione San Rossore,Eurospin Ospedaletto,Conad La Vettola,4.83,Ristorante Da Stefano (Tirrenia),14.38,Ristorante La Greppia,19.48,Via Gabriele Vettori 18,2.26,,,7.37
1901,Via Aretino Spinello 11,Ristorante Da Stefano (Tirrenia),MediaWorld Pisa,1.92,McDonald's Barbaricina,7.58,Decathlon Pisa,6.61,Via Cisanello 170,1.44,Parco San Rossore,3.62,19.13
1902,Euronics Pisa Cisanello,Conad Pian di Marco,,,,,,,,,,,3.92
1903,Parcheggio di Cisanello,Piscina Comunale Camalich,,,,,,,,,,,7.32
1904,Conad Pian di Marco,Ristorante Pizzeria Il Pellicano,Decathlon Pisa,3.11,MediaWorld Pisa,0.36,Stazione San Rossore,2.88,,,,,1.99
1905,Centro Commerciale Pisanova,Ipercoop Pisa,Hotel San Ranieri,1.4,Euronics Pisa Cisanello,1.58,Via Aretino Spinello 11,2.34,Eurospin Ospedaletto,6.59,,,6.67
1906,Conad Pian di Marco,Ipercoop Pisa,Via Cisanello 170,4.2,Stazione Leopolda,2.4,,,,,,,2.41
1907,Ristorante Pizzeria Il Pellicano,Parcheggio Via Paparelli,Centro Commerciale Pisanova,1.58,,,,,,,,,3.42
1908,Hotel Galilei Pisa,Parcheggio San Giuliano Terme,,,,,,,,,,,12.13
1909,Ipercoop Pisa,Ristorante Galileo,,,,,,,,,,,1.11
1910,Parco San Rossore,Facolta di Ingegneria Polo A,Ipercoop Pisa,3.56,,,,,,,,,2.96
1911,Conad Metato,MD Discount Riglione,Ristorante Galileo,8.62,Ristorante Pizzeria Il Pellicano,2.17,,,,,,,4.19
1912,McDonald's Barbaricina,Lidl Pisa,,,,,,,,,,,4.04
1913,Ristorante Galileo,Torre,,,,,,,,,,,2.99
1914,Via Montanelli 66,Stazione Leopolda,Supermercato Coop San Giusto,2.1,,,,,,,,,1.49
1915,McDonald's Pisa Aurelia,Parco San Rossore,Facolta di Ingegneria Polo A,3.69,,,,,,,,,3.02
1916,Via Gabriele Vettori 18,Ristorante Il Rustichello - San Piero,Piscina Comunale Camalich,5.76,,,,,,,,,3.99
1917,Universita di Pisa,Esselunga Cisanello,Pizzeria Pisanova,1.78,Via Gabriele Vettori 18,1.78,Parcheggio di Cisanello,1.89,Conad Metato,9.33,,,9.25
1918,Lidl Pisa,Via Cisanello 170,Facolta di Ingegneria Polo A,2.17,,,,,,,,,1.93
1919,Supermercato Coop Ghezzano,MediaWorld Pisa,Ristorante Da Stefano (Tirrenia),26.79,,,,,,,,,19.71
1920,McDonald's Pisa Aurelia,Supermercato Coop San Giusto,,,,,,,,,,,0.86
1921,Conad Pian di Marco,Parcheggio Porto di Marina,Via San Ranieri 9,4.98,,,,,,,,,18.11
1922,Parcheggio Porto di Marina,Polo Fibonacci,Euronics Pisa Cisanello,17.06,Ristorante Galileo,0.64,Via Aretino Spinello 11,2.16,Ristorante Il Lago (Nodica),6.79,Ristorante Pizzeria Il Pellicano,8.15,2.73
1923,Hotel Continental Tirrenia,Pizzeria Colignola,Stazione Leopolda,18.26,Ristorante Il Lago (Nodica),7.57,McDonald's Barbaricina,7.8,Parcheggio San Giuliano Terme,10.81,,,9.23
1924,Parcheggio San Giuliano Terme,Parco San Rossore,Hotel Continental Tirrenia,27.95,Conad La Vettola,12.7,Esselunga Cisanello,9.82,Ristorante Da Stefano (Tirrenia),18.87,,,17.58
1925,MediaWorld Pisa,Conad Metato,Centro Commerciale Darsena (Tirrenia),21.01,McDonald's Pisa Aurelia,16.87,Stazione Pisa Centrale,1.6,Ristorante Galileo,2.33,,,9.62
1926,Ristorante Il Rustichello - San Piero,Via San Ranieri 9,Hotel San Ranieri,7.76,Ristorante La Greppia,3.73,,,,,,,3.48
1927,Euronics Pisa Cisanello,Decathlon Pisa,Via Gabriele Vettori 18,2.17,Conad La Vettola,7.42,Parcheggio di Cisanello,8.71,Conad Metato,8.52,,,10.06
1928,Euronics Pisa Cisanello,Ristorante Pizzeria Il Pellicano,Facolta di Ingegneria Polo A,2.48,Via Angelo Battelli 5,0.6,Pizzeria Pisanova,1.94,,,,,1.72
1929,Universita di Pisa,Via Montanelli 66,,,,,,,,,,,1.02
1930,Ipercoop Pisa,Facolta di Ingegneria Polo A,Via Montanelli 66,1.99,,,,,,,,,0.91
1931,Via Cisanello 170,Euronics Pisa Cisanello,Supermercato Coop San Giusto,3.36,Polo Fibonacci,3.08,Conad La Vettola,7,,,,,8.01
1932,Universita di Pisa,Carrefour Express Pisanova,Parcheggio Via Paparelli,1.82,McDonald's Barbaricina,6.78,Piscina Comunale Camalich,6.47,Hotel San Ranieri,6.44,,,1.36
1933,Parcheggio San Giuliano Terme,Euronics Pisa Cisanello,Decathlon Pisa,9.39,Ristorante Da Stefano (Tirrenia),20.55,,,,,,,19.64
1934,Decathlon Pisa,Hotel San Ranieri,McDonald's Pisa Aurelia,2.64,,,,,,,,,5.07
1935,Via Angelo Battelli 5,Lidl Pisa,McDonald's Pisa Aurelia,3.13,Via Montanelli 66,2.85,,,,,,,1.87
1936,Via Montanelli 66,Ristorante Da Stefano (Tirrenia),Torre,1.97,Ristorante Il Rustichello - San Piero,5.83,Ristorante Il Mio Capriccio,5.69,,,,,20.54
1937,Pizzeria Pisanova,Ristorante Pizzeria Il Pellicano,Parcheggio di Cisanello,0.94,OBI Pisa,5.23,,,,,,,2.47
1938,Ristorante Galileo,Farmacia Cisanello,Ristorante Tuscany 2,0.54,Ristorante Il Mio Capriccio,1.66,Stazione Leopolda,1.77,Ristorante Il Lago (Nodica),7.54,Universita di Pisa,5.67,1.83
1939,Universita di Pisa,Lidl Pisa,Supermercato Coop San Giusto,3.23,,,,,,,,,1.22
1940,Centro Commerciale Pisanova,Ristorante Tuscany 2,Parcheggio di Cisanello,1.09,Lidl Pisa,3.73,Stazione Pisa Centrale,1.03,Parco San Rossore,1.23,,,4.36
1941,Via Montanelli 66,Ristorante Da Stefano (Tirrenia),,,,,,,,,,,21.19
1942,Esselunga Cisanello,Pizzeria Pisanova,Parco San Rossore,4.44,Stazione Leopolda,1.55,Ipercoop Pisa,2.43,Centro Commerciale Darsena (Tirrenia),19.37,,,19.66
1943,Ristorante La Greppia,MediaWorld Pisa,Ipercoop Pisa,1.92,Stazione San Rossore,3.09,,,,,,,3.04
1944,Hotel San Ranieri,Via Angelo Battelli 5,,,,,,,,,,,2.55
1945,Farmacia Cisanello,Torre,Parcheggio San Giuliano Terme,8.71,,,,,,,,,7.67
1946,Ristorante Il Mio Capriccio,Pizzeria Pisanova,MediaWorld Pisa,0.58,Ristorante Tuscany 2,1.23,Ristorante Da Stefano (Tirrenia),19.03,,,,,19.96
1947,Ristorante Pizzeria Il Pellicano,Ristorante La Greppia,,,,,,,,,,,0.58
1948,Conad Pian di Marco,Carrefour Express Pisanova,Conad La Vettola,4.9,Hotel Galilei Pisa,5.86,Ristorante Galileo,5.2,OBI Pisa,4.85,,,3.91
1949,MediaWorld Pisa,Carrefour Express Pisanova,Via Aretino Spinello 11,2.13,McDonald's Pisa Aurelia,2.55,,,,,,,3.05
1950,Pizzeria Colignola,Parcheggio San Giuliano Terme,Parcheggio Migliarino,15.05,Universita di Pisa,14.39,Stazione Leopolda,1.87,Lidl Pisa,0.9,Parcheggio di Cisanello,3.45,8.92
1951,Parcheggio Via Paparelli,McDonald's Barbaricina,Conad Metato,6.75,Parcheggio Porto di Marina,24.96,,,,,,,12.16
1952,Hotel San Ranieri,Parcheggio di Cisanello,Esselunga Cisanello,0.62,Ristorante Il Lago (Nodica),7.34,Ristorante Pizzeria Il Pellicano,7.4,Supermercato Coop San Giusto,1.47,Stazione Leopolda,1.51,2.65
1953,Parcheggio di Cisanello,Euronics Pisa Cisanello,Via Cisanello 170,0.13,Parcheggio San Giuliano Terme,8.99,Via Montanelli 66,8.08,Lidl Pisa,1.69,,,3.29
1954,Piscina Comunale Camalich,MediaWorld Pisa,Farmacia Cisanello,7.21,Supermercato Coop Ghezzano,5.6,,,,,,,6.82
1955,Polo Fibonacci,Parcheggio Migliarino,Via Montanelli 66,1.04,Supermercato Coop Ghezzano,5.65,Esselunga Cisanello,5.78,,,,,15.44
1956,Parcheggio Migliarino,Via Aretino Spinello 11,Universita di Pisa,13.81,Ristorante Il Mio Capriccio,2.5,,,,,,,1.83
1957,Facolta di Ingegneria Polo A,Via del Borghetto 102,Polo Fibonacci,0.3,,,,,,,,,0.24
1958,Conad La Vettola,Lidl Pisa,Decathlon Pisa,7.13,Stazione San Rossore,2.69,Hotel Continental Tirrenia,16.03,,,,,18.72
1959,Pizzeria Pisanova,Esselunga Cisanello,OBI Pisa,4.2,Parco San Rossore,1.84,,,,,,,4.32
1960,Parcheggio Migliarino,Parcheggio Porto di Marina,Conad La Vettola,12.43,,,,,,,,,10.56
1961,Ipercoop Pisa,Ristorante Il Lago (Nodica),McDonald's Barbaricina,7.38,Ristorante Tuscany 2,7.69,,,,,,,7.9
1962,Ristorante Tuscany 2,McDonald's Pisa Aurelia,Pizzeria Colignola,1.33,Stazione Leopolda,3.82,Pizzeria Pisanova,2.11,Via San Ranieri 9,1.09,,,4.37
1963,Ipercoop Pisa,Polo Fibonacci,,,,,,,,,,,2.51
1964,Ristorante Galileo,Ristorante La Greppia,Ristorante Il Lago (Nodica),6.52,Ristorante Da Stefano (Tirrenia),22.64,Parcheggio Via Paparelli,20.39,,,,,4.72
1965,Stazione San Rossore,Hotel Galilei Pisa,,,,,,,,,,,3.36
1966,Esselunga Cisanello,Parco San Rossore,Parcheggio Porto di Marina,18.79,Ristorante Da Stefano (Tirrenia),4.59,McDonald's Pisa Aurelia,16.93,Ristorante Il Rustichello - San Piero,3.46,,,3.55
1967,Ristorante Il Lago (Nodica),Via del Borghetto 102,Farmacia Cisanello,7.05,Universita di Pisa,2.13,,,,,,,0.34
1968,Decathlon Pisa,Parcheggio Via Paparelli,Ristorante Il Mio Capriccio,0.22,Supermercato Coop Ghezzano,7.22,Universita di Pisa,5.02,MD Discount Riglione,5.96,,,7.02
1969,OBI Pisa,Parcheggio Migliarino,Farmacia Cisanello,5.95,Conad La Vettola,9.17,Esselunga Cisanello,9.58,McDonald's Barbaricina,8.42,,,11.24
1970,Parcheggio Porto di Marina,Centro Commerciale Darsena (Tirrenia),,,,,,,,,,,6.13
1971,Parcheggio Migliarino,McDonald's Pisa Aurelia,Via Montanelli 66,13.59,Carrefour Express Pisanova,0.79,Conad La Vettola,8.51,MD Discount Riglione,11.89,,,5.03
1972,Via Cisanello 170,Conad La Vettola,Ristorante Da Stefano (Tirrenia),19.3,,,,,,,,,14.74
1973,Centro Commerciale Pisanova,Hotel Continental Tirrenia,MD Discount Riglione,3.96,Ristorante Tuscany 2,3.83,Via Angelo Battelli 5,2.57,,,,,17.22
1974,Centro Commerciale Pisanova,Polo Fibonacci,Conad La Vettola,7.53,Ristorante Galileo,9.14,Esselunga Cisanello,0.59,,,,,2.28
1975,Ristorante Il Rustichello - San Piero,McDonald's Pisa Aurelia,Ristorante Il Mio Capriccio,5.75,Pizzeria Colignola,2.91,,,,,,,5.34
1976,Esselunga Cisanello,Parcheggio di Cisanello,Via Gabriele Vettori 18,2.25,Parcheggio Via Paparelli,2.58,Ristorante Tuscany 2,3.32,,,,,0.66
1977,Hotel Continental Tirrenia,Via San Ranieri 9,Stazione Leopolda,16.21,Universita di Pisa,1.78,Ristorante Il Rustichello - San Piero,7.05,Conad Pian di Marco,3.46,Conad La Vettola,4.58,9.18
1978,Via Cisanello 170,McDonald's Pisa Aurelia,Ristorante Da Stefano (Tirrenia),21.83,,,,,,,,,17.5
1979,Ristorante Tuscany 2,Via Cisanello 170,MD Discount Riglione,3.78,Stazione San Rossore,6.64,,,,,,,3.41
1980,Facolta di Ingegneria Polo A,Conad La Vettola,Hotel Galilei Pisa,5.39,Parcheggio Migliarino,15.32,,,,,,,13.57
1981,Ristorante Il Lago (Nodica),Via Gabriele Vettori 18,Universita di Pisa,5.79,Supermercato Coop San Giusto,2.89,,,,,,,2.5
1982,Lidl Pisa,Conad Pian di Marco,Parcheggio San Giuliano Terme,8.77,Via Cisanello 170,8.22,Stazione San Rossore,3.86,Stazione Leopolda,1.24,Pizzeria Colignola,3.92,5.67
1983,Torre,McDonald's Barbaricina,,,,,,,,,,,4.65
1984,Stazione Leopolda,Parcheggio di Cisanello,Conad Pian di Marco,2.3,Via Cisanello 170,4.02,Centro Commerciale Darsena (Tirrenia),22.32,,,,,21.2
1985,Ristorante Il Lago (Nodica),Parcheggio San Giuliano Terme,Universita di Pisa,5.09,Parcheggio di Cisanello,1.8,,,,,,,7.81
1986,Ristorante Il Lago (Nodica),Hotel San Ranieri,Ristorante Galileo,6.36,Stazione Leopolda,2.41,,,,,,,2.86
1987,MD Discount Riglione,Torre,Parcheggio Via Paparelli,6.32,Esselunga Cisanello,3.19,Facolta di Ingegneria Polo A,2.16,Conad La Vettola,6.54,,,6.5
1988,Polo Fibonacci,Pizzeria Colignola,Conad Pian di Marco,3.82,Ipercoop Pisa,3.48,Conad Metato,10.65,Stazione Pisa Centrale,10.42,,,4.53
1989,Farmacia Cisanello,Euronics Pisa Cisanello,Conad Metato,9.36,,,,,,,,,9.48
1990,Hotel San Ranieri,Supermercato Coop Ghezzano,,,,,,,,,,,4.9
1991,Ristorante Galileo,Pizzeria Colignola,Ristorante Il Lago (Nodica),6.53,,,,,,,,,7.13
1992,Parco San Rossore,Hotel San Ranieri,Esselunga Cisanello,4.4,Parcheggio San Giuliano Terme,9.34,Conad La Vettola,13.71,Stazione Leopolda,5.85,,,2.94
1993,Ristorante Pizzeria Il Pellicano,Ristorante Galileo,Parcheggio Porto di Marina,15.81,Eurospin Ospedaletto,11.05,Parcheggio Via Paparelli,9.95,Facolta di Ingegneria Polo A,2.25,,,1.79
1994,McDonald's Barbaricina,Parcheggio Porto di Marina,,,,,,,,,,,11.92
1995,Parco San Rossore,Hotel Continental Tirrenia,,,,,,,,,,,15.94
1996,Ipercoop Pisa,Stazione Leopolda,Ristorante Da Stefano (Tirrenia),19.74,MediaWorld Pisa,20.26,Via Aretino Spinello 11,2.12,Polo Fibonacci,1.33,,,1.79
1997,Conad Pian di Marco,Centro Commerciale Pisanova,Universita di Pisa,4.25,Torre,1.69,Supermercato Coop Ghezzano,4.73,Carrefour Express Pisanova,5.7,Parcheggio Porto di Marina,16.7,18.12
1998,McDonald's Barbaricina,MediaWorld Pisa,Farmacia Cisanello,8.6,Parcheggio Porto di Marina,16.81,,,,,,,15.02
1999,Conad Pian di Marco,Lidl Pisa,Ristorante Il Lago (Nodica),9.15,Facolta di Ingegneria Polo A,6.16,,,,,,,1.92
2000,Parcheggio Migliarino,Esselunga Cisanello,Ristorante Galileo,14.71,,,,,,,,,0.55
