document_id,user_id,document_type,document_number,expiry_date,mandatory
0ba48a5c-c1e3-4836-b622-cfd07b904582,1,Passport,7539853,2028-05-26,True
1f14fe2f-ddc6-471d-aae0-c4890a22acb9,2,Passport,5209581,2031-04-26,True
e7ec0818-6407-4544-961c-293701de1b75,3,Passport,6921584,2031-05-03,True
51479af7-6dbc-4c9b-9af7-11747a7687d8,4,Health Card,9307731,2028-07-13,True
bea33989-e415-4748-a61c-c4a6cc486613,5,ID Card,7342414,2035-01-23,True
18243e1b-ed4c-4d99-92c9-2e002a21d3b9,6,ID Card,3090396,2027-07-20,True
3f474ae9-448e-446e-825c-d3bc35e2813d,7,Health Card,9517709,2031-12-26,True
3411ac05-b8bb-4b50-85b7-fe56e75790ce,8,Passport,2214651,2034-09-06,True
2684a0a4-8f57-4c34-be83-1ff861a04d88,9,Health Card,8980247,2033-08-17,True
6b706fb3-4975-4a05-8713-4a18cf6d3e7e,10,Passport,9257650,2035-03-30,True
03cf4cb1-a5ad-43a3-b98a-ed34fe404290,11,Passport,9990239,2034-06-10,True
5ccedf10-46a0-49af-acb8-09d7499c74a1,12,Passport,7101564,2030-02-06,True
6324bef7-765d-4df9-b235-db722947cb15,13,ID Card,5373452,2028-02-07,True
cb29ba25-b599-497c-93d4-7f5ccd7f7ede,14,Health Card,8293303,2030-06-04,True
af933786-59c0-4b41-a3f7-2e98ac229c96,15,Passport,8813820,2029-04-23,True
f48de949-aebe-478e-9df2-0bcd5ae329a3,16,Health Card,4023955,2030-04-12,True
a9169360-ec61-41ca-81dd-d07be3305527,17,Health Card,5116387,2030-07-20,True
43659ba3-c647-45ac-8ee2-5342df777673,18,ID Card,3950358,2033-05-01,True
48f2baef-f9d6-45c1-bcfb-9a6ddd096a89,19,ID Card,6794602,2032-08-14,True
1b2ed70f-041d-4b1d-ae87-f644ef008094,20,ID Card,2970940,2033-06-29,True
bb4b4b5a-f7f4-43cc-bd41-c4ec7716a49b,21,Passport,7896391,2032-01-07,True
7d4e31c9-2192-4c83-b871-138ee50de170,22,Health Card,2027563,2031-05-18,True
022c35c5-d5c5-429e-911c-98e646f308a8,23,Health Card,9843897,2028-12-16,True
c72e2b5c-12ab-4b4a-bad5-f2bd3b0a352f,24,Health Card,3972048,2028-04-22,True
54d0f00d-61b3-48d6-b415-76f3f66a457a,25,Health Card,2996298,2034-10-17,True
10b9a18b-e3f2-40c7-8fbc-c347beb7ff3b,26,Passport,3441958,2034-08-21,True
b9bb23b1-1323-4a70-8c27-37cb25c24f84,27,ID Card,8625190,2028-01-15,True
fe88ec76-e491-4ac6-bc0a-6f23e8fa08c8,28,Health Card,6528709,2029-08-25,True
52d798fb-27ce-428b-9e41-7679d978d396,29,ID Card,6673605,2030-01-29,True
94a63135-5a3c-4c51-b9a9-ccacd1395db0,30,Health Card,1020867,2030-12-11,True
ae75a108-bd05-4cc0-9a1e-6a642881e300,31,ID Card,7439681,2033-07-17,True
88f3e5eb-1b18-4e23-9465-5f435549d6ab,32,Passport,7709982,2027-11-08,True
ec9e3399-3669-46e6-aef3-dd00179b2ddf,33,Passport,5908577,2035-11-29,True
16565ccc-5350-48d4-a49f-4514879a6770,34,Health Card,6504458,2028-08-24,True
56166bf0-34c4-45e0-8c24-a32f1dce0a9c,35,ID Card,4192815,2035-01-01,True
b1dfd475-37c8-4b98-b2c8-8f97962ae20f,36,Health Card,9494686,2032-08-14,True
d7eba16f-fd9e-4451-9f82-e616e6a136a9,37,ID Card,9360822,2027-12-04,True
acf33989-7ac8-44d8-961f-9197ca04f6f3,38,Passport,9900757,2034-01-20,True
c63136c7-781e-44cd-9845-cfe2bf544a60,39,ID Card,2205762,2027-03-13,True
9c3d10d2-ced0-4d7a-90f8-39df8b558f0a,40,Health Card,7806241,2033-11-09,True
b4232b35-5399-4c78-abb5-16e759b3a78e,41,ID Card,2783753,2034-01-25,True
fc0d6582-451b-400b-a9dc-c5d413e3b6b0,42,ID Card,1245279,2034-12-10,True
6726a31f-693f-4e67-809b-808f46906d4b,43,Passport,4577472,2027-06-24,True
bb7a9546-1d12-4de6-a02c-9ca96ad93c65,44,Health Card,8192979,2034-11-11,True
c13b97b3-4874-4475-b370-e3ec6db29ede,45,Health Card,9054865,2029-09-11,True
de286141-4750-4809-9723-80beddb508c0,46,ID Card,7419346,2032-07-29,True
f9d10824-0adf-415b-b5fd-64f2b1860dbf,47,ID Card,6269086,2030-12-14,True
afe8cdcd-5849-44fe-987e-acac1e30c3db,48,ID Card,5411529,2035-05-23,True
892c7b88-ed99-45f3-932f-0b1ece59b130,49,ID Card,2067784,2032-11-22,True
e9596d4e-3a28-4898-834c-41723b386970,50,Passport,9379234,2034-10-25,True
400502bd-53d4-47fe-b7dc-6cac38b16a51,51,Health Card,8628823,2032-09-21,True
2ffeeb1d-cccc-43e6-b57c-2b5d4751034e,52,Passport,7552975,2033-01-23,True
7cab9e22-d9cf-42b7-8d97-c16964cdffe3,53,ID Card,7798143,2032-06-11,True
aa43b1e4-684f-47dd-99bd-19ae6e1a13ae,54,Health Card,2082970,2027-06-09,True
2e52c679-9599-4917-8767-8be72eb693c5,55,Passport,7412465,2032-01-14,True
620190b2-ef61-40d7-8306-534601f960ca,56,Health Card,5544862,2030-08-13,True
a5efdc7b-1aa3-490c-8380-ba62d3868f66,57,ID Card,3444297,2027-08-17,True
2f20c2d3-2f09-4b00-8b1a-69d59a5b82f8,58,Passport,8104358,2031-12-15,True
78189d5f-4da5-4c2e-b063-49ae507e5651,59,Health Card,6614953,2028-02-06,True
9155658d-9ba8-4627-ac23-87aeeef030a0,60,ID Card,2384890,2033-05-23,True
d86ec4d6-1667-4146-b3cc-d2c110ccf446,61,ID Card,5637622,2027-06-09,True
69ae9408-3ba0-4113-8e2c-5b9236d609fa,62,ID Card,5856982,2035-08-16,True
47e4d9e4-4824-4120-82d9-67c400954e78,63,Health Card,8647972,2030-06-30,True
429494d9-9d61-447d-bbef-c99d04caca0e,64,Passport,8003160,2031-11-07,True
beb8c795-248b-4c6c-b11b-2331b7850ae0,65,Passport,9300039,2029-02-12,True
7a0b80c8-65dc-4b18-ab6e-a427eb796bca,66,Health Card,8341465,2034-11-05,True
b0f1d1f6-e1ae-477c-b78c-9048644f752a,67,Health Card,6205016,2029-06-25,True
744a5849-749d-47b7-9ad2-7179c91bc662,68,ID Card,2669168,2034-11-21,True
3eb6c86c-f52c-4ebb-bdc0-715374605898,69,Passport,6236932,2033-12-15,True
adde49a7-8265-4250-9efa-274a73c1f933,70,Passport,9250864,2031-01-30,True
0961ed22-47eb-4c29-aeb4-4dcb0b46e654,71,Passport,1152936,2027-10-19,True
a5226556-9d73-4db9-92cc-4a2760ff05e6,72,Passport,4173520,2032-09-16,True
da6ea5f1-5edb-4021-a087-1dc2f8bbeb2e,73,Health Card,7796486,2028-07-22,True
bd4834c2-1493-41f8-af3f-8b80dba438a6,74,Passport,4698365,2034-06-01,True
1267eb05-2004-493f-a1b0-291053e73ebe,75,ID Card,9087387,2034-04-08,True
3a38264f-cc44-4331-abf6-845e574e1faf,76,Health Card,4704222,2031-07-14,True
c87bcb0b-2264-478c-802f-80b92375734b,77,ID Card,5377892,2030-12-09,True
c65499ec-9d43-4c6e-be3e-c9ddcf72dae6,78,Health Card,1533208,2031-02-24,True
5106a2f1-22be-4df6-b1cd-5f394fd73a31,79,ID Card,6533649,2027-04-18,True
06c20eff-1bb5-4c26-a20b-78b6464c66d4,80,Health Card,6437418,2033-02-21,True
4d110be8-a4a7-490e-9bf5-00d15fd5d44a,81,Passport,8680998,2031-02-07,True
06c1a609-bb70-4cf2-8231-cb5947c9e48c,82,Health Card,2052894,2032-01-23,True
2ed8c61a-e401-4228-89f2-7d9a4b6245cd,83,ID Card,4461125,2029-07-06,True
35254c1c-7350-43c1-a2ca-e6b7695ffca8,84,ID Card,7984917,2034-04-03,True
9f275fc6-8030-4adc-bac5-e28baeab0da1,85,Passport,5856097,2027-03-21,True
9873d7aa-758b-4566-9607-17814fb7ec74,86,Passport,6723954,2035-06-01,True
29f02ddf-e22e-49ff-ae8e-172db8c5837a,87,ID Card,7385317,2027-09-03,True
805757c5-3713-4d43-994f-0669b342a098,88,Health Card,8445147,2034-10-25,True
5fbda387-dc4f-426f-bfb7-142f96058143,89,Health Card,2722644,2031-02-03,True
adfcfa6c-5b60-4625-b665-1c4a3cf56642,90,ID Card,1206431,2029-03-05,True
569a172f-43e3-466f-b015-ac898d7a1b36,91,Health Card,3469940,2029-02-27,True
55657b40-1f04-4c5e-96f8-d9d65abd5779,92,Passport,4611863,2035-06-30,True
5211d902-b236-4dae-b800-27beea1393e0,93,Health Card,3047627,2033-11-19,True
1701fbe1-40e2-4e31-b46d-be11ffc931d3,94,ID Card,3351566,2034-06-09,True
ecde3cb3-bc0d-4309-9d9a-bee20857f51d,95,Health Card,9757844,2032-04-24,True
2a50b5ae-273a-4fd6-99a4-d46c7cb9a344,96,ID Card,7254422,2028-07-26,True
4b63845b-66a3-4f20-8aed-d7043eea73b2,97,Health Card,1007460,2032-08-06,True
ae876c3d-bfb6-43fc-b720-6414697ef012,98,Passport,9890940,2030-03-09,True
a18468f4-568c-446e-b15a-61a8285d54b7,99,ID Card,8628624,2028-08-02,True
b8352c44-c6bc-4485-9b17-c38f9064c051,100,Health Card,9044454,2033-12-30,True
1dce874a-9bc1-461f-8f36-785cdc8c8944,101,Passport,6789649,2028-07-23,True
d9f700e5-072a-48c8-ba77-f40507699ae5,102,Passport,6707718,2033-03-27,True
68183a7a-8b37-40b6-9ca2-a291081b8268,103,Health Card,4584948,2035-04-19,True
5802f1f1-2549-41a9-85ea-302b96bf12b4,104,Passport,7684611,2033-02-23,True
a6ce4cec-5713-4367-ba88-ab20f6ed9f79,105,Health Card,8581036,2030-06-16,True
d2baa1f9-9619-413d-9c7c-b259add3e06c,106,Health Card,9313333,2033-10-10,True
fa2015ba-372a-47bd-88af-28a00e78391d,107,ID Card,3869098,2030-03-20,True
822360a6-7cc4-4d38-ae93-35db95dcc593,108,ID Card,8930297,2028-11-18,True
affe94af-666f-41d6-927c-c9f15bbb9222,109,ID Card,9751747,2028-04-16,True
2d121209-9355-4ca4-bbd7-671f36e4df8d,110,Health Card,7272663,2028-08-16,True
fb0928b9-ca60-4bf4-b8bf-edaa567cbf01,111,Health Card,3837745,2032-03-26,True
4450015c-0916-4452-a060-6e8e112d9081,112,Health Card,1660176,2031-11-14,True
6155857d-576e-47bd-b9fb-cf8154fb4c02,113,Health Card,2380491,2028-05-05,True
41e7cd5c-8d1e-462b-9227-c687130d9bc0,114,ID Card,8637249,2027-12-22,True
f0a00e26-6c2b-434f-9a5b-6e71bd9e4858,115,ID Card,5113026,2030-12-21,True
cc4562e3-43ed-4f15-8120-4bcf6db4555c,116,Passport,3235609,2027-04-19,True
ccc9c829-61d2-4943-9373-1b5fa732cd59,117,Passport,9781509,2033-10-21,True
0b7bc0f3-e585-466e-b0e7-84a73167c614,118,Health Card,5881230,2034-03-02,True
8df9e043-7f7c-4571-9e2c-ae11fddb0a0a,119,Passport,1481212,2032-06-05,True
dfcb6c8b-33cf-4215-89e8-98e0329ca12a,120,Health Card,9392649,2031-08-28,True
a26cdc1d-6b1c-49ab-b340-5e90660a4176,121,ID Card,6655101,2033-07-24,True
7d88b657-2e77-4d3f-8e20-56842241ab1e,122,Health Card,2574105,2030-04-05,True
696def00-5ae6-484b-ba51-1d063c32f6d8,123,Health Card,1885873,2030-04-30,True
aa0a5c5e-2c11-4c6b-808a-dee72dfa1be8,124,ID Card,9512795,2033-02-21,True
3726e6b3-08d3-406f-8559-9b353b181308,125,ID Card,1479441,2031-04-21,True
2c0fc844-3cae-4a3a-a1f0-519ccdaf3d9f,126,ID Card,9946274,2035-04-15,True
dacb3aa1-3dcf-40a2-8ed6-fd7e71b5a21f,127,Passport,8828563,2034-03-12,True
d6551129-c000-4369-835a-e913f123d7f6,128,Passport,4344406,2035-06-16,True
3d35fcc9-a05a-4562-a4b9-41313db68b87,129,ID Card,7134823,2027-09-10,True
16166afb-634b-43a4-8686-bcb63a99c1d8,130,Passport,8269566,2030-09-16,True
9b6a644d-20bb-4cac-a1fa-086ad9469dc9,131,Health Card,8831622,2035-03-26,True
391c95a8-01da-4a87-9c9a-4f012b6ca996,132,Passport,7677064,2027-08-04,True
f2df69f7-7dcd-4376-9eed-e5a6d9ca6358,133,Health Card,4012877,2028-11-06,True
413ea013-f828-4999-8602-8d8d6c204bad,134,ID Card,9160284,2029-05-02,True
42030848-7868-4c11-b90a-35a7f11990e4,135,Passport,5166650,2029-11-05,True
c4ff4cdd-d03c-4b0f-b257-d05bb15c84b6,136,Health Card,7181982,2033-06-28,True
17a34a44-2600-49a7-be3e-7206f7a99f73,137,Passport,5956539,2030-09-22,True
6f011281-36bb-4b4e-ab74-07a7c7ee3e92,138,ID Card,4378970,2035-10-10,True
aeb81654-6443-4aa5-8ec0-8035f36abb2b,139,Health Card,3492587,2033-11-08,True
781d6edf-2d72-4449-8f71-73e4a17bc4dd,140,Health Card,2763811,2032-06-14,True
65970081-6066-45bb-a494-e1965cc3bf53,141,Health Card,4543132,2032-05-20,True
d88f7fdc-3400-41d8-8e18-245804a7624e,142,Health Card,9813858,2035-04-28,True
2c937fac-4bc4-4b0e-af76-e721d2920d30,143,Health Card,6155383,2029-03-11,True
b44bd881-b73f-431e-92c6-7e6f6bb3b1f9,144,ID Card,2549204,2027-06-07,True
c8301836-62c5-4a10-a1a0-c8353264a2aa,145,Health Card,2417410,2034-11-13,True
3edaac69-7010-4146-8f94-5911952aa03d,146,Health Card,5113602,2035-07-14,True
bc05206f-b07a-4470-9211-a912b0c62c01,147,Health Card,2561344,2030-07-31,True
5c89f8c5-7f25-4ddb-b68d-7386ae4d5272,148,Passport,4409352,2029-05-06,True
a1c83b5f-63a1-4854-8add-343aa75963a3,149,Passport,9098246,2030-05-12,True
180af951-7e21-49c6-81f0-a1a67db92e8b,150,ID Card,7263872,2031-06-04,True
d4fbe572-9d94-4cfd-971b-6ea5c9f7cdaa,151,ID Card,2485196,2033-05-20,True
aa56ae45-18dd-4308-9b9f-5fabed77aaa0,152,Passport,1463212,2029-06-23,True
da8f7d41-a011-4a9b-8cb3-c3c5d3adab39,153,Health Card,7135459,2031-01-15,True
7a68b8cc-7b2a-405b-90d2-aea3b2374d39,154,ID Card,7244591,2033-09-23,True
4ccff5cc-3504-498e-870a-66ea68b2739b,155,Health Card,4537273,2032-08-25,True
c43692aa-b49e-4f7c-aea5-2fca01e96e64,156,Passport,3860501,2030-07-09,True
1b7e6d0a-0cf8-46f6-8753-4651247fe55a,157,Health Card,2454948,2031-03-11,True
e15d8a83-c820-4aa0-a897-9f4789bb1597,158,Health Card,8165613,2034-07-04,True
680b44d4-1480-4aed-a80e-928c57f889fa,159,Health Card,9881763,2032-10-26,True
f4446848-5de8-43d6-a1b1-9f505e483961,160,ID Card,1070872,2029-09-13,True
8c8fc848-0794-4fab-8a90-0a888de69fee,161,ID Card,8351092,2028-05-01,True
1dba09fc-be97-4446-adc3-feb762537c78,162,Health Card,3090494,2032-03-27,True
f4d46760-8dad-4c57-9a4c-e187fdd525ae,163,Health Card,3262578,2035-12-07,True
652e0f83-7c52-4b9e-b416-887a9adb8874,164,ID Card,1962908,2028-09-10,True
8caf6bbb-c740-492a-acec-2de285001b28,165,Passport,1126197,2030-07-15,True
0643ec5a-9d59-4ab1-ba10-c07020c6ac4f,166,Health Card,2389645,2031-01-17,True
f5e1cddb-9c66-445f-b54c-6886bf19e07c,167,ID Card,4379620,2034-02-04,True
6e151d11-1014-4443-b2cd-82e32c366b62,168,ID Card,4565885,2029-04-12,True
e155dff8-87f1-4d9b-8b4a-d753fdd3ed24,169,Passport,8038575,2035-04-29,True
616d34af-c7c2-4cac-8eb8-055fc8307e0d,170,Passport,1501360,2034-05-19,True
927eb4ab-a6a4-42ea-ac69-a956bf0bedae,171,Health Card,9808709,2030-06-15,True
a4b5e65f-923d-485f-a89f-ec6d319438ea,172,ID Card,2216396,2030-01-20,True
87053f00-fb5f-40c4-bcd4-3d3520e041ed,173,ID Card,4611939,2028-11-14,True
a3b19990-de4d-4d6b-b6e4-fce55428806b,174,Health Card,3307478,2029-02-25,True
39721487-9262-417c-8738-20ba8bf07d3e,175,ID Card,5030698,2029-08-04,True
1e75d9f0-67c7-453b-90bb-1fdd081f58db,176,ID Card,3679266,2033-01-28,True
cc9680e1-e137-44b9-a537-6d754bf71dae,177,Passport,1370513,2027-03-09,True
aea05b31-6f49-4cd5-ae1f-4030888d6519,178,Passport,3100397,2028-07-30,True
b5ac0fdf-e232-4fdc-af83-56a0926fd74e,179,Health Card,6450960,2035-06-05,True
cdf3d1a9-02d8-4f25-a846-7d1199cba17f,180,Health Card,2545797,2033-06-23,True
75f5445f-5262-40a4-860e-b7ed1a41a592,181,ID Card,9461629,2030-03-24,True
8570aaad-719c-4689-b401-b8e98a17440c,182,Health Card,4244114,2028-04-28,True
600b73f7-1ad4-4d26-b246-2e3de5a98376,183,ID Card,1930770,2030-12-03,True
5ce83d60-0cc0-4363-93ad-d7345890a0fa,184,Passport,6897219,2028-07-04,True
7a3ef360-1e0d-48a9-9e93-26fbf03c18a9,185,ID Card,5144402,2030-06-21,True
fb6d36d4-694e-40ef-8800-c63c2f91ca72,186,Health Card,8363381,2034-09-11,True
a43a861c-9b24-478f-8901-1d72602f0234,187,Passport,5354854,2034-06-07,True
903f057f-73c0-4c14-a65e-69d986b264da,188,Health Card,7502824,2028-10-21,True
c791a5fa-ed9b-42e8-aa27-ff3d98776b7c,189,ID Card,7546546,2034-03-11,True
792f3e39-2641-49f7-801e-300d6a44fe1f,190,Health Card,2308365,2030-08-27,True
672997a0-547c-4320-9bce-5ef58626a2be,191,ID Card,2404754,2029-05-23,True
6806749c-c01c-4b76-aea4-257e7c71646b,192,ID Card,9263463,2033-08-03,True
0bfb38fe-10da-4f67-be0a-9072420e1718,193,Health Card,6060363,2032-05-01,True
e1389cb7-8d00-44ad-b874-79a1cb458c94,194,Passport,3495080,2032-01-25,True
00c6b845-a29e-4767-a805-f7a999a83dfd,195,Passport,2466090,2033-07-27,True
14fdbcd9-8d8e-45b7-82bd-913986eabf54,196,Health Card,3394289,2034-03-08,True
c419f4cc-ca66-491b-8d4b-580d578686e0,197,Health Card,4589079,2032-03-15,True
18f91e8d-e0f0-47f7-9708-4ef15e20cd41,198,ID Card,4277091,2030-11-30,True
1d7aa4b8-b965-4a14-a520-aa3a8a023cf4,199,ID Card,6744962,2035-04-20,True
41bb761f-ae61-47fe-b710-c07282a693aa,200,Passport,4352228,2030-07-31,True
c01cedf7-09e4-460a-97b5-4b24c662716d,201,ID Card,9305203,2033-07-14,True
5e586116-d356-4605-a485-7e6605f40b62,202,ID Card,7596252,2030-12-16,True
d8632f51-9dcd-4836-ab91-4b7277ab5514,203,ID Card,7008579,2035-09-03,True
5752e712-d6bd-4df0-b59f-5809471cfe0a,204,Passport,5318194,2035-01-15,True
77b6a63c-2553-4051-839d-69e46389cf5d,205,Passport,3840462,2035-12-25,True
fa128f72-bee1-4d3c-b9d5-93de1a04ca63,206,Health Card,1447503,2033-06-27,True
013a7b00-e776-4ca6-b2c5-8959b5aa2505,207,ID Card,7630212,2031-06-29,True
32d13831-9e31-4352-914b-8713b6608125,208,Health Card,9782690,2028-02-15,True
73f95cb6-1f52-43a4-9f90-054b985687ca,209,ID Card,1581506,2027-03-11,True
0305c467-6eeb-4490-879b-1d10103d3b87,210,Health Card,5371463,2027-11-29,True
9956b5bc-6264-44ba-8b87-271fa130c643,211,Passport,8485879,2027-06-03,True
fafd263b-e57f-45ef-ad71-bcf275e30151,212,ID Card,3339135,2035-05-09,True
546c362c-f05d-43fd-8e26-c402d78cbbf9,213,Health Card,2206755,2028-10-30,True
a73848a1-1937-43ee-b44a-555941c3809e,214,Passport,1202321,2030-07-07,True
184ef1de-6eeb-43f8-b422-60eb64c4d2ca,215,Health Card,9688291,2028-06-01,True
13e83de7-65fd-436d-9488-0d0a6ef3dc80,216,Passport,1949145,2027-04-06,True
94a0100b-accd-4198-a164-d19bb1166bd6,217,Health Card,9104319,2027-03-23,True
03a4f1c5-d439-49a5-ba74-320fb1cf2a2f,218,Health Card,3051691,2029-03-05,True
795732ed-12db-409b-a5f2-c5fab8582b3f,219,Health Card,4969777,2029-06-17,True
662954f5-38c3-4d84-84db-7801de069a58,220,Passport,7779662,2032-07-17,True
aef24ad5-6579-41d7-a6c7-5cb5b793f9dd,221,ID Card,5569024,2034-04-30,True
7b72ced8-5edc-4f39-805d-aab22d6455a7,222,Health Card,3928405,2029-08-31,True
ba0e3420-9f2d-4e54-b48c-e66aa138e495,223,Passport,7174327,2030-02-18,True
1c535bb3-bbec-4ae1-9a5c-9f7f9004685a,224,Passport,3917093,2034-09-18,True
ad977996-efb4-493b-bb9a-cf358df7559a,225,Passport,3823776,2030-09-11,True
8cbd3759-82f7-420a-ac6b-1d3525ecaa89,226,Health Card,9041901,2030-12-05,True
77600277-c1f6-4579-adef-4143e94a1176,227,ID Card,6302537,2034-11-29,True
0e873f55-aecf-4817-9889-eced94dc52c4,228,Health Card,2026197,2031-10-15,True
63935608-25e1-4b6a-8015-0f3a6e49a41f,229,Health Card,5432016,2031-03-10,True
e2bd2099-df60-46f6-8601-bd55faac612a,230,ID Card,4471191,2032-09-23,True
3ff9af82-6526-4e71-9467-c817f780729a,231,ID Card,4786713,2028-01-10,True
c6fa7fa8-a939-4455-99a5-6fb3fb8a0951,232,ID Card,1680951,2029-08-18,True
c46bff38-1624-4c88-8255-7e35857fdf9d,233,Passport,5455772,2035-07-07,True
8d381cb3-b9f3-4019-9c61-7350cad06cea,234,ID Card,9965864,2029-01-21,True
f1f13b74-9466-480c-817c-d98898494c04,235,Passport,5485167,2032-07-11,True
338b2028-a352-45a7-b28e-1c3d342ac33b,236,Passport,6573008,2028-08-31,True
35e37422-4431-4d94-8482-f0f9ba816738,237,ID Card,1772908,2028-09-27,True
79c4b805-155a-4da6-8395-d538bd146745,238,Health Card,6673342,2030-04-02,True
fdc6aace-844e-4198-b2e0-0d4c02965ad3,239,Health Card,7091877,2032-11-14,True
a86f6690-f135-4e42-873d-290cc119d4bf,240,Passport,4173285,2028-05-03,True
e457662c-6541-47a5-aa99-53bf670157de,241,ID Card,7586221,2030-03-17,True
7b5e625a-95f2-4a51-8ba7-ef2bea982ab5,242,ID Card,2288111,2033-12-12,True
9de37415-edc2-4825-9fb6-b7391c01ce23,243,Health Card,2432178,2033-01-26,True
c12637b8-8784-4e9c-bb2b-e0820ec6179d,244,Passport,4179367,2028-06-23,True
ebd91514-be8b-4ea4-85da-4196219b076e,245,ID Card,9800303,2028-09-04,True
a3206ca9-027e-475c-9ce3-8bece7105644,246,ID Card,5002985,2033-05-10,True
37afb593-7686-474d-b2bc-7df45a73044e,247,ID Card,2444052,2033-10-25,True
c280fd0a-42b4-48a9-8caf-8381ff9406c6,248,Passport,5567832,2031-12-04,True
7b24e1fa-c84f-419d-a9e3-b46dd89a92e0,249,Health Card,8672697,2027-04-14,True
48fac881-6c76-4547-bc17-9c0dfd790567,250,Passport,4849565,2031-09-16,True
c4d82956-5e33-431a-a300-0e81cd734a13,251,Health Card,6533939,2028-05-10,True
839dfb21-8c88-4927-8b92-4e54b518acc8,252,Passport,6002594,2031-07-23,True
e1c6619d-b0c9-4bd5-b640-963d066da5bf,253,Passport,8280976,2035-07-30,True
3ea1d197-75af-443e-a910-a34f9e2d3221,254,Passport,5935348,2032-06-17,True
2f823f72-69aa-4cd1-adf5-0b28495bbb0d,255,Health Card,4094004,2035-07-17,True
f2858a8f-3c37-4666-971a-658668efddc9,256,Health Card,5755190,2032-05-13,True
62b40203-f9cd-4250-85ed-e6d8c5dd97a5,257,ID Card,5659456,2031-06-20,True
6267a6b9-6611-450d-81fe-237e2a16dfa2,258,ID Card,2572085,2027-12-28,True
517522cc-e243-4828-8094-c803233db291,259,Health Card,7320485,2033-05-10,True
15342120-de7f-4161-8ebb-6a05506e4378,260,Passport,1918167,2029-10-01,True
e6a9a7ed-8ffc-43ea-a5ed-fc31b7b18cef,261,Passport,1858073,2030-06-13,True
38bd86f7-4a1e-4f20-915d-ac911ad25868,262,Health Card,6075744,2029-07-13,True
6f898be7-93a9-4094-a297-72c28126e7e3,263,ID Card,5372750,2032-08-07,True
d722e0b4-6ab2-48ed-99d5-4ef26d50de91,264,ID Card,9394673,2031-10-24,True
962f543a-76b4-4918-963e-b6e63ab2efee,265,ID Card,2974504,2028-04-25,True
4d7025a3-a0db-435f-a30a-9f9350a26e16,266,Passport,9837992,2029-08-08,True
b6027c33-db6f-41ac-922e-2e80b8c7c16b,267,Passport,2446405,2027-07-18,True
453e2325-39f1-4f02-a2b8-ba30582834a6,268,Passport,5815540,2034-03-15,True
c4658f4a-71e5-4679-b493-6adafa7c7370,269,ID Card,3342171,2033-08-11,True
76eee95f-1039-4191-8b4e-193176d20acb,270,ID Card,3198902,2035-01-24,True
055a5633-8e3e-4fc5-99fc-2141ad3395c1,271,Health Card,8178075,2028-03-17,True
493927e0-bde9-4911-bb24-8342a77193d8,272,Passport,5508065,2034-12-05,True
2a4797fd-ee92-4805-9cca-cf6c57c44b75,273,Health Card,4988197,2031-10-05,True
9dac8bc6-1bbc-4cb7-bc16-cdfd49c09fe4,274,Health Card,5871241,2029-09-10,True
019e63ce-781c-45ef-83e4-a9a42f890f39,275,Passport,9848376,2027-06-11,True
614963b0-c736-4c55-b67f-354a55f29b32,276,Health Card,5414138,2027-05-18,True
c5cc361a-1efb-471e-904e-2208faa6fc70,277,ID Card,2682156,2030-10-08,True
c0af51da-e33c-4fec-85f7-7c739f79c191,278,Health Card,8756490,2028-07-21,True
cfe6a314-d6b2-4046-baf9-d3e780895d70,279,Health Card,5304361,2032-08-22,True
c6a0c01c-f595-4591-b7d3-70bf5f242204,280,ID Card,3283200,2035-02-14,True
e1ac616f-7ce5-474b-b229-9600ec48b216,281,Passport,6743109,2028-04-18,True
ce12aca6-04cf-4260-8e4d-783adf75a03a,282,Health Card,6804962,2032-07-31,True
e969cabc-416f-49cc-9c04-341efc35a908,283,ID Card,7220672,2034-07-05,True
d9b3ef68-e7d9-4c9e-90a8-969e479b684d,284,ID Card,4031045,2032-03-16,True
58132742-efff-4c4f-8f99-d6dd2c32862b,285,Passport,5942888,2030-03-01,True
ae9075c4-8739-4003-a7e1-94d5f8642f02,286,Health Card,1208468,2028-11-13,True
ffbe4329-a743-4583-8364-47f67c9f82f5,287,ID Card,5466656,2034-03-15,True
5f17ffda-5b3a-4283-a8b4-916650492d78,288,ID Card,8127580,2029-10-20,True
c46be19b-9e53-4db5-9f82-e640ee30c785,289,Health Card,2168750,2033-08-27,True
de56508d-df6c-4d05-a6f2-feb5626ad29c,290,Passport,6330214,2030-09-07,True
a42031ce-4a65-4560-ac6c-c57c35407001,291,Health Card,8010687,2027-08-17,True
b08c32dc-adc9-47dd-98a1-b31ff5d23951,292,ID Card,9968265,2027-09-27,True
6a0d3198-6d3f-4539-9607-b81c5981f9a4,293,Health Card,7990370,2034-04-21,True
adf4fae9-58a9-4308-8912-1220881fc8a4,294,Health Card,3250524,2035-03-17,True
7612f626-5b9c-4054-85f8-488dd07dc67a,295,Health Card,4559150,2030-03-13,True
8c389465-4c88-4789-99a5-1c568551465a,296,ID Card,2897925,2034-04-23,True
feac0de5-8df2-4f76-add5-63424611611d,297,Passport,2973767,2028-02-13,True
7c8d90d6-443a-407d-9938-f8f097b039a2,298,Passport,6551996,2033-08-03,True
c94bfc71-deb5-4bd7-84bb-8d4b4840387a,299,ID Card,1838197,2035-02-23,True
43ca0c44-db35-4db5-8cb6-f1f244261fc8,300,ID Card,6527630,2035-06-04,True
473b7657-3ffb-4396-b745-1d8e94821132,301,Passport,9625077,2035-12-14,True
7a956527-eae4-4896-9cf1-70282a6218a3,302,ID Card,6548601,2033-03-14,True
c161dad1-dd5a-4a9f-b962-fad66cc9ab17,303,ID Card,9906662,2030-02-23,True
d42402e5-4721-4bd5-9ba0-f059a4e65b06,304,Passport,9152455,2035-06-12,True
b81d5aa9-1804-4dc2-b41e-f97691ac730f,305,Passport,7805212,2031-09-06,True
aacb8e93-0bf1-443e-868b-f237a424a3f9,306,Passport,7643930,2027-10-27,True
b2032e6f-80aa-4150-a3d6-39f70b32ebbe,307,Health Card,9623729,2027-03-29,True
20ae12be-9e5a-48df-b129-641ae583275f,308,Health Card,7958133,2029-07-05,True
b0bc806f-e213-472d-a894-bb31652625c5,309,Health Card,4360966,2033-03-10,True
fdaf70e0-eea1-4d14-bafe-4640e09b46f3,310,Passport,6030247,2031-03-09,True
4ad31a63-13d4-4b94-9708-432af2f839c9,311,ID Card,3895300,2032-02-16,True
8824bdc5-9a70-42c6-828f-dcd2328815b8,312,Health Card,3878998,2034-05-02,True
514b3873-9dcf-4e3d-956e-b5eb65b19742,313,ID Card,4143381,2028-04-06,True
c8aa0e2d-fb9b-4687-ae45-b72372faf4de,314,Passport,3556283,2031-06-11,True
6d4d2973-76e9-4690-9b59-c897bbe3b2c2,315,Passport,6642616,2027-06-23,True
960c6b6f-fe04-4ae9-b458-9baf8eedd893,316,Passport,6984539,2030-04-17,True
47a85c66-9efc-49ae-8fa0-1a901be592a5,317,Health Card,3209997,2032-01-15,True
d51d1ebb-c890-4fcb-b680-9c6cfbe566b1,318,Health Card,2302155,2031-08-12,True
7cf9f19a-e8cc-41be-b9a7-22b695411f8b,319,Health Card,5565706,2029-03-21,True
3be91fbf-9dca-4b30-9bad-18f63caef110,320,Health Card,7491912,2034-08-31,True
6530b61f-5f29-4f2b-9065-b466d1b4f6ca,321,Passport,7802047,2035-12-10,True
4b231ed3-5a74-4386-a371-6eb9dc6a5193,322,Passport,8498034,2028-01-01,True
75c1fbd1-05e0-4d5e-a850-6ba788f8a78e,323,ID Card,1252759,2027-08-07,True
a79834e3-feb3-4b3d-94a1-f56036f7b81a,324,ID Card,7773816,2032-01-08,True
146c118f-2809-44f2-9ae4-5b9b82cb571e,325,Health Card,6767194,2035-02-05,True
d91716bd-0661-4eb8-b34f-6cddbbb84317,326,Passport,6972446,2032-11-01,True
2d026200-d572-4dc8-98c4-0423faf1f047,327,ID Card,8122018,2035-04-09,True
829725d3-3a47-42c7-9e20-0215bc40df1a,328,Health Card,2435877,2031-01-21,True
131e2ecb-e816-4b59-8778-bd9164a9ea28,329,Passport,9784874,2031-03-28,True
f25d6de0-ead2-4b24-aa8c-fa6ebdbb5a1a,330,Health Card,6808483,2033-04-07,True
f97d3af8-0801-4969-8967-d4c90e3f5ef5,331,Passport,5928014,2031-07-23,True
8bbdc796-e3d4-463a-bf77-f02f320468ae,332,ID Card,2035774,2034-04-07,True
bf93565f-31ac-4e62-b2ab-ea4a80d7d1ef,333,ID Card,8164763,2030-11-01,True
3940b952-7e0a-40cb-8baf-c1aea8cc10db,334,Health Card,5535779,2034-09-30,True
671f977d-72a8-4be1-bbda-7ebfaec1e2dc,335,Passport,7080319,2030-07-28,True
1b353176-c317-4b4e-9a49-ac37ee80f749,336,Passport,3833124,2035-06-20,True
0c4e17d7-bcda-4ec9-9145-9b6df1ee786a,337,Health Card,5018145,2027-12-31,True
8fe523d9-ce92-4a4f-aa5d-fde0d6b40b58,338,ID Card,7287445,2030-08-04,True
f85b0ba3-3e54-43af-9ed8-83083896962b,339,Passport,4285126,2030-08-01,True
e7e91f53-d7da-464c-a6c4-beb70cbe4a45,340,Passport,9785228,2027-02-06,True
f76a0d51-c841-457c-aed3-257e6f128ffe,341,ID Card,4192103,2031-12-21,True
e0fbab26-48b7-40ca-996b-a9a0aae417b0,342,ID Card,5884587,2030-11-09,True
e24cefc3-acc9-4f44-9d22-ee0e3eae4323,343,Passport,9412236,2028-10-13,True
9d3b36d8-6f73-4399-8437-1f90f92cd2b1,344,ID Card,7872931,2027-07-18,True
8226d46a-8bf0-45ff-8611-24d851d2d22a,345,Health Card,4208161,2030-03-25,True
03315cb5-2754-4a67-a26d-f7b909c2b50c,346,ID Card,9453767,2035-06-29,True
b8891617-8ac7-4b41-9bae-8b84e4a7ef1e,347,ID Card,6237816,2031-10-25,True
a1a87308-8165-4877-9ac4-ceb56e401921,348,Passport,6967706,2032-10-24,True
7e689576-ed8e-432b-bd40-1dda36e6b7e4,349,ID Card,2430087,2030-02-15,True
feb87f89-cef6-497c-9b6a-0256d5df57c6,350,Passport,7201894,2031-06-30,True
ae679d5b-d704-4f9c-92f1-b6f14803f008,351,Health Card,1570217,2031-04-09,True
d8b896d6-9da4-4629-99ce-8a43f57960c6,352,ID Card,3364429,2029-05-07,True
e7b3aec2-77a1-499c-9480-305c5bbb91f3,353,Passport,9061505,2028-10-26,True
6d9632fb-1285-4a93-ad3b-56a984c18d0f,354,Passport,4983151,2027-08-25,True
dba58a1a-81cc-4642-a6cf-cdc465dcaa86,355,ID Card,9648895,2031-06-06,True
af085c98-9aca-4aff-b616-c27535c1277e,356,Health Card,4422071,2029-12-25,True
856b6993-0392-4177-9b79-4ea2a93f8120,357,Health Card,7766029,2029-11-14,True
2c10b2ca-6d37-4ecc-9709-99a7ac307b2c,358,Health Card,5597739,2027-02-10,True
b7209901-6e59-4b9f-915f-83337a19634f,359,Passport,3032845,2034-04-21,True
812e8be9-5b83-4b15-a191-9da12d371e99,360,ID Card,1262284,2028-04-18,True
be618acb-d9db-44eb-bb55-de355d3c309f,361,Passport,7126176,2033-08-15,True
f322fc45-d42c-4256-8992-e7a3d9b134de,362,Passport,2986872,2027-03-19,True
5b19ae5b-73e8-4f0b-90ea-9d416724eac2,363,Health Card,4433838,2034-09-05,True
5b1baf25-9744-4d0f-91bc-7a19a965fc36,364,Health Card,6576780,2034-05-30,True
3d6260cd-1418-42c7-adff-786a3c3a8f8d,365,Passport,6157058,2032-12-31,True
bb38ba76-8f53-4122-9305-7ba23f6622fd,366,Passport,5819230,2032-03-05,True
a3638e0e-3059-4247-b2bc-813a71308aa4,367,ID Card,8580046,2032-02-22,True
622cdeaa-ab30-4a5c-86e8-36c0dca62484,368,Passport,8509744,2034-06-29,True
bc7c384b-e565-46ed-9177-6f1324547708,369,ID Card,1688104,2029-03-16,True
c9bc81da-11c0-4fe4-972b-fd360dfea41d,370,Passport,3208458,2030-01-06,True
dd38e0de-3aef-4c94-acc2-08bda26e7730,371,Health Card,2120017,2031-06-26,True
29ef0ec2-7619-4637-8baa-5156e115758d,372,Passport,5176386,2034-07-11,True
4c18240c-4d94-4011-91f7-b257dbe389fd,373,Health Card,5983931,2033-10-27,True
6f701fc6-d565-4ee0-adcc-5fe27359b67a,374,Health Card,9229271,2033-07-24,True
6db38677-f872-4d97-a40b-19fa89bffdee,375,Passport,1179591,2032-04-15,True
d5d7e8a5-3c4d-43aa-bcb2-d673964f2bbc,376,Health Card,3985193,2029-09-22,True
b72baab9-d216-4348-b231-1c309b829337,377,Passport,9262208,2029-11-03,True
8e43b523-4233-4337-b6ce-eef6662e9af1,378,Health Card,2752544,2030-02-18,True
8b8944ff-fb0c-48b6-b454-86aa45f5d22c,379,Health Card,6644314,2032-05-29,True
b653c8d5-f18d-4290-abc0-20bde24b864e,380,Passport,3233652,2030-04-19,True
d2ccb138-1616-4f99-bcee-b61b221e4ef1,381,Passport,3927779,2032-10-12,True
e6073e4e-5bda-44e3-9df8-4d3245d31859,382,ID Card,3118371,2032-09-16,True
c1e7fc6d-474b-4d6b-919f-204a80bf977b,383,Passport,2716730,2027-05-03,True
447b6c4a-6ecf-4c59-9626-8fe8ed1fcc4c,384,Passport,5922125,2029-07-06,True
eba1336f-1e7c-4fb2-8c50-f73c9a5d591d,385,ID Card,4418141,2034-11-01,True
fd006645-2a82-4d8f-b7b7-74cec581fa62,386,ID Card,5119824,2032-02-15,True
22eba848-1da3-4b12-8e70-5b53f1df5fbc,387,Passport,6010564,2029-06-15,True
76623f18-cbad-4fb3-9971-74e09e615044,388,ID Card,2194286,2029-12-24,True
76154b22-2c6d-47ab-9323-a51af8876044,389,ID Card,1643283,2028-02-18,True
342e7015-9fc2-4b61-956d-26300da35e33,390,Passport,7029519,2034-10-04,True
efb08055-a2f6-4e73-b099-2945dd37e2d2,391,ID Card,1108726,2031-01-18,True
2a62c505-d686-4e05-8176-ce2cdd5be9e5,392,Passport,7805459,2027-07-22,True
4a07536b-1b0c-4bc0-834c-1ef24da2a218,393,Passport,4470974,2027-07-15,True
83bc4733-79e4-4e79-be10-9fb14c90acd5,394,Health Card,1145563,2027-01-27,True
4926226d-ac53-45e9-ba55-03515dc8be0b,395,ID Card,3129486,2032-04-27,True
6fe1b605-1ec4-426c-b0e9-0824645b8517,396,Health Card,1534583,2033-03-08,True
bddd9601-6955-4725-9450-b86678d46297,397,Health Card,6139057,2035-08-06,True
58b8c3da-0ceb-47fa-8d83-01558cc48c4a,398,Health Card,5073614,2028-03-13,True
f6ae22f9-7581-4948-a0cc-b298f9b18664,399,ID Card,5848895,2032-11-08,True
db5d4810-4267-4fd8-9772-a9730dd3d0dd,400,ID Card,5173577,2035-06-14,True
ba269c81-0013-4669-96a2-ce41cf51994f,401,Passport,8139693,2035-09-15,True
5fa91975-e5fe-40a9-bbc1-11e9e4f4a52e,402,Health Card,3642479,2033-11-01,True
53170f5c-4466-483f-a866-948607605273,403,Health Card,7652916,2032-03-29,True
f937b815-821a-4e24-a4b7-709deac44906,404,Passport,2546851,2033-08-09,True
0f288d63-4f3a-4925-96b5-36673fe5d523,405,Passport,7328814,2028-12-17,True
52f5dd7e-444e-4ad7-9b83-cdcbc390ccca,406,Health Card,2002421,2030-03-20,True
255e293f-fc4d-47a4-8297-e69cc563a1b7,407,Passport,3618711,2031-08-30,True
bc82b408-7c3d-4228-9c40-f19c772030e4,408,Passport,9506759,2032-09-12,True
c802a7e4-04bd-4d59-a064-43d39c974815,409,ID Card,1351025,2030-03-17,True
65b2cb62-36e2-46ad-8fc2-007801095f41,410,ID Card,1906621,2034-03-10,True
3e2929a7-17f8-48d1-809a-acd6dd32725d,411,Passport,2367122,2032-04-15,True
3cf11a26-1bfc-43c3-990a-3c3478fe0a96,412,Passport,5479183,2034-05-28,True
0a34dc86-3e52-4d83-ad23-af0fa8d8b582,413,ID Card,8502701,2033-05-21,True
0c17ed7b-31e1-4c26-a8a2-dbbcaa7af377,414,ID Card,4286302,2032-10-15,True
d582c568-97a1-4089-a145-2903699400a2,415,Passport,3495687,2027-08-15,True
e97ed5be-79fd-4f93-8b0a-43dd9075f2af,416,Passport,9946046,2035-03-05,True
84f53406-86dc-473d-981e-bac0fd0e2192,417,Passport,1467736,2035-11-17,True
8563ce78-8673-4877-8ba0-14ece39b3688,418,ID Card,4125418,2028-02-11,True
e83a5977-812e-45ba-aaec-548373bfba9c,419,Health Card,3861258,2036-01-09,True
a08ecec9-504a-40ab-b7a2-736e196112d9,420,Passport,1624145,2031-09-21,True
a105ae3f-76a5-4142-b81a-570ffee82fc3,421,Health Card,4004858,2027-09-15,True
a34b177d-1d16-447f-a804-02f73aa3aab8,422,ID Card,1554999,2029-07-06,True
83ca0d74-d69f-4187-8331-edadf7326b32,423,ID Card,9307049,2030-05-28,True
1b108935-d6ae-4dc5-b0f8-836727554a16,424,ID Card,5307164,2030-07-29,True
ebcf939c-4335-4de0-8078-ba267266a170,425,Passport,5284726,2034-01-09,True
b29917ea-53e5-4d8b-a0eb-6b9ed922e636,426,ID Card,3117159,2033-08-02,True
c9362e42-1eca-4a3b-8646-613c73978ea5,427,Health Card,9107907,2029-11-27,True
4316f2f2-a3b6-4029-b8a4-3dc1cb2886d3,428,Health Card,7185698,2034-02-15,True
f2a8e5d5-58d6-4df4-bab6-471117d842b2,429,ID Card,1640052,2032-06-22,True
83f68a74-89a7-4a1b-a077-56b23344b84f,430,Passport,7390405,2030-05-18,True
82a0ed53-2769-4316-a5cd-d51782d4aac1,431,Health Card,6666922,2035-03-29,True
56ddb9de-2192-4f13-83a9-dfccd8a9eae0,432,ID Card,2015015,2033-01-23,True
d233fbda-ef2a-41c1-8cac-375cc86bea4b,433,Health Card,4063643,2034-07-10,True
dcb551a3-18fe-40c8-a2aa-41753e99d15a,434,Passport,1966198,2027-05-27,True
ecd2f523-8e75-4b6f-b853-19e85a3da13a,435,Health Card,1071434,2027-06-21,True
46540aee-f620-4d1d-9f74-c1eb31bd2e6a,436,Health Card,9331067,2032-01-11,True
58c9a980-8aa1-4ef8-bfa3-9e80eeb29eda,437,ID Card,1306874,2030-01-30,True
3c913f4d-b622-483f-9bba-8a3296f2c506,438,ID Card,3731493,2035-04-18,True
ea11ffaf-3424-463a-9420-07211bb59fdb,439,Passport,2930495,2031-05-29,True
aca6b0f5-2094-49cf-bf81-55e69acd6529,440,Health Card,6688605,2035-03-06,True
3d13dcb2-ff48-4194-8cd0-e8577a72f0fc,441,ID Card,6517294,2029-10-26,True
914ced2a-d58c-4431-9585-3f7d167e92d7,442,ID Card,6798949,2032-09-19,True
0d78d2bd-74ad-49dd-9eda-d2488f0bf770,443,Passport,4486017,2029-08-06,True
ad5f0144-8f31-4b65-91f0-3d4b49b482ee,444,Passport,7685183,2035-04-01,True
e123a8df-170d-4bf4-8677-b4d7ad914bbd,445,Health Card,6558578,2030-06-20,True
5567cf79-0f4e-4a81-a28f-3beec89538ff,446,ID Card,8654435,2027-04-09,True
9af66711-7c40-46ee-a37f-9653c531ff50,447,Health Card,6357873,2031-09-02,True
a7d720aa-9b96-490c-aca0-b52fb630eba3,448,ID Card,7478579,2027-08-02,True
358dabaf-4a5d-4697-b02b-aa08e5fefc5a,449,Health Card,3009664,2032-11-22,True
c446ddc0-e252-482f-812d-a71006b792e2,450,Health Card,4193134,2035-03-07,True
db0d90b4-ef75-4f69-8cb7-4c7caa1066cd,451,Health Card,7801330,2031-12-04,True
e6e45d54-4d6e-4d27-9b87-4ec207859c9e,452,ID Card,1266312,2027-03-10,True
ceaaa55f-24be-448e-b065-ccfac6661381,453,ID Card,7378596,2031-12-29,True
70ed062b-4740-452c-9470-ecb9ae2383b6,454,Health Card,4820978,2033-05-23,True
226c5d2b-bb17-4c4f-9698-c48ecf7fed97,455,ID Card,5273493,2030-01-05,True
b8361421-2331-4bd8-a490-185b7728cb65,456,Health Card,6500456,2029-11-26,True
f143b0c7-9ce6-4b42-a20f-f42ddb8690c8,457,ID Card,3619178,2028-08-22,True
d995c04d-b7d1-4baa-ac1d-a254c38e39a0,458,Passport,6886980,2027-08-18,True
e7a76011-003c-499a-a2df-c01d00329a0f,459,Passport,7078153,2028-05-11,True
fdc1b870-470b-41f3-83ab-0222e8fe2acd,460,Passport,1497767,2032-12-12,True
bb7c873d-502f-4879-bae6-10f3c97c2bca,461,Passport,5987691,2028-04-27,True
f05ede8a-2ab8-4e5b-be51-c024a5e75912,462,ID Card,8442115,2031-02-22,True
da3ae1e9-1c63-403d-9828-1b137f0a6ee8,463,Passport,9822483,2033-03-29,True
d62eb655-e769-417d-95bb-124f6c2c8780,464,Health Card,6451264,2027-06-28,True
6e772260-ae8d-497d-9db3-65590209f12c,465,Health Card,4052670,2032-08-15,True
e8e69f43-6c87-44d2-b12b-a157961ff11a,466,Health Card,1148511,2033-11-21,True
b6812ea4-372a-4b0c-84d1-8a3b72c0d2a3,467,ID Card,8111944,2031-06-26,True
ce65105e-1710-4def-a2f0-d6c330aaec42,468,ID Card,5315830,2028-12-06,True
f70fca4d-b3b3-4807-b1b6-996d92a26c4f,469,Passport,6507388,2028-12-13,True
4dd90172-1f1b-4721-a4e9-d3066204b122,470,Health Card,2080481,2030-08-24,True
8bf7c22f-487a-4d3f-bd9f-2e3b9441916b,471,Health Card,9624643,2033-12-25,True
4aadbdb9-61bf-4ee5-b4d2-c2e90b110e0e,472,Passport,4038375,2031-08-29,True
8764673d-43d6-476c-9517-b94d1f49d105,473,ID Card,3838524,2030-12-14,True
3340377d-c1ab-4794-84ec-98010950a763,474,Passport,3907872,2027-11-13,True
1f1b1bf2-a97f-4a62-b46c-fb2d5cfcf931,475,Passport,8974553,2033-09-03,True
decc7826-2020-4eda-81f8-f8d466087a3d,476,Health Card,9313913,2027-06-09,True
1eb5a417-c73d-4ad2-ac8e-e679f103af61,477,ID Card,1708673,2035-09-07,True
2a866d56-9fc1-4526-820b-08aee130baab,478,ID Card,6258126,2033-04-12,True
28bbea56-fc8a-4658-b18b-2ba76cb00be1,479,Passport,1124311,2027-04-20,True
af2593aa-6c9c-4369-90fa-74fc20595287,480,ID Card,2501219,2030-10-21,True
aff4fa0e-c384-48cb-a091-23912357aec7,481,Passport,7067344,2027-04-02,True
a7a49d18-4476-40d9-b830-44a41e96b84b,482,ID Card,4673818,2032-04-01,True
52dfcf73-bca0-413c-983d-0cacc8e407d3,483,ID Card,7665311,2027-10-20,True
1a51c67a-ec1b-4b4b-bb4c-4e588affa603,484,Passport,8660750,2031-09-17,True
07386ed5-795c-4e94-b317-746277347c7d,485,ID Card,8222728,2034-08-03,True
77687e30-5071-4981-9bb8-1a146466984a,486,Health Card,7612667,2029-09-06,True
79817ce3-6d37-4070-8543-b3ce6518ce3d,487,ID Card,9258197,2029-01-03,True
da21eba0-bcf9-4ff8-9807-06e5c1b7de3f,488,Passport,6677726,2033-05-31,True
ae1acb36-40bb-4f06-83bc-6f4e7deb4e35,489,ID Card,4286875,2034-05-25,True
c4eb8143-2238-4da4-b460-2e76067e3f9b,490,ID Card,5583503,2032-07-16,True
0fb2e38e-194f-43c7-89f6-2391add7b969,491,ID Card,5782382,2030-08-28,True
bd33286d-3fc0-4662-a214-0704bf6052b0,492,Passport,8228410,2034-10-20,True
84d7c285-8f0c-454d-a252-b476e36234e7,493,Passport,6464876,2029-04-07,True
32996ba7-1653-4da3-a119-7ac720d071f6,494,Health Card,9296390,2031-10-25,True
54a8e662-6e43-4a80-89be-88deb58cb224,495,Health Card,5073462,2034-03-10,True
28eef372-157b-47fc-ac3a-7bf18fd95c41,496,Passport,7673730,2032-05-26,True
4263a41d-fb95-411d-9f0f-876c2839abd4,497,Health Card,5370796,2030-08-11,True
1a86fcca-f735-4624-89dd-7050c06e1021,498,Health Card,1245128,2029-03-07,True
7947b015-b74f-4f2f-8c12-95390a0783fa,499,Passport,5923226,2031-10-28,True
fa73dc08-95e6-4ce0-8dca-d3e3646686c7,500,ID Card,7128928,2031-04-27,True
7e466b69-2b26-4ef4-9d10-86e7015db70f,501,Health Card,9175503,2027-01-28,True
3c0ac141-444c-4e9c-a56e-15ee82719675,502,Passport,9459748,2034-04-16,True
7573a7e7-511d-4c36-a1df-7dd02c779cf9,503,Health Card,6480796,2027-03-02,True
c901afe5-208d-471b-a0b5-a5e08c1117b9,504,Health Card,9873338,2033-11-16,True
462dc3b0-b6b8-4eea-9502-418b2d5e905e,505,Health Card,8678344,2036-01-12,True
cf616337-32f1-49ae-9e52-a3860e77f482,506,Passport,9776028,2028-04-29,True
dbcc7966-efa5-480a-a457-a73ae4d3f516,507,Health Card,1794213,2033-04-06,True
020dbc6c-b281-46cb-a880-26bb053b3ae0,508,ID Card,9881525,2032-12-11,True
6eb9ea59-f9d4-47c7-944f-c33b6eea251a,509,Health Card,5201013,2033-07-15,True
31a1fb93-1320-4c8c-a97c-c16d46fda952,510,Health Card,6487086,2028-05-29,True
f4130b71-487e-44d8-95ad-bd3cc7a4047b,511,Passport,4308625,2032-08-24,True
2b71ddf4-6e48-49e5-b90b-f35815f2026d,512,Health Card,4011093,2035-03-01,True
a0e8bb39-4149-4410-bf48-b4b71cdd37c2,513,ID Card,8554396,2028-03-23,True
70f7a373-32aa-4039-abdb-b53ccd876af5,514,Passport,2584524,2034-09-08,True
16dad4c0-d63f-41d1-a417-35a6cb1ae728,515,Health Card,4090151,2033-06-14,True
63e1e551-ad1f-4b85-942c-1d11e414a688,516,ID Card,6056481,2035-03-07,True
8ac11c03-3bf5-4671-8e71-ccf756251de1,517,ID Card,7594089,2034-07-25,True
17722478-b439-47a8-8331-e3616c8c6872,518,Passport,5441749,2029-03-22,True
6e383657-7fa5-4a35-98bb-55b3fdc32a37,519,Health Card,7001791,2032-05-05,True
4b6d0783-a316-49d7-b092-1c9641daef25,520,ID Card,3167495,2035-11-13,True
068601f9-a519-4e1d-9a03-212d61d462d1,521,Passport,9610164,2028-09-14,True
198b9b20-70d9-456e-8e11-0cf7d1f73a70,522,Health Card,2721730,2032-03-29,True
ef31d445-7166-4a2a-bc40-3a4169e3d0c7,523,Passport,9061751,2035-10-11,True
ea971ada-e314-408a-a539-a6cc8aae3c04,524,Passport,4527532,2034-12-25,True
3c7eb2b0-72ad-438a-9558-fddcacdfeadd,525,ID Card,9743405,2030-05-07,True
b9f38303-c535-4b99-96ee-a40233fe1895,526,Health Card,3355486,2031-12-04,True
4273b83e-6db1-408a-8b0d-fd5038c03887,527,ID Card,1265168,2032-11-16,True
dd2124ca-5713-4a12-92f3-54f3229df6de,528,ID Card,1281636,2029-08-19,True
6c7fdba9-c2e6-4b66-b08c-ebcaaf00b4b6,529,Passport,8193140,2031-05-30,True
f72ad205-68b5-4d5c-aaa9-6b9d03ddd3ed,530,ID Card,3515166,2033-01-24,True
02338bed-a488-4fe7-8813-68ef81564e12,531,ID Card,6785322,2031-11-20,True
fdba5f7e-0278-4865-9326-f5791e32fd5e,532,ID Card,6254846,2030-06-12,True
305a26c3-fbfc-4a30-a560-125a0c7489c8,533,Passport,4451519,2034-05-31,True
bf796a65-4153-482a-8de1-7ce3f3d4ddff,534,Health Card,1128005,2035-06-28,True
e05d10ec-6e99-4a8c-b2f7-932f8601be21,535,Health Card,3026685,2029-01-11,True
f8f89215-6e36-49c2-b028-8d566916219a,536,Health Card,4877152,2030-11-20,True
e0845373-5e14-4ec2-8cc0-901faf39c0b0,537,Passport,6349341,2032-07-23,True
c2bcb02b-ed14-4415-8b96-c28373ea4d79,538,Passport,3329918,2031-01-04,True
56f7d8bc-43a0-4634-bac0-1cbd3c939ca6,539,Passport,2967349,2029-06-01,True
3f9011fc-7f35-4b0f-909c-46851861a7db,540,Health Card,2371047,2030-07-07,True
aff03e60-bfaf-4010-8945-78dfffb5f70f,541,Passport,5841043,2032-09-02,True
68723933-b10f-4464-b11f-58a14b0eceda,542,ID Card,1654893,2028-07-14,True
7f965b38-7341-436e-8cc4-cb795dcf2fd5,543,ID Card,6750771,2032-11-11,True
fd7b1ff9-0876-4e53-8dc4-b4430f29b25e,544,Health Card,9943115,2032-05-17,True
afe3f40e-50e8-46f5-b722-5581068a38fe,545,ID Card,1177207,2035-11-21,True
e2f1fbf5-9c86-4d96-9712-879dd492524f,546,ID Card,5662534,2032-12-07,True
685fe836-ccc4-4c82-8cf0-d8ff7dd811e2,547,ID Card,2577497,2034-08-03,True
ba6189c3-feff-4e4c-ac42-8503d58aa838,548,Health Card,3868258,2030-02-23,True
2fe8bd9f-dc27-4ab9-adca-426aa065fddf,549,ID Card,2298646,2035-05-10,True
78a3f458-13c8-4cb7-a334-c0d68238bf1d,550,ID Card,5929833,2032-04-29,True
fe824a4a-4e02-4c14-b64e-96637f532838,551,ID Card,9649196,2035-08-10,True
9fc85348-a8a2-4e3b-9192-40f523347fb5,552,Health Card,3247173,2033-11-26,True
9d6a94e0-7922-4c5f-bdde-8f09fd385965,553,Health Card,4464407,2035-04-14,True
e5e6e483-d75e-44e3-a60c-46879eafcac1,554,Health Card,7133145,2030-11-20,True
99f6d49e-4914-4394-8a02-8f924e490ac2,555,ID Card,9704276,2031-03-16,True
b546f004-d710-415c-bb5d-064e689e13a3,556,ID Card,4371074,2029-07-07,True
af77c7ea-3aec-461d-88ae-76e2e4f8b370,557,Health Card,1393556,2035-04-01,True
93a12552-91f0-46a0-9a2f-c588b9a73d9b,558,ID Card,3846370,2028-07-01,True
e0cab494-587a-46ff-a957-fb0924f4b363,559,Health Card,8483716,2035-06-06,True
7fb8ca6d-e7b4-43c0-872a-a8bb08bfed9b,560,ID Card,4246629,2033-08-13,True
349ea169-4a0c-4a20-9559-91e71d7a07f1,561,Passport,3451352,2032-02-03,True
e5271ad4-310e-43d5-9334-10a262ee02f0,562,ID Card,4409303,2028-02-03,True
47abfc5d-cc0d-49e1-a03a-8c901198153d,563,ID Card,7574185,2032-12-26,True
2d3a52ab-849b-4534-a968-55f71da26abe,564,Health Card,9813516,2028-09-13,True
6ea454f6-b87b-4de5-8f35-f5a42c9ab06e,565,ID Card,3408533,2027-09-21,True
b10ea8af-f19a-4c59-a182-ef0f214b488a,566,ID Card,1747893,2028-07-09,True
3d54c552-1f7b-4cc6-b5c1-846bd8806a9d,567,Health Card,7341492,2027-08-07,True
739ceb77-5013-4677-85f7-c136a3c143cc,568,Health Card,8056775,2027-07-25,True
b7358e33-f923-4f7f-b86b-becb7a49c09e,569,Passport,7074464,2030-04-14,True
e83587fc-75a4-45ed-932e-31fd7b235543,570,Health Card,8240111,2030-03-20,True
09952ea8-029b-4df6-b104-639cdec6976e,571,Passport,7000080,2034-12-02,True
6a6bb4b2-b21f-4719-948f-6ab160912b2e,572,Passport,6258721,2029-04-14,True
9548bf0a-d614-4c3c-a1a4-eef66980a756,573,ID Card,3945096,2028-07-22,True
7694e86c-28e7-4dd5-9990-34e8a48f0570,574,Health Card,7262225,2029-12-19,True
da3d13b6-353e-4cc3-8477-b9945490cfda,575,Passport,1141456,2027-11-24,True
b086b8a7-2c25-42e2-b5be-7e79fbfcdd4b,576,ID Card,6106100,2029-10-14,True
c9ea6b75-d57b-4334-862b-20c362a6bab6,577,Passport,9369056,2034-06-18,True
559c88cd-eebc-4900-bfa2-8f9caf4199ac,578,Health Card,5575286,2028-04-16,True
e321248e-f8dd-43ca-b4e3-7551a14faa34,579,ID Card,3755060,2027-12-24,True
303a337a-9722-42ee-9ba1-d696e3c2605b,580,Health Card,2915326,2035-09-01,True
ae3b5132-4af2-4dd5-8c42-22b49336b2cc,581,Health Card,3388387,2028-07-19,True
26faa09e-b2f7-4d2d-8bb9-12d6ba1c5ba0,582,Passport,4533956,2027-10-11,True
a8b2c7f8-e7dd-4689-9bf1-ccd928ef2ca0,583,Passport,6021867,2028-01-18,True
b5229b43-4f4b-49d8-a211-2ce3d6cf538d,584,ID Card,6486274,2029-03-24,True
d9e641a7-c22d-406b-923d-486f34ff3b3c,585,ID Card,7336748,2034-05-22,True
2a3bfb1f-4758-4ce0-9e0c-be0d78154212,586,Health Card,5977445,2030-07-02,True
b76810c1-5798-438d-9922-f9ecd09c2187,587,Passport,3523847,2034-12-21,True
9b130d50-3a79-41d4-83a0-0b95593be668,588,ID Card,2549205,2031-02-16,True
b18c5b9a-a02e-4771-a3a5-bc78ad69f254,589,ID Card,6183016,2030-02-18,True
6b480c6b-47ac-445e-aa2d-7be6438962e2,590,Health Card,3409978,2034-12-13,True
fe6420e7-eb76-4656-8a3f-fa3393b50e77,591,ID Card,5495311,2032-11-29,True
f2a3a881-59e7-41e4-8fa7-f3bd512150e1,592,ID Card,5010848,2027-02-23,True
4ff06096-8a46-45a7-86bf-48f0683c9ece,593,ID Card,3151118,2027-02-15,True
f70bec33-21f8-493f-8695-e40aa12518c8,594,Passport,6163938,2031-05-07,True
5a8c80b3-5905-4f93-aedf-b1d44e3209a8,595,Health Card,7087503,2035-02-26,True
e91ead20-7c32-4dd9-a34b-e75b16e0a761,596,Health Card,1094291,2033-07-11,True
71847596-6649-4f32-a85c-20beb49c2d74,597,Health Card,5552910,2034-01-09,True
e5110879-337b-44c2-a660-0cd48714526e,598,ID Card,6286278,2035-08-02,True
6cb35587-1717-4db0-b5e9-79824071f220,599,Health Card,3680136,2032-10-04,True
0a3d8157-8125-4acb-b828-15136b5c0ccd,600,Health Card,1392116,2027-04-04,True
50e348a5-d7ee-4d03-adb2-6946635c2429,601,Passport,7508232,2027-12-20,True
987e04f4-5762-45cb-be30-6a65588e4902,602,ID Card,6538141,2035-06-02,True
539f9690-cfcb-4beb-9665-5ba192f5107c,603,Health Card,3112025,2028-01-12,True
b9279eb2-38be-46e8-aef5-02c0be207c96,604,Passport,8111778,2030-05-10,True
f54b35fc-abdb-48b5-9dac-76973714f262,605,Health Card,5632388,2028-12-26,True
0596992a-ff55-40fa-80c4-34c00827ecad,606,ID Card,2190432,2033-07-05,True
a7dfbb8a-c280-47f5-9a83-4cb4e94cf544,607,Passport,9490465,2034-04-22,True
9f46c4f9-26f3-4376-bfc9-6bf0e2869fee,608,ID Card,5475614,2032-09-25,True
f854dcc3-f93c-4c93-b3f9-7322f7fb4e1f,609,ID Card,6469557,2031-12-07,True
34c808b1-65ff-4231-bbe1-60b01aa12297,610,Passport,9067089,2028-08-27,True
1523d40a-cce2-4074-bcf7-728deb44f086,611,Health Card,7635339,2035-03-17,True
d7c2db33-372a-44b0-aea4-8fae00d1f16a,612,Passport,8463725,2027-03-10,True
e74359b1-c9cf-4c5a-8b80-bdebd817f709,613,Health Card,3780443,2031-09-19,True
d73981eb-bf4d-44e6-90d4-8c8700e4a76c,614,ID Card,4169844,2035-05-03,True
0c89c207-1a0a-4389-aace-6db655e3754a,615,Passport,8536880,2029-07-11,True
5b61a76f-6873-4454-a282-3846246880a7,616,Passport,4941705,2031-11-09,True
a3bd53a4-7d7b-43c2-b628-e49a6d71a264,617,Health Card,6402267,2032-01-29,True
56d050b3-9b40-4ccb-a273-d527503fa797,618,ID Card,2856431,2029-02-28,True
8a14c431-5179-472b-9949-43b8ceeaa259,619,Passport,3945930,2030-10-16,True
f29c0687-7aec-4566-8750-1138a1367af0,620,Passport,5556754,2033-08-08,True
46c5c828-0382-450d-8934-61099dc5eb56,621,Health Card,4796642,2035-12-11,True
8ed2be68-8ca9-4e66-8afe-65571b3759a8,622,ID Card,9253963,2034-10-09,True
fc7141c0-d93b-4c30-a6a5-40591615e695,623,Passport,8673307,2033-06-20,True
74d92935-6baa-4c09-aa40-ae1f5abb1ab0,624,Passport,6465335,2032-03-20,True
b084eee3-af42-4ac9-be37-af2c74007565,625,ID Card,3232716,2033-02-07,True
a2d77197-e7a1-4569-85e6-8ccd20ecc75a,626,Health Card,4770309,2030-08-31,True
6d9d97a3-5021-4f0e-a7b2-32de5cab3a30,627,Passport,9499966,2030-11-22,True
c19b049b-536e-40b3-acc6-cfae2d55a6a8,628,Health Card,5797677,2034-09-04,True
f0501ba1-0b96-44d2-8039-ddb49fc01949,629,Health Card,5234039,2033-08-04,True
b89ffa30-be10-4b13-984d-c19e66795adc,630,Passport,4520071,2033-11-01,True
16457650-1fd4-48a2-9470-dcc52e69fb97,631,Health Card,2998710,2035-04-17,True
92e1f69b-6703-4433-a29f-edc453139cbe,632,ID Card,9506122,2034-04-30,True
cdb2ded1-c0b7-4b32-90a1-6560afcd27e1,633,Health Card,8760632,2033-04-01,True
b2699454-657f-4f6e-b230-4256b469bf4b,634,Health Card,4328169,2033-02-26,True
2ae086b1-271d-4866-8fcb-aae6603c43c3,635,ID Card,5222239,2029-07-07,True
b3c084e4-976d-4bfd-b570-aca14b5b97e4,636,ID Card,8425496,2031-07-03,True
bbe9a40f-ca7f-4f7b-ab5c-2f75af8d134c,637,Passport,5048513,2030-01-01,True
6fd37254-7a1b-43a8-b399-7d3ff0c165f0,638,Health Card,3217406,2030-02-20,True
7d18c77c-9036-4f67-b4e7-40bf365321ed,639,Health Card,4988433,2035-08-28,True
cb1aa904-b407-40d3-9568-f1e86e6f7ee4,640,Health Card,8888508,2034-09-10,True
21e2cf2a-0ea1-4a89-a5f7-4bc5f4b27c2f,641,Passport,6095196,2032-07-22,True
55835ac8-6d25-4db3-92af-e133fa3d2b6e,642,Health Card,2405111,2032-10-05,True
fed948cf-8d00-4dc2-8286-ea092991c370,643,Passport,8812534,2031-04-26,True
b40fb1b4-213b-4c51-bde1-8d4e400fd9ab,644,ID Card,4846047,2029-09-17,True
68794941-f393-4a34-b2ac-b591764348ee,645,ID Card,2334921,2032-05-19,True
ab3a5e1f-2998-49aa-9d73-cc66a998f015,646,Health Card,4641721,2027-02-19,True
f8ceba10-c946-4d9e-9748-e0504ef13b0b,647,Health Card,3173347,2027-05-14,True
73cf1329-fcb8-447d-a4bb-58c931e7817a,648,Passport,4870958,2033-03-07,True
5f1f25a5-2d7c-4079-b985-aa9f2fd29bdf,649,Passport,2460421,2033-12-27,True
7e4d9fed-a621-43cc-bbfa-4921ec5fa911,650,ID Card,9403733,2030-07-11,True
ccbd2dfc-47b5-46a6-aac6-b00e989204ac,651,ID Card,2910674,2034-09-19,True
006b1237-950e-4f24-8107-e99a17077a43,652,Health Card,1135948,2035-02-13,True
ac78ffdf-3de8-48c2-9351-30c86fd4336a,653,Health Card,4055332,2028-08-28,True
9233f90b-2422-4493-9986-b0b17817cd1c,654,Health Card,9823903,2031-05-30,True
f2a96ceb-0153-4abf-baea-03e10426c265,655,Health Card,8342924,2035-01-11,True
da5c01f8-4f68-45e6-8f93-b38b0a489a31,656,ID Card,7585427,2029-06-23,True
a43ff983-10fc-4b1f-8788-5ad67c95db7d,657,ID Card,3976091,2027-01-25,True
9d691467-a853-4072-bcfb-bd888ca6d005,658,ID Card,5378200,2030-04-08,True
4aa10e13-d03b-474f-bb36-24dc63197057,659,Health Card,4343546,2033-12-06,True
50238629-a143-4d82-a8a4-df9a6d4a8130,660,ID Card,6874466,2034-09-14,True
dbc7446c-6aa5-4111-9cfe-84c7f87d0fcd,661,Health Card,8685535,2030-11-21,True
0f6a778a-665f-4d88-adc6-ec0cfb630ecd,662,Health Card,9891432,2035-05-07,True
0260c303-b8b4-4b91-9e28-489072dd6b04,663,Passport,3313042,2028-04-28,True
5a601932-2ef0-4dd7-ab64-e35b32665b10,664,Passport,9510458,2028-06-02,True
9eb1a5f5-6b60-4a92-869c-9627bb1a2502,665,Passport,1718192,2036-01-17,True
00f17206-a761-46ab-aa0e-1389f4477775,666,Passport,7313801,2028-10-21,True
70168485-0b9d-4fd4-bf11-688b5ab86e23,667,Health Card,5376363,2035-09-27,True
28238085-4a54-43d4-adb6-44b69f27f890,668,Passport,3544222,2030-03-07,True
3e911cbc-4920-4b7a-b4a6-468a6f16d26a,669,Health Card,9254140,2032-11-12,True
fc56d8f4-54d5-4a8e-9bcd-ad43953e7a07,670,Passport,8888813,2030-01-17,True
66f2639b-5107-405d-aaa9-d4bb8a0fb378,671,Passport,3250247,2031-03-29,True
6625fc63-6b45-40cf-b50e-a17c53735390,672,Passport,6753059,2034-03-12,True
d32d5f6f-bd5a-41ca-94f2-56fd52da5070,673,ID Card,9606654,2030-03-30,True
ab1983a8-347f-47d9-9e92-819f63efa16e,674,Passport,3051027,2035-06-07,True
14ca479d-1a1c-4d5b-ba67-a12c90531804,675,Health Card,2263949,2029-12-29,True
42140c6c-8b1d-43df-a53b-680865464a8c,676,Passport,7128638,2030-09-05,True
204a7acf-078b-4044-8f16-94040e390235,677,ID Card,7200032,2031-11-07,True
95181d86-c532-42e9-91a5-f3a11ef2d38b,678,Health Card,7118784,2028-09-07,True
cec4cc43-3639-4d48-bc82-02e17d7092be,679,Passport,7538530,2032-05-03,True
a0940827-3e6e-4581-b059-fd09e2c17c39,680,ID Card,1684969,2032-11-15,True
6940a439-5263-4731-978c-2460ea17c028,681,Health Card,2909613,2029-03-04,True
f488955f-fe01-4506-a3d0-6e9d08c40c73,682,Passport,2205920,2030-11-10,True
daae7f13-e223-4bfb-a2a0-1228dd0e81d1,683,ID Card,5814655,2032-08-13,True
744a602a-172d-48c8-99a6-3566afb86bc3,684,Health Card,8578812,2032-04-21,True
bdd641a8-f286-4047-80d4-e50f0e2f14e7,685,Passport,6748147,2029-10-31,True
435daeb9-a6e7-4671-8cb4-9afc7dded1a7,686,Passport,4455332,2033-11-20,True
5e5b2671-d75f-46f4-9b5c-b87ce16fcb0f,687,ID Card,5049982,2031-06-15,True
f8afd1b8-ab9c-4707-8e02-18ed495216a8,688,ID Card,1442960,2028-08-06,True
aeab15e0-5d08-4b3f-8190-6efe93207d0e,689,Health Card,9129489,2029-07-21,True
2bd57d68-34c2-4576-895a-311622f032f7,690,Health Card,2313464,2031-08-04,True
7f264b8f-48e8-43ef-ab9c-d1368a6ea277,691,Passport,4974637,2033-06-12,True
f6e3ec32-fe0c-407c-929b-e17428f45f67,692,ID Card,5218990,2028-01-28,True
590b876d-e836-4a07-b94f-094a6487d582,693,Passport,6263983,2031-12-24,True
57fc990f-b4f7-449b-9af7-57590b3c3b06,694,Health Card,2945897,2032-12-13,True
9e4caac0-8135-46bb-b466-90007108a2f7,695,Passport,7965840,2031-02-14,True
2743fd96-238d-49c3-a993-716fd8f584b8,696,ID Card,7750762,2028-02-14,True
097086bd-b4ec-4d36-af2c-ee9ffc9988ba,697,Passport,1859556,2032-07-09,True
a011f2f2-649f-4733-8e90-27a9b43068af,698,ID Card,5808318,2033-03-01,True
3662a16d-2391-4849-95ba-edc096819d02,699,ID Card,5658961,2032-02-17,True
33ed07ad-24d0-4631-8660-365c586dc264,700,ID Card,3441528,2028-09-29,True
6071e10a-0a61-4e51-854d-f757bc1f769d,701,Passport,1050752,2028-08-08,True
ab630287-8513-4cf5-ad2c-4885200dea21,702,ID Card,5243990,2034-01-27,True
3b3db481-920d-4de3-88a8-b67216a0315d,703,ID Card,8205234,2033-12-25,True
cf6c1ee1-d5e7-4d25-a6ef-2f65891b990b,704,ID Card,3310264,2027-11-20,True
0d2537a5-b2e1-4be6-b95f-2afac4158df8,705,Passport,5115117,2033-05-28,True
be1d34c2-3c21-4f78-ba34-759cf3d9bef6,706,Health Card,5323639,2034-05-28,True
9db0bc3e-2490-45ca-acae-e05eb643914d,707,Health Card,6029131,2031-04-08,True
78dc662a-291b-4d1e-b4bb-56a7579248e4,708,Passport,8890273,2031-10-01,True
72f4f772-d8a0-418c-9b2d-6b0cc07e92ac,709,Health Card,8472913,2033-04-17,True
1e4d54a3-2eef-4ce6-9ba0-6e66d6563fe4,710,ID Card,9468506,2033-01-29,True
ac7e5828-0cff-4627-8f38-a270e235681d,711,Health Card,5859023,2033-09-24,True
5b179bb6-9be7-4e39-9bde-122e5708cf81,712,Passport,8813371,2028-08-23,True
918df234-c9c8-47be-bdcd-32219449332f,713,Passport,6627185,2032-09-29,True
b8737ff6-8488-41ec-a7d6-e1fa733060fb,714,Passport,5562062,2030-02-10,True
c996cfad-a712-4d1d-8f51-8d4423dab2e9,715,Health Card,8561578,2027-01-28,True
053b869c-9343-4d2c-a003-b062e88863a1,716,Health Card,8116005,2031-10-20,True
2a9fdc2a-2602-45d6-ae8e-05f5289fe855,717,ID Card,1317577,2028-01-22,True
8ef3dbbb-fa89-4201-9901-893df894dd99,718,Health Card,5792636,2032-09-25,True
3f20ed8c-ee70-4a70-8f12-505a2e9c5735,719,Health Card,8789653,2030-03-21,True
eeb5d511-2a85-461e-aa0b-51a3f69cff7b,720,Passport,7503252,2034-01-15,True
3090d462-9847-494a-bc71-4495b277c973,721,Passport,6311792,2030-01-29,True
9c508a19-a02b-46f0-86aa-1dbb71cb2670,722,Passport,2159661,2032-08-19,True
d17b7c62-7777-486e-b262-3d411da0f5d2,723,Health Card,3030174,2033-09-12,True
f90c3c91-be9e-4890-825d-b4141012967a,724,ID Card,4147046,2035-11-22,True
9bb46ffe-ec1c-45a8-8ef4-0cfb75c31fe0,725,ID Card,9855691,2035-04-23,True
b0675d7d-1d59-47ac-8989-c6f2c1ec9521,726,ID Card,7530511,2028-08-14,True
421df331-8c7f-407f-86f1-116ae520d2b9,727,Passport,9916667,2027-07-09,True
fbe0c437-52e6-4a44-8397-a21d3c4c37d8,728,Passport,6091921,2032-11-07,True
ce3f6e73-d73e-483a-a532-1fa4a4235e1d,729,Health Card,2375768,2033-07-15,True
bba9d80e-80ad-4ab8-8be7-21bef6799b9c,730,Health Card,6526562,2032-04-06,True
b3a91457-3987-4519-98bc-8cd4d65e5628,731,ID Card,3449524,2029-10-03,True
9f530c28-4255-43b6-9e97-654f50be8276,732,ID Card,5509186,2035-03-27,True
303bcc90-2d94-45c3-a05e-602c49e02a83,733,Health Card,4472151,2031-11-19,True
1b85baf4-1581-49fc-b9bf-3bc2306ec015,734,Passport,4655898,2030-11-12,True
793b2cc4-8cdc-4d08-987f-99683ce706fa,735,Passport,7942248,2028-03-07,True
dd60add3-ce09-49ef-9a6d-004370f1eeba,736,ID Card,9732607,2028-08-18,True
d39c8091-c20d-4968-9da5-1ed03174d5e6,737,Passport,1511056,2032-01-22,True
2d63d744-6c68-4376-90c6-b7928206e9c9,738,ID Card,2374594,2029-10-02,True
66580433-8d60-415e-9dd0-8f0192798d0e,739,Health Card,3015778,2030-08-12,True
92a86949-1589-4cc4-8b1a-4636e99672b6,740,ID Card,7127097,2033-06-14,True
4133f6af-9048-4ae6-a06b-3ae362515dd3,741,Passport,8730950,2032-05-30,True
05f391b4-43c6-468e-a7d4-03579d3839a6,742,Passport,7542624,2030-08-27,True
053c49a6-0dcf-4e02-8b5e-20d75225ea58,743,Health Card,5248406,2033-07-20,True
6b3a156b-a280-4475-b26c-110c4882f78d,744,Passport,7679363,2031-06-09,True
36a06cab-907a-4433-97db-da0ab38c95af,745,ID Card,2552180,2033-06-16,True
7fbad335-4b93-4b78-ba07-70034b0802a9,746,ID Card,5995736,2027-04-27,True
000f76b3-612b-4ab4-8bb7-60c964667357,747,Passport,4926819,2030-07-20,True
ca4d6b58-2917-4c9d-85f9-5ec6ea31beb3,748,ID Card,9624254,2034-11-07,True
874a9862-f7e3-405c-9683-af6815d70c80,749,Health Card,8667261,2031-04-17,True
e6c4d71c-1078-48f4-bef3-3cf192162e6f,750,Health Card,5204414,2030-12-06,True
e9769cfd-f1fc-4af0-89a6-37613f437e18,751,ID Card,3095327,2027-04-13,True
d6de5f56-1dc3-4412-95dd-836d296b8514,752,Passport,2058864,2031-12-14,True
c13a12be-1852-40ba-b0d2-35f422e72f56,753,Passport,7087939,2032-09-17,True
3aefedbd-78e5-4a85-8ccd-46012139881a,754,Passport,5162753,2028-03-31,True
307d9fe4-3103-4fdf-9798-0ed6837e7992,755,Passport,2183127,2034-09-04,True
977297ed-a713-41e2-8d0b-9fd033e648c3,756,Passport,4830318,2036-01-20,True
29f324d9-e1a6-4eab-8c94-52f9209bde2d,757,Health Card,9032964,2032-07-06,True
9af0bd86-7b00-48be-b359-0c3b6b56933a,758,Health Card,3913229,2030-05-29,True
a6599ca8-c9fa-4163-93a7-030a626abaa0,759,Health Card,6253212,2028-09-20,True
7396f60b-3cf3-4aa3-829d-f0bbce427871,760,ID Card,1655979,2028-01-10,True
abf00d06-34ee-4a8d-b9a1-1dea1f159000,761,Passport,8846725,2029-06-17,True
d027a396-3182-486e-960c-222162b0de69,762,Health Card,7560409,2029-08-24,True
414f14a5-dd96-4b01-a031-90b905fed106,763,Passport,1642772,2032-08-18,True
0d07b88f-7cca-4560-bd41-a7e3da4cbef0,764,Health Card,5497177,2033-12-25,True
50c26393-3d22-43c1-9356-356ea16e3be3,765,Passport,2611872,2033-12-29,True
a97b0a92-43d3-4c42-9c16-9d699878330f,766,Health Card,1965964,2033-10-04,True
d38419ca-8d92-49a7-9bc0-b47b15734672,767,Health Card,5382582,2034-12-05,True
3e774b9b-0d0a-49b3-a2ee-9d38e345161a,768,Health Card,1384195,2029-09-07,True
a2e8147d-961d-4d1f-9fa2-a45ca85e352a,769,Health Card,2987701,2029-06-01,True
a08fe013-ce31-4166-9723-9cd2b919a35c,770,Health Card,7138496,2027-07-17,True
6b02650a-0814-4224-9ef0-7ddfa52bb1a8,771,ID Card,6128441,2031-06-16,True
368d794f-9eed-45be-833a-43c0f483ce03,772,ID Card,3594029,2027-09-18,True
61a0248d-982e-407e-81ce-42ff5d0b3f7c,773,Health Card,8853750,2034-02-03,True
8e3fc8e2-ce73-4ee1-a407-a837f979a689,774,Passport,7529554,2033-05-27,True
9c6c09e8-b3e7-4d25-b879-0497a3adb381,775,Health Card,2167798,2031-09-07,True
496cf60a-19d4-4446-a2f0-9c12fdd4f641,776,Health Card,7843884,2030-01-01,True
2aac8614-a73d-41f8-a040-406a1af62225,777,Passport,3388477,2027-11-12,True
104a1340-fd1e-4b52-87ac-b5b5c2bd6023,778,Health Card,1990161,2033-07-30,True
1ff4e79d-7fb4-449e-ad90-17d0987c5c26,779,Passport,5444199,2029-05-01,True
939285da-ec09-4ef9-9d9a-439a0aa66c30,780,Passport,2908439,2029-06-15,True
55d243f4-4e45-458f-a453-1f41db236dc4,781,Health Card,4482041,2030-12-25,True
639494ed-d9ca-4548-845e-78a25c5d6785,782,Health Card,4946774,2030-10-31,True
52251821-7054-4f14-8185-fde29167dfe8,783,Passport,4453879,2031-06-30,True
3f0c0dbd-11cc-4409-b3fa-a3885ae8e96d,784,Passport,9880136,2034-08-31,True
2a1d044a-cfb2-4b9e-aea7-ff8f67b31eea,785,Health Card,7428010,2028-10-03,True
27a308ab-79d4-4026-86c2-0357bf2e13d9,786,Passport,7442373,2029-08-01,True
3c889702-6a19-4536-9773-cd2fb881893d,787,Passport,6917535,2032-12-19,True
ff4002a4-0920-45f7-8061-1c87af87fb67,788,ID Card,2320789,2033-01-06,True
4e77941b-0c7b-4309-8fde-d4ed317e241f,789,Health Card,1371360,2031-05-30,True
7f1f394e-f391-4fb9-8723-3371082cd9b6,790,ID Card,8696495,2030-06-23,True
a1e926c9-7dcc-47a0-9cbc-9bb435c62a21,791,ID Card,7941880,2032-04-10,True
6e6164f4-8f79-493c-a67b-46f6ca9cb3f0,792,ID Card,1842857,2027-07-03,True
41b174b4-2aad-429c-92fe-284f0e4d7147,793,ID Card,2651142,2033-06-21,True
e5019ed2-48d9-49ea-ab93-f233c5ff03dd,794,ID Card,7099029,2035-12-04,True
7ba8aace-4a9a-47e2-bf1d-876b375e067b,795,Passport,7451136,2033-02-24,True
cea3e204-5d68-4b8b-9b3a-be2b72ba51ea,796,Health Card,9407082,2030-11-10,True
0bcaf8a2-7f99-4ca9-b2c5-822686bed879,797,Health Card,1038378,2030-04-10,True
5864297e-16bb-471b-a63b-d9e78d8d8dbc,798,Passport,9555204,2032-07-22,True
26d7c9a7-1578-4547-be08-910c9fa6356b,799,Passport,3600038,2028-12-09,True
077c3611-e02a-4464-9dd9-8d0378b1cd97,800,Health Card,4541247,2028-08-01,True
481bb3bd-5863-459c-b5c0-5b1a26584d7b,801,ID Card,4859339,2035-11-25,True
2bfcd27f-3098-46a2-929d-e1f8558a21e7,802,Health Card,7983362,2031-05-04,True
344eb89c-9fa8-4790-9474-110e52ffe16d,803,Health Card,3529233,2034-05-29,True
00d332cd-df17-4fdc-8540-71838d2f1e79,804,Passport,4196201,2030-02-13,True
3c41bf9a-95c5-4578-b293-fdc083bbbefb,805,Passport,7244375,2034-06-30,True
cf3f9817-27fa-479a-8e1e-6840b72a0e7d,806,Passport,2174159,2030-08-22,True
0fb14740-76b9-46fb-97f6-305b01fbeca6,807,Health Card,9131166,2028-09-19,True
2a4f8376-b557-458e-8322-34af402275fa,808,Health Card,5823228,2030-02-10,True
89aea289-8ef1-4486-b91d-d2c2bc9fe9fd,809,ID Card,4397527,2030-04-02,True
3f4ecf7c-ab83-43d8-bc6e-966b4d8e01e0,810,ID Card,1898590,2029-05-23,True
1d5d2720-94ad-4b9f-a0de-4abfa33d162c,811,Passport,1285640,2029-08-24,True
dc6af608-581d-47ef-a8e7-d1b78ca7de47,812,ID Card,7151403,2035-03-16,True
2fb5a825-9c34-40ab-b67c-be62621405bb,813,Passport,4780490,2028-10-01,True
bb175920-5bb4-4256-a23b-19df969bcf3a,814,Passport,8060811,2029-12-04,True
9a086c7e-d1f8-41f3-b5cc-d1ac950aa387,815,ID Card,5894363,2031-08-13,True
4c9b5bda-2628-490f-a327-ad5f429785bf,816,Passport,2297977,2031-02-21,True
fb064ea2-5f33-4da6-b011-3fbf93bd0ca2,817,ID Card,2372244,2030-03-26,True
504e44d6-b76b-4169-b730-e05ed50d73c7,818,Passport,9622622,2032-05-04,True
9f5165c7-b471-43c7-ac35-79f032d91f19,819,ID Card,3843112,2027-08-18,True
af774267-efe9-4485-9946-555a5f6c83a9,820,Health Card,4459555,2030-09-26,True
750b7df8-cad8-4aa8-aad9-cef1058fe183,821,ID Card,1854426,2028-11-26,True
262be970-4ecf-420f-98a7-5a22a63e8919,822,Passport,3795193,2033-02-17,True
d81fa25c-1eaf-4e6e-8644-eba111d7497c,823,Health Card,5964610,2029-11-01,True
0e0a093b-2e1b-4df6-ae01-a9752d86b809,824,ID Card,3856378,2030-10-30,True
7e57f2a0-43c3-4a44-a84d-c108337db60e,825,Health Card,9004806,2032-03-24,True
235bbf55-ec8a-451e-8f35-09297a922f60,826,Passport,7545327,2033-12-10,True
8e97d2a9-70df-476d-813e-388182f742c5,827,ID Card,1248645,2029-10-10,True
3972a754-629a-45f8-99a1-dd2eafb3ca1f,828,Passport,5778428,2028-07-16,True
fed02009-729d-4c7f-9e44-b0db9a33f136,829,Passport,1771641,2032-05-18,True
df859a23-a17d-4919-a1b2-3fbb1fe38627,830,Passport,9680919,2032-04-09,True
faf1bc0f-02a2-452a-bad4-e8d710e8a4d4,831,ID Card,3980300,2035-11-19,True
d3f2d82e-5a1c-4830-b64f-c6248c69a95a,832,ID Card,3243724,2033-01-20,True
5d28c306-fd43-4af2-ab91-575b31eab6d8,833,ID Card,7844928,2028-10-30,True
4c273abb-79de-4e03-a571-909663fad18e,834,Passport,4159934,2034-04-22,True
3ad933eb-80a7-4700-9970-b177c5b87130,835,Health Card,6708239,2032-05-02,True
264625f0-1e5a-4fe2-b916-951261e5770b,836,ID Card,8043681,2033-08-10,True
51ce2c0d-fcda-484d-b282-06362ede4b44,837,Health Card,6640979,2030-05-07,True
950226a6-c7a0-4b54-8618-52936912c3c8,838,ID Card,1192974,2034-10-31,True
c358b408-53bd-4077-99bd-729c366b781f,839,Passport,5595823,2027-12-10,True
487730a3-a3f0-450d-b74a-b48e6bfcab27,840,Passport,7691676,2029-03-07,True
84111b6d-d522-40eb-982e-3616e254e93f,841,Passport,3610768,2028-02-26,True
f19e0dfd-8932-4223-82a3-b18ab9dce910,842,ID Card,9608583,2032-06-28,True
6479a0eb-6121-4aef-b056-d357d8b984c1,843,ID Card,4495372,2029-04-15,True
1a6a80a6-91ab-446d-8979-f2be0446137c,844,ID Card,4345083,2034-11-30,True
07b18c73-cd91-447c-a973-5169114bcfa6,845,Health Card,7336106,2029-09-11,True
7ef06cdc-a155-4967-803d-c828f5e6b40a,846,ID Card,2180193,2028-02-02,True
10633d67-ffeb-4f6b-b40c-f64b76e0101d,847,Passport,1210941,2035-10-24,True
5a4d559d-c75d-4d97-ab49-9147a6523703,848,Health Card,8504666,2030-11-05,True
544e6dd7-7202-48bb-8c11-9ab26d19768a,849,ID Card,7487231,2027-10-11,True
8e1b02d8-d63c-4eb6-8fc0-9f0e5f8530dd,850,Passport,7959187,2028-10-01,True
1f427eb8-cd43-463c-965f-71cd493c98b2,851,Passport,4899708,2033-02-21,True
e7a8690e-b147-4751-8ac1-8ff59ca6a0c4,852,Health Card,6246344,2028-07-25,True
0fb918f8-c090-45c6-81b0-2c26d4559e09,853,Passport,6804572,2032-07-31,True
8964a0fc-3d6d-46ce-8453-05e49d09423f,854,Passport,7744861,2034-01-18,True
030dc553-774c-485a-86ba-53a284e3ed9c,855,ID Card,8104680,2029-01-03,True
05975bfb-fd91-49fe-8836-1e2d74e4e993,856,ID Card,3109978,2035-08-06,True
5b4c263d-cb80-4f88-92d7-c95d7b0313ae,857,ID Card,8678623,2035-04-04,True
99cece82-eac2-4bbe-93b4-dfd2f2abc8c8,858,Health Card,5470609,2028-06-02,True
24ec66d2-8e2e-46ef-b3b8-fe18b18c91db,859,Health Card,3848056,2030-02-08,True
d90178b8-6923-4b5d-b8cf-9225c7cee670,860,ID Card,5233413,2032-04-23,True
5374c64c-b36a-46da-b512-f8bc850ee3e6,861,Health Card,1840262,2031-01-07,True
0f492a49-ec77-47b0-b4ba-68366d1a5c1b,862,Health Card,4328622,2027-12-02,True
dca5e63a-98df-4849-acd5-0f3b191a0f25,863,Passport,1364735,2028-02-28,True
8e5929e1-6410-4a77-8c6a-6516501dfc0c,864,Health Card,5078275,2028-10-13,True
219f54d1-7c78-4b72-859e-937767ddc9ad,865,Passport,1890555,2027-09-10,True
b78ca287-38c5-4d61-95ea-58ebd7df258b,866,ID Card,7058643,2033-01-24,True
d98f6746-c252-4d4b-becd-f4dbbeb32893,867,Health Card,2544289,2034-08-31,True
3e2a9d8e-7c22-4bab-a6a0-f5fc9bfa784d,868,Health Card,8140600,2033-09-04,True
0bd5deab-2dd2-4af7-9d8c-819619bde1f1,869,Passport,9319022,2029-07-29,True
59b370f9-fee2-4b79-b911-eff9ae91fe1c,870,Health Card,1678512,2031-12-26,True
bced0799-da83-4ab6-9336-d830e7824bb9,871,ID Card,5988321,2029-09-12,True
70940954-925d-4ab4-8b50-5acba5ab435c,872,Health Card,3270066,2035-08-31,True
ce11b8e9-3b81-42e1-b8d4-df2da3d31fa9,873,Health Card,9320880,2033-09-24,True
ab9700a0-e0af-4175-9a68-47d31f02cf1c,874,Passport,5295402,2028-11-25,True
bb6672db-d04c-43a4-8170-8721571ebe59,875,Health Card,3437582,2034-01-13,True
ba1b2b81-7a92-4308-bb57-42116a3da908,876,ID Card,9360433,2027-04-05,True
fde2eb59-523c-4fb8-b516-f70ab93473f9,877,Passport,5633783,2029-02-05,True
6b72d3d3-9d58-4349-add7-cf5003caf686,878,ID Card,3252664,2031-02-02,True
f473a528-fed4-41bd-bec2-74b87c10d431,879,ID Card,1583874,2029-08-27,True
59fb6dbd-248e-4b97-842a-4792f8049658,880,Passport,2021277,2030-01-07,True
8a8cb727-55f1-46d4-b1d9-93468559030e,881,ID Card,3733508,2031-11-19,True
b93e390b-065a-43a0-a5ef-1f434e6fd2e4,882,Passport,8453055,2029-08-03,True
91157a18-5f83-4ac7-a0b8-e649f02490bd,883,Passport,1874019,2032-08-03,True
2094429d-db9c-4a8f-9623-b981ce933838,884,ID Card,8673825,2028-06-01,True
2fd7aa88-3e59-4901-b11c-4ac05f9ad2e6,885,ID Card,3995054,2031-08-10,True
6e17e201-553a-4d94-909f-3b217a417373,886,ID Card,5872073,2032-07-26,True
7123127e-c23a-4426-945c-b269c73ed9d9,887,ID Card,8850768,2030-05-27,True
c6ec5e3f-d547-4fe6-a765-52916c3c13c4,888,Passport,8797482,2033-07-03,True
c9470100-8a83-4d84-a299-105f94effbfd,889,Passport,6254934,2027-01-30,True
0c18d3de-15ee-4535-b5c3-66883930dbe9,890,Health Card,7577774,2027-08-11,True
666c3416-f67b-4e3b-be3f-f9464b8611e7,891,Passport,5547630,2031-06-09,True
83bc1d57-9932-4d5f-9826-ec32f0bde892,892,Passport,5777322,2028-05-25,True
12146cdf-e504-4eec-b505-255f8e70a9bf,893,Passport,3603526,2027-04-13,True
7968427e-3389-4c25-a247-861e5ef0d4a3,894,ID Card,2221786,2034-07-29,True
215f1d59-db08-408f-9fe6-1729948cd0ad,895,ID Card,4758648,2027-06-15,True
888f39f2-2d8d-4bcc-ab90-352388392657,896,ID Card,7607790,2034-09-27,True
3f5bf350-519e-4de7-bec3-4b28e86a7e8c,897,ID Card,8476046,2031-12-25,True
8b5ecd92-fc67-459c-9e79-dbe2d899ddf7,898,Health Card,7724653,2030-11-13,True
41d5b3ac-fdee-4665-a6eb-4b2def48a9bc,899,ID Card,5132050,2032-03-16,True
524b1cb6-b518-4885-a580-6bcf1d76206f,900,Health Card,4951785,2030-09-13,True
3de0f702-171d-4f0f-9dd1-2c78afcbc927,901,Health Card,1978388,2033-05-19,True
c9713711-3edd-4829-a7c1-ba73c32472b7,902,Health Card,2915343,2033-02-11,True
055438b1-bbb5-4793-852a-118b86fc0eba,903,Passport,5054896,2035-02-21,True
bddb474d-1d78-4231-b0c4-d50a14ec4e3d,904,Passport,2629326,2028-08-03,True
c5769b59-1030-4117-b413-d7e0eb348eef,905,Passport,6762863,2028-01-05,True
18d21629-c580-438b-99ac-72929caf86c8,906,Passport,4705728,2034-01-05,True
a13e858c-1a38-4517-9b86-9b02407f3d76,907,ID Card,6234066,2031-04-25,True
96100c15-56a8-4673-bcb0-f64fd9109044,908,Passport,8860720,2034-10-17,True
f8be7d2e-7f57-49e0-8937-cba157f0d512,909,Health Card,7343545,2028-06-07,True
7ed1cc9b-d6b6-4aaf-85bf-e42bc2e18d97,910,Health Card,9270386,2032-02-04,True
dd0f07b2-21d2-40cc-9efd-aabe1a98fd4f,911,Health Card,5597083,2034-09-16,True
ec0db6fc-803e-40d5-b09b-67bf0c56278d,912,Passport,6067818,2034-03-28,True
4b46005b-30a0-4044-b9ee-d2d4091c240a,913,Health Card,3807715,2035-02-20,True
ca3000c9-11ee-4ba9-bbe8-6a92c1cb0abe,914,Passport,1759873,2030-09-23,True
7a080a84-50b1-4326-8460-c6cf910f8986,915,ID Card,1026722,2029-12-26,True
c3b9fe9b-9970-467b-ac7a-4de8aa469dde,916,Health Card,3273513,2035-12-29,True
cb2b9858-774e-4692-b658-f9bd8affc1cb,917,ID Card,4796822,2035-04-26,True
20d96137-b668-4849-a7a7-d37457343125,918,Health Card,9263093,2032-08-29,True
1b4f569d-6a41-49a1-aea8-0a47b8040136,919,Health Card,7229781,2035-02-13,True
3f2890ed-a145-4ff9-a389-35edb846abeb,920,ID Card,6936487,2030-10-21,True
00f8daee-943e-47c9-9b48-516f02ae375c,921,ID Card,8860551,2028-03-10,True
14949ca4-adaf-4080-81b9-af15ada95519,922,Passport,2989899,2029-02-03,True
6d3ff262-1c13-466e-b01a-abdaea09a176,923,Passport,7076354,2035-11-22,True
6c9c7862-3c0e-4e8b-82fc-d18ae90e3357,924,ID Card,3196002,2028-08-22,True
7e31352e-1258-4544-b736-72900870a9cd,925,ID Card,4945212,2027-02-01,True
1d16c42c-ca1c-46c0-b815-ba5f2a57592f,926,ID Card,5243022,2035-10-17,True
d6057b5a-706b-4e00-8a35-7036d25a5fd7,927,Health Card,9802547,2028-02-13,True
b1581cec-6e45-4805-8fde-0d73507c0408,928,Passport,6371241,2033-11-08,True
0f40c8a8-07ac-4973-b244-c42a06a7bc44,929,ID Card,1507908,2034-10-31,True
6db07bff-3a58-43b9-986c-0d1ed2764492,930,ID Card,4662879,2027-06-03,True
d38a7408-cbd8-46a3-842c-3a8623b16c95,931,ID Card,8926978,2031-12-12,True
d364c454-e8ff-45b1-8840-987d2062b15c,932,Health Card,8310773,2035-10-06,True
91d97b34-3927-436d-930b-2627b0c5372d,933,Health Card,9570292,2031-02-27,True
8eed5ad7-640c-45d9-af73-9c24ce2076c4,934,ID Card,9916858,2028-08-22,True
5458b8df-81dd-4626-996c-92e5681e64cd,935,Passport,4710814,2029-02-05,True
5b408b8e-f108-4936-9946-0234e544ba31,936,Passport,8790832,2027-11-19,True
6506c742-cd3e-45a5-ad57-9e9085a76683,937,Passport,7184983,2027-02-07,True
5cb26925-d556-4a9f-a378-6b4bb5865327,938,ID Card,7336848,2030-07-13,True
8e9a5ba5-e6ef-463a-bc27-1e05d8070731,939,ID Card,4865937,2031-12-30,True
d76747bd-be58-4943-8922-5be180476897,940,Health Card,5227815,2034-02-09,True
ed0b2e99-ef6e-481d-9ed3-d7787c381044,941,Health Card,3920853,2035-11-21,True
bb6e5313-aaec-41a6-b06d-eb7227b6e751,942,ID Card,3324973,2034-10-26,True
272698d7-0bd7-4be3-982d-d3858f3c373f,943,Health Card,4388869,2034-10-24,True
470c14cb-f3aa-420e-96b7-4fd6a843f08e,944,ID Card,1639563,2033-08-07,True
86b58ab2-444f-4c46-8482-182f0bec5434,945,ID Card,9788591,2031-06-15,True
d1ad9c77-28bf-43a4-bc9c-7cdea743e3ca,946,Health Card,3693937,2031-11-19,True
03f4eac6-7e2c-4d3d-8898-c8cf792609af,947,ID Card,3486064,2035-03-21,True
9a35ab81-d931-4d97-9312-99c7e8e146ac,948,Passport,5969930,2027-10-11,True
4d5f8597-787b-43e5-8d02-3eda785ddf85,949,Health Card,9148048,2027-05-13,True
2b835017-0ac6-441d-9719-17a189f9a1ef,950,Health Card,9824709,2034-01-20,True
00344397-85e3-4bd8-847a-a8a61e59fbbb,951,ID Card,3685292,2034-12-24,True
e5495477-3cb9-480d-aa59-0fd50f7085ae,952,Health Card,8160948,2030-12-04,True
23df25ab-8ad5-4612-9b29-a2cb8128a6f5,953,ID Card,2151210,2035-08-19,True
3ec78914-22ef-45e2-8ee0-9ad290cf54fd,954,ID Card,8511539,2029-02-01,True
52cec7c1-ec49-459c-97a7-5b51bc3ffb47,955,Passport,7542547,2032-03-03,True
8f24248a-2e57-4caa-9e78-621905ab1146,956,Health Card,9782073,2027-08-31,True
5252e3b7-3cab-4b38-92ab-a08231049dfd,957,Passport,2204671,2035-04-08,True
8144f15a-0400-4f3a-a199-8a549bd651dd,958,ID Card,9871990,2031-09-17,True
33ad0767-1dd8-4cdd-9b2a-175f1c03fd12,959,ID Card,5392749,2028-10-05,True
49fd9a61-b1b9-42f5-845b-fe42d4e04bb3,960,ID Card,2347894,2029-08-19,True
756a5633-e2d5-4b41-8096-4aadf164b087,961,Health Card,5738792,2030-10-07,True
3d846e14-be8c-4e83-b0f0-6b5efa23ceed,962,ID Card,7400661,2027-05-20,True
7708b4b1-bd2b-43f5-a316-6ce48d85e095,963,Passport,1092742,2030-09-01,True
00ca9c4b-ab2a-4295-b7d7-d7a324e02e82,964,ID Card,9225051,2032-11-29,True
ce4f5c9e-ad56-473c-b942-962750bcfa01,965,Passport,8538240,2028-01-14,True
569478ed-6dbb-4ff8-96ae-ed8c445e5377,966,Health Card,4280931,2030-08-14,True
6ed32654-96c6-4969-a8c9-e30357770bd3,967,Passport,4742208,2031-08-20,True
1cb37a9f-b1be-4247-bd00-6d7eace64b2e,968,ID Card,5190866,2033-12-28,True
63720ef2-4416-4f9c-88e5-ae5860c6e0d2,969,Passport,7407374,2035-07-28,True
79215527-e584-439d-b1e2-76410f1bb2a2,970,Passport,1023652,2027-05-23,True
f21957d9-0a2b-401e-bbe4-5a30184084cb,971,Passport,6445116,2033-05-05,True
d2d810fc-b002-4bc8-8ae1-1f8028172292,972,ID Card,9915258,2030-06-06,True
ff54286e-f0d1-475a-9a95-16ea2740904d,973,ID Card,5353313,2034-12-22,True
7e92663e-b466-440c-a6de-3aa2b70fc09f,974,Passport,3277286,2031-03-05,True
d0bae665-787b-499e-8e2b-5ab185d07365,975,ID Card,5169567,2029-11-05,True
39d43433-11ab-44fd-8966-f6717070d275,976,ID Card,6450302,2028-12-06,True
5b9de843-e975-4776-a1a7-d3813d11eed6,977,ID Card,1239239,2034-03-07,True
9b1abff0-50b8-440b-9e9b-ed4a2e607ebd,978,ID Card,1683044,2033-01-02,True
5b40a934-6c9b-47c7-ba17-baca8b05cc9f,979,Passport,1653542,2034-11-26,True
d151f231-d698-4113-9a69-ac108f380382,980,ID Card,3819618,2028-03-17,True
9bc81a2e-2578-4433-a0c2-fc8da3e946f8,981,Passport,4054623,2035-11-09,True
eb4ecc0c-9b18-496b-a8fc-166d62f2af6a,982,Health Card,7020431,2031-06-08,True
5a668ed4-cbfa-4836-a448-572f924154a6,983,Health Card,3067826,2032-12-27,True
36964a12-2c6f-4094-ab82-0e77d27b04b4,984,Health Card,6455876,2030-08-31,True
007a3b23-5fcf-4b46-83a3-e0a832ec26af,985,ID Card,7239135,2034-04-18,True
82ed8b2c-f9a6-4b0d-b8af-a93713d3e580,986,Health Card,6847754,2030-12-31,True
61c2433d-6a01-4ad3-96e1-9619b7104923,987,Passport,1993011,2030-03-06,True
ca5cfa8c-5f5f-4160-87ea-75fa2953bc44,988,ID Card,4521523,2029-08-08,True
098d2d9e-dfeb-4f63-a996-7e611dba6abe,989,Health Card,4685864,2028-05-13,True
3cee91b1-40ad-4098-b119-fb2553d4a667,990,Passport,3568223,2032-09-18,True
78c09b10-872c-4660-94ff-498786967f1f,991,Passport,4365399,2034-09-02,True
563fe025-d6a2-48be-a816-d1a8c213de61,992,Passport,7969000,2030-10-31,True
9c59d371-2114-4425-946c-4ce0de24dc81,993,Health Card,3459821,2033-12-24,True
5a4840d4-47db-49cc-b761-a6a75262cfce,994,ID Card,3924802,2033-03-16,True
14fc657c-b2cc-415d-9b75-93ae952e9985,995,Passport,4758945,2029-07-24,True
69880da1-7dfe-4ff0-a79a-81d5a60abff0,996,Health Card,1428814,2031-01-28,True
74b7e37a-cf37-4ef6-bfdc-d3c82fa69f12,997,Passport,3270798,2031-10-04,True
c36c03b1-401f-4c38-a53d-568af7d3ce0b,998,Passport,5811372,2031-07-06,True
6d123c9c-d6eb-4af1-9471-c16524519b77,999,Health Card,3512352,2028-10-07,True
502e4425-4680-4f23-9dcc-fbf3a9a0b725,1000,ID Card,9673057,2032-06-13,True
67429dac-9e51-4108-b716-ff6f096bb516,1001,Health Card,1731100,2031-04-14,True
28ab91f8-bb86-4087-90a6-1c5818585f64,1002,Health Card,9253688,2035-10-30,True
1faffb55-5fcb-4d2b-8639-e129bb85be95,1003,ID Card,4332229,2032-06-29,True
51be7b4f-138e-40fa-837a-e15082583cfc,1004,ID Card,3640697,2029-05-05,True
aaeee59f-c8ba-458d-9c0e-0d825b2ba02e,1005,Passport,4321177,2030-09-14,True
41bc88bd-99b6-4633-8b65-c7556a787728,1006,Passport,9593064,2031-08-10,True
b780a3f2-3b8f-4300-a1ca-d7fc6c154815,1007,Passport,1336244,2034-01-03,True
060145c7-39cc-45ff-9008-025ec065c78a,1008,Passport,7345831,2034-05-07,True
0afb06bd-eece-40be-80b3-388962d84de6,1009,Health Card,8351836,2027-03-02,True
12d35445-3183-4d9f-aa62-f8043085aaba,1010,ID Card,5436007,2027-10-25,True
8a84a84f-b232-4c52-902c-a34f8aed53fd,1011,Passport,4558142,2032-04-29,True
f85b2af8-88ee-474e-952d-7264f9ade57f,1012,Health Card,8530429,2028-08-16,True
e44487f5-c400-4e59-bbbe-6780c4417594,1013,Passport,5979667,2029-11-03,True
e29b7c0b-2aa1-43d1-84e4-b8027ed075dd,1014,ID Card,2423443,2030-12-05,True
d648a302-8581-4cd0-a5a1-417bf41a7361,1015,ID Card,2950762,2028-01-20,True
a562b601-f901-416d-8e32-c29b5f51760e,1016,ID Card,3788487,2032-04-06,True
92d072a5-84c2-4425-8468-5ce29fde5deb,1017,Health Card,1329916,2034-04-02,True
60de7dff-afe9-4ef5-8281-8e148d9f1050,1018,Passport,1408336,2030-12-17,True
6ccb79f7-9b13-4ab3-8ebf-fa9bd87cfda0,1019,Health Card,7618732,2030-05-10,True
2cdcbf43-5bb4-4c0e-94c5-79dad81de9ff,1020,ID Card,2903493,2029-11-13,True
5f79511b-fd41-4c81-a685-63450a7bba38,1021,Health Card,3151224,2032-01-16,True
94e64305-c431-4f20-95c5-6629011b013a,1022,Passport,3675122,2032-07-18,True
d67e2a4b-4ffc-4d60-ada0-e833c6774a0e,1023,Health Card,4752274,2031-06-16,True
45aa5b42-bc09-4b52-a00a-7ce25637ba7d,1024,Health Card,1259929,2035-06-13,True
72f411a4-8b78-4872-aa3b-bfee63d12553,1025,Health Card,5342696,2027-11-21,True
7a11b046-6384-4fb1-b0fd-83a689e7c4b3,1026,ID Card,4089796,2030-10-07,True
4be83bb0-5793-4484-8770-ff4b1b3d152d,1027,Passport,4312971,2029-10-17,True
2f5b606b-ed3b-4cf1-a8c5-6911612869d7,1028,Passport,7832544,2034-12-10,True
d465324f-9894-4a9e-9221-6aaf344bc0ab,1029,Health Card,9576525,2035-09-10,True
03b813b6-2722-4331-b8e0-ebfcafa008ed,1030,Health Card,3323820,2035-05-15,True
f1eaf0ad-559c-42aa-abe1-191852af679a,1031,Health Card,4175932,2032-08-28,True
1a649411-5082-47f2-90ca-0085bfb6f86f,1032,Passport,6495703,2031-09-01,True
d3f0d816-cc70-49ba-ab53-80c90207b238,1033,ID Card,3286057,2034-02-19,True
79325ebf-d9c1-42d4-8a6b-15c296644a50,1034,Passport,7704709,2035-02-13,True
2b4c54a6-e5f8-4cb7-a928-32bc8dc6a9c4,1035,ID Card,6353861,2029-03-16,True
d09a070c-d165-4b49-9c43-26522d84b83b,1036,Passport,1164598,2031-10-19,True
ce59b06c-9e2a-46a0-ab52-407ee1263165,1037,Health Card,8324813,2031-07-09,True
39c3283f-5764-4ca5-ae6b-17f54d5fbefd,1038,Health Card,3821080,2028-06-08,True
a33c26b6-b2e1-4f0c-a1b3-74751d9e82c9,1039,ID Card,8141155,2033-09-18,True
f9424e3d-d882-4466-9d50-6b628e3c8756,1040,Passport,5716070,2032-07-06,True
b579367a-e414-4aef-ad48-88028013da8f,1041,Health Card,3174829,2032-05-17,True
40929a14-1305-4024-8c0f-0072637d0ff3,1042,ID Card,7670609,2033-04-16,True
e04eeb70-f717-4319-8419-5cacb65de12e,1043,ID Card,4067121,2032-03-04,True
dc428d90-a584-40d4-8898-273cdd9ab28b,1044,Health Card,1433402,2033-01-06,True
c2b6fff1-ce5e-4b70-b3bf-a6b671326d71,1045,Health Card,7828666,2031-07-08,True
d2efa4ba-a7d5-4c5e-ba6a-0b41fe1705ea,1046,Passport,2195393,2035-08-14,True
f7dcaff3-fa7d-4c53-a3a0-74017ade0704,1047,Passport,4469895,2033-07-21,True
0095ded1-b48c-4159-bc5b-4e9f892a8e59,1048,Passport,7199992,2034-06-21,True
9f7198fc-cd96-4990-9144-d3c64b6e375c,1049,Passport,8937516,2030-12-23,True
678573bb-e92c-4561-b0c8-059ee4d46133,1050,Health Card,6891825,2029-10-10,True
21bebde4-e444-4cb3-982d-f7618f552662,1051,Passport,4450590,2035-01-29,True
55e67224-defe-4819-9eb9-ec75ca83af8d,1052,Passport,9632682,2029-01-24,True
329aa95b-9d57-479e-b99c-eabf3b651cd8,1053,Passport,6237681,2029-02-15,True
9c966619-5ae8-46c0-aaec-c237776d431f,1054,Passport,1992856,2035-12-23,True
3019b0ce-6c2f-401e-9fbe-f6edeb47057a,1055,Passport,6319317,2032-10-08,True
76387280-12fe-4663-8b14-78b65ea1cadb,1056,Health Card,3575633,2031-05-03,True
83dd393f-1d85-4670-9c7e-48ccc5aaac44,1057,ID Card,5200835,2032-11-30,True
b36d3eb0-faba-4ee4-9e30-4087b81d2a22,1058,Passport,3115139,2029-01-12,True
f4230520-8789-43af-8342-5c42fd513221,1059,ID Card,9840908,2029-03-06,True
ddc2da1a-4d74-4e90-aa19-aadf4a344d59,1060,Passport,1415444,2034-09-30,True
6ded94a5-0e51-4ffb-985e-be8755720829,1061,ID Card,4592220,2029-03-24,True
62e20ebd-fd2f-4b04-b69c-9c6c1379ac56,1062,ID Card,1573844,2033-11-03,True
b6dc2df9-4f7a-41e4-bc88-fda33e73ce43,1063,Passport,1866821,2035-10-24,True
2d12ed3d-c2d8-4b45-8d76-388a88bba73c,1064,ID Card,4287037,2027-06-09,True
322e4af2-8cf5-4caf-bd47-da57b981588d,1065,Health Card,1488209,2035-11-11,True
b14f1e76-9b7f-4f3a-8949-6eb3b8962cc6,1066,ID Card,9234099,2028-03-11,True
e04468b8-8c75-4f07-b7c5-ebca574713a2,1067,ID Card,3045596,2027-05-23,True
0c317cb7-2c18-4b17-a614-6de56946595f,1068,Health Card,1402000,2031-06-13,True
052bb3e6-a267-482d-8d91-26670055da7d,1069,Passport,2345444,2028-10-27,True
17fd362a-fb73-4608-afbc-01d372a41423,1070,ID Card,2429452,2034-07-15,True
c94a33f3-b35c-4fe3-bf19-d10b6deb25eb,1071,ID Card,2262718,2035-12-08,True
526b085c-3757-4dc4-909d-4f844929f250,1072,Health Card,6732288,2035-12-15,True
85f674d5-ba24-40ae-8668-784034d53dd5,1073,ID Card,8610509,2028-01-22,True
3bc944d2-ffac-4f0a-8478-beead6b04990,1074,ID Card,6321821,2029-09-15,True
65c65707-346d-4980-9e1c-5917b579991b,1075,Passport,1227015,2033-01-01,True
cd8fc4dc-ff93-407c-abf5-c58cf44749f4,1076,Passport,6843678,2034-12-23,True
5b6e8523-e5c9-4f30-9b77-457f97ead243,1077,ID Card,6402655,2032-12-23,True
7d24e0e5-acc2-40e6-80bf-524da6a07818,1078,Passport,5158562,2034-12-20,True
7fa5777f-5605-4ab8-bce4-9c331605057c,1079,Health Card,9049199,2036-01-06,True
a498a78b-ef01-4298-b760-74ff5af1cf0c,1080,Passport,5600519,2030-06-02,True
f4ceb4b7-a2f1-4412-b814-497d0322f041,1081,Passport,6967123,2035-05-13,True
a53b9dfb-35da-4fd8-9e3c-12ca47253838,1082,Health Card,5078926,2029-07-03,True
3dc98618-f578-4de1-b676-7bf807ce9d3d,1083,ID Card,9741575,2034-11-27,True
d2c0e086-8f6c-4d5d-8d02-e7dc13a14630,1084,Passport,3059256,2029-12-20,True
9ca7d087-12df-462d-b2ef-127ba5aad569,1085,Health Card,3996792,2035-10-21,True
154db104-1401-496d-a6e4-247ef7a53b93,1086,Health Card,1144572,2030-08-15,True
2261bf2d-4447-4eba-a545-f51901f0cb00,1087,Health Card,2403423,2032-07-24,True
97a26bd6-df5e-455b-84e4-104df8f0d203,1088,ID Card,2999969,2034-09-04,True
da3729b1-8bc4-4536-bf55-898bcc622464,1089,Health Card,1100498,2027-12-01,True
351f1118-4ed4-43f4-92ad-2e67166e2c27,1090,ID Card,7916982,2028-08-10,True
3f5005f7-d2b0-4acb-bff1-b4ed89967644,1091,Health Card,7499609,2035-11-08,True
51875d01-56e4-4cb5-8d4a-f66beb25ed01,1092,Health Card,8239020,2033-02-03,True
20cab33d-5b77-4e2c-a84e-0b68d9f75997,1093,Passport,8691820,2030-01-19,True
7aae4878-6144-4c54-acbe-c4192c29a037,1094,ID Card,4774684,2029-10-27,True
6a63c071-3402-4626-956b-f5a2119d5e26,1095,Passport,7887163,2029-08-05,True
23edb29d-d7fb-40e1-a07c-aa6fdc129837,1096,ID Card,2721075,2027-10-30,True
86aaa35e-f1f3-4af6-8276-a9e2acee7ebd,1097,Passport,2908528,2030-03-21,True
e151a855-ea3e-4ae9-802b-e8ee58fa3305,1098,ID Card,6985769,2027-07-02,True
9d4aff24-eb8c-4fa4-a3fb-3e5945527222,1099,ID Card,7877247,2032-10-14,True
095d4a70-d013-4e6c-8309-a6f2b34dab32,1100,Passport,4213781,2032-07-25,True
0ad3f2af-d2ae-427b-8fc3-402c91bf30f0,1101,ID Card,3403468,2028-03-31,True
c172e8fb-9b7d-4110-b447-b10052fcde7b,1102,ID Card,3721027,2028-12-09,True
bb67c992-4c63-488d-a11c-45045a8a6f8a,1103,ID Card,2770000,2028-08-11,True
2f863020-8562-461c-a3b9-a9c773add2f6,1104,Passport,8967142,2032-02-13,True
90ae9509-a717-4401-a749-7937b71bb888,1105,Health Card,5986873,2031-06-18,True
23545089-1c29-482b-b076-8a8a14324f0f,1106,ID Card,3412356,2030-09-26,True
cd4eea37-0846-4347-989f-538b59c21f95,1107,ID Card,1901653,2034-02-27,True
bbda9e68-8b23-4e9e-ae5f-9358dca6c0c9,1108,Passport,5900097,2035-08-26,True
b55d0a41-6884-429f-96d2-4500346c1751,1109,ID Card,5538937,2028-07-01,True
860d6057-74d2-4cac-ad6e-7df9004189b9,1110,Health Card,2102678,2027-02-24,True
e91e58f5-3fa5-4274-b2d7-544c6731a412,1111,Passport,8449557,2035-11-17,True
3603e80c-35ff-4db9-97f1-3c24eff5857e,1112,ID Card,3705863,2035-04-04,True
d196afd3-1de2-4427-837b-25a1a431e708,1113,Health Card,1205977,2034-12-16,True
4f6863b1-58cd-41be-bae0-1e61c90288bb,1114,Health Card,2744820,2031-07-09,True
c03d41a0-84b7-489c-a544-c18eb8499d2c,1115,ID Card,9924223,2035-05-02,True
931c6986-5ce3-4ca1-a70f-ab8d756f0365,1116,ID Card,9631599,2035-07-12,True
04965c8a-2637-412d-bd92-c60d3e8a0f67,1117,Health Card,8124960,2028-10-19,True
1ec72ef5-c928-44de-8355-889125cfa0a7,1118,ID Card,3864526,2032-06-12,True
fd0be5a2-0c53-43eb-be96-b7d200f6ea70,1119,ID Card,4650980,2032-04-17,True
0a810537-e94a-417d-b6c9-789b018ef3a0,1120,Health Card,1055735,2031-10-30,True
c0053b8b-6f18-454b-803c-a520dc8f6f1e,1121,ID Card,8968686,2033-06-22,True
3c87a27f-524e-45e7-a086-0e430d4e29cc,1122,ID Card,6251438,2034-03-18,True
97c53953-60e6-438d-b011-77c9bc9e5fae,1123,Health Card,3414525,2031-11-08,True
7084a51e-4485-499f-b8f8-cd7bee1c1abd,1124,Passport,3804588,2032-07-30,True
ef217d66-cd6b-4c56-8479-48a52b3e286f,1125,ID Card,1620100,2034-07-26,True
e4d7c285-9736-48a6-b38a-8b3783dd9398,1126,Health Card,4923018,2035-04-27,True
63388429-992a-47c9-847d-aeef4f596abe,1127,Passport,7114069,2033-06-18,True
58bd4ffa-a63b-4338-970c-dbf17eb0517d,1128,Passport,4641369,2031-11-09,True
58f173d2-8829-4ede-a8a6-0c16d6d0e2ba,1129,Health Card,3713807,2029-11-19,True
db99c95d-15d5-4fbb-a880-dba0cd83d0f1,1130,Health Card,5578474,2031-03-10,True
5165ae8e-9522-4ea6-ad52-d89b4e32d9f2,1131,Health Card,9621895,2035-11-14,True
a5e6e67d-85ea-459a-b7b3-9015974fe83a,1132,Health Card,7298624,2031-11-25,True
b63f9c1d-6907-40ff-b281-b6d99d2111ef,1133,ID Card,6397023,2035-05-20,True
b378843f-5f87-4ed2-88f3-a0b17bf17193,1134,ID Card,1148682,2028-11-18,True
af2809ac-e662-4f9a-93f0-1802bf5d6555,1135,Passport,5717414,2035-07-04,True
47d14353-d77b-4e97-85b6-e5f6f8363290,1136,Passport,3125709,2027-11-29,True
99693de2-9722-4d21-b490-cc3576cec612,1137,ID Card,1632768,2030-12-10,True
f1c13aec-57b1-4267-a907-4882b89b90ed,1138,Health Card,7076601,2027-04-05,True
55700d12-8a39-4376-a73a-f3a2b078094f,1139,Passport,9320262,2028-10-17,True
3b29c9fb-3db5-4d87-91fd-c1dd37cf3bc9,1140,Health Card,3737011,2029-02-04,True
d05e9881-dcd4-416c-af56-84cc1afc39cc,1141,ID Card,1642478,2034-11-30,True
d0376a10-d007-4012-b677-4923829e9762,1142,Passport,7590411,2034-01-06,True
fdbcd5da-5c7f-4ffd-ac96-eef8480b7e14,1143,Passport,4032681,2031-08-28,True
8198008c-128d-4c0b-bc0a-ccf5675cc990,1144,ID Card,3952282,2033-04-18,True
fde62844-e15e-40d4-a8b6-9454c2f11a4c,1145,ID Card,9473712,2028-01-17,True
d5c594e1-8ad4-4750-90bd-09813a0688fb,1146,ID Card,9912055,2035-03-18,True
cddeecd9-5869-41e0-a67d-6b4c13278beb,1147,ID Card,9326136,2035-11-24,True
48d9cf7c-93ce-4c56-ad18-a0e8d8d7881e,1148,Health Card,8414612,2033-04-07,True
4b3d925c-f06a-4228-aa62-0a46918c3f72,1149,ID Card,6166607,2034-07-21,True
41224271-3d71-42a5-ba48-fa41d422a344,1150,Passport,1690777,2027-08-12,True
585905f1-e2bd-48d6-bbf6-5c8d3036379e,1151,Passport,4160563,2028-06-26,True
9c16019b-003f-45ce-8bac-2d1716025079,1152,Health Card,1866238,2033-11-04,True
51a28ad5-7894-4602-803f-0944860f21a2,1153,ID Card,4390436,2027-11-13,True
0e87f76a-cbed-4453-8be2-02873155cb85,1154,ID Card,5384904,2031-04-23,True
3f670fb3-dd7b-47c5-ae8d-090ac195e86e,1155,Passport,4122370,2032-02-17,True
2f0b5c96-5c2e-456a-92ca-cf3fb7822f77,1156,Passport,7904168,2031-09-06,True
25f1036b-64e3-4d20-9b18-69e6de1c0c96,1157,ID Card,7895031,2028-03-02,True
dd9c9981-acde-4403-b71f-cef11fa55733,1158,Passport,7620172,2035-12-18,True
a0c77c73-819d-4afe-8984-170069dceba7,1159,Passport,5502334,2029-09-13,True
08cefe0c-ed1b-46b3-9f3b-2da2719a221c,1160,ID Card,7060369,2028-11-23,True
8b83be5c-297f-4276-b318-2466c0675f29,1161,ID Card,2889643,2027-05-02,True
b9144d0d-4e5e-45fe-82b1-1738acd71274,1162,Passport,4072935,2029-09-16,True
8b808387-79ba-439d-8d48-eed3018ac55d,1163,ID Card,8470395,2028-02-04,True
42c77af6-7d5f-46d7-8a5c-8f1d22d3ca6e,1164,ID Card,7820099,2035-02-27,True
e0ced936-e1b5-48e3-9d30-ae91849db1c8,1165,ID Card,8776937,2034-09-20,True
9ffc0eb8-a501-4287-b6d1-a1055fc8b5f0,1166,ID Card,9136982,2033-11-17,True
5e3f6044-fb08-48eb-8734-5ed2215e1dc9,1167,ID Card,9049353,2029-07-12,True
efe00b34-a378-4ce4-b950-c6a8877f7b20,1168,ID Card,2756987,2029-09-05,True
b5002dc2-b8d9-4580-abd0-f8376a317d17,1169,ID Card,1732109,2033-11-08,True
4f498013-fdf5-47e4-b9ec-c61fe0622ae5,1170,Health Card,9488043,2031-04-19,True
4c78332f-0c0e-450a-9463-d582566c5a61,1171,Health Card,7637256,2029-04-30,True
3a25b428-fb7c-4780-80fd-7a65d83207a0,1172,Passport,1609059,2027-10-25,True
7c79bbf4-a884-4772-88a7-4c06bd1df200,1173,Health Card,7067544,2030-10-04,True
f6903a18-ae31-4ebd-a0ea-9b75e08ed667,1174,Health Card,4501829,2027-05-07,True
581af503-6db9-4d6c-8628-9b7f34ad0284,1175,ID Card,6007314,2029-03-15,True
ef908b75-5f3c-42b2-a91e-9f4f13be60d8,1176,ID Card,1580970,2032-04-19,True
fe7a1540-8414-47d4-aa2c-f96b3d923896,1177,Passport,6183886,2034-12-10,True
e7cd3ee4-1581-428a-b580-af855b30ef67,1178,ID Card,1302387,2031-03-17,True
c512c431-2aea-4419-9fa5-095316824e2a,1179,Health Card,8429311,2031-04-11,True
c5d34526-e0c4-4d81-ac3b-d1a33dad636e,1180,Health Card,9908056,2027-06-29,True
dc982509-db18-4a72-8c6d-3caedb2a3408,1181,Passport,6954873,2035-04-10,True
7bdc220a-313e-4b02-bc7d-a6cf445088dc,1182,Health Card,4615927,2031-09-11,True
843c81fa-9409-437c-8da9-7a75391e29ee,1183,ID Card,5706049,2032-01-06,True
257e70d8-3759-4b6a-b2ac-ee668d9cc7c9,1184,Health Card,5849297,2032-01-15,True
5c150026-87da-43d5-a9ba-38604950f707,1185,Health Card,3768819,2033-09-20,True
365b1a75-c5f1-4d71-87b5-323bf94939c1,1186,ID Card,3800421,2033-04-28,True
cd3788d7-f941-4c8c-92d6-81931a207f76,1187,Health Card,1963665,2032-09-13,True
48dff663-0dbc-4ed2-9a56-659a8b09eab7,1188,Passport,4257068,2029-12-01,True
c893aca0-6c2b-429b-881c-4edc74deb3c3,1189,Health Card,7007919,2032-12-12,True
7812fe91-26a1-49f0-92ed-4d3b05f15c73,1190,ID Card,9588167,2035-05-28,True
616f0ff6-2043-4e53-b699-3785240bbd8f,1191,Health Card,3488935,2030-02-27,True
e8f70f74-909f-48e7-b9e0-d01bb55cdad4,1192,Health Card,6881355,2033-04-11,True
600950b5-6b37-4568-93ea-8390e5e423ac,1193,Health Card,6517951,2034-04-02,True
7c4715a3-5c92-4ff4-b5fe-694841b93607,1194,Health Card,2788954,2029-09-22,True
ebd42ebc-2cd2-4657-ae93-3c638666289f,1195,Passport,1587949,2031-07-25,True
8348ccfa-b670-4ad3-b356-229a233bc590,1196,Health Card,9715012,2030-01-22,True
96acb4eb-10f6-47a9-a532-b1f515ffcdd3,1197,Health Card,9333438,2035-03-09,True
6f545528-fcb0-4501-8a2c-f21fdb0c82f5,1198,Passport,2570755,2029-07-13,True
f392dc4f-96c1-4421-8512-cfefbbd8b0b4,1199,Passport,6853666,2030-07-24,True
fef9bec4-c7c4-4b42-8ef8-e7bf3f232a06,1200,Passport,9457933,2031-07-13,True
8d06b790-2eb6-4b86-a963-b5c40fa9b7a3,1201,Passport,8959414,2029-05-21,True
1bfb0686-cfd6-43e6-8d4f-3f8d96580f53,1202,ID Card,4372938,2035-12-06,True
ac41be55-6a32-4f8d-94ef-10fcb317f882,1203,ID Card,6563561,2031-04-24,True
fa72a1ba-7120-46a6-bbb9-4029ebfee031,1204,Health Card,6701316,2034-04-11,True
eb10bf0d-0aa2-4521-beef-38f20b16ee33,1205,Passport,4288929,2035-06-07,True
dc12779b-bd2e-4fb0-9174-b139e792b48d,1206,Passport,6615280,2032-04-28,True
6a760b7a-75aa-4b10-8f64-32ab5678e028,1207,Health Card,7648218,2035-12-01,True
b8bdcec7-c72a-48d5-acc3-f4014288e0d8,1208,Passport,7497250,2031-05-07,True
9fd6d387-7861-4e1c-beee-c0e5ee874b51,1209,Health Card,2903700,2027-09-21,True
28d9564c-be2e-4418-8bc5-7b64c8814495,1210,ID Card,5985794,2030-03-14,True
9c2d76d0-da64-42a0-823c-88583b937b40,1211,Health Card,9150488,2033-01-04,True
f1b37564-66f2-4d4b-a583-c583ab47d33e,1212,Passport,5667958,2031-06-15,True
d5763300-f64c-4e1f-851e-b12b97f5c79d,1213,Health Card,2742199,2030-04-09,True
ca742ab7-630f-4f7f-ab2d-150597a58170,1214,Passport,2216037,2033-06-29,True
f44998ca-3401-4268-9bb8-6918c75fc9a4,1215,ID Card,3459291,2034-11-04,True
2e0d0446-d03a-424e-96d4-18f8fb11db57,1216,ID Card,6444277,2032-08-22,True
7f878575-00b6-47d5-92a4-9d4efc66e5ef,1217,ID Card,8586487,2029-10-30,True
bd8d730a-4778-43f1-ba90-085d151bcfa2,1218,ID Card,2202293,2030-02-09,True
348bfa89-8c9c-49f3-9c53-92dc662db101,1219,Passport,5548913,2031-08-08,True
38027771-4ba1-4e4e-8af6-6a1f1dfc4a47,1220,Health Card,6656899,2036-01-10,True
e0abdfbb-8aa5-44dd-ad94-f819373cb261,1221,Health Card,1147385,2032-03-15,True
b238a598-2c97-4e4a-a61f-988ce68edcc3,1222,ID Card,6155070,2035-09-18,True
b4c9b168-fdc0-4f96-a1fc-f10891df0010,1223,Passport,7544608,2033-05-12,True
ab04bd02-068d-46ea-b000-d6e6bf834539,1224,ID Card,4415762,2029-12-31,True
3272c79b-df43-4f39-9e61-29f4d4444e81,1225,Health Card,8477767,2034-03-06,True
b394336f-75d3-490a-88f8-88e8c12cdaa9,1226,ID Card,1751104,2029-08-27,True
2c24eb36-55f5-4dd3-8eb1-6c88b8b9af6b,1227,Passport,5714281,2034-12-28,True
bcff2b21-ca73-4b09-9311-0c05cffc5592,1228,ID Card,4744834,2032-04-10,True
622db606-4c95-426a-a944-aece59ba8a9a,1229,ID Card,1430204,2031-06-27,True
72269550-d123-4608-a725-f25fcaac5eb2,1230,Health Card,6919797,2028-08-08,True
19d9ed91-57f9-4932-8b00-7d54d1d40d56,1231,Health Card,9799531,2032-06-24,True
16c9ac95-b02e-40db-be3f-3ca599d722de,1232,Passport,1142693,2032-04-17,True
778cee08-2ee0-4e3e-bd22-5513a7c5638a,1233,Health Card,2100343,2034-05-20,True
77f5184d-67e8-446a-8063-17098a55ca1e,1234,Health Card,9612420,2029-05-21,True
5f883dcd-26b6-4f1a-bbdc-93ac2f97be0c,1235,ID Card,5951881,2029-12-31,True
44172631-69f8-4527-821d-23d91d5a0a43,1236,ID Card,1947019,2030-12-12,True
f9d0bc91-9c7a-43c7-aa64-027124cfe5cd,1237,ID Card,1536092,2035-11-06,True
6da361a0-9ce8-42e8-a19e-623e3c998161,1238,Health Card,5860348,2035-07-16,True
86d3b046-39b9-480c-be14-63bc348df9c3,1239,Health Card,2788170,2033-03-12,True
58d8a549-e201-46ff-8a6d-4502624cde40,1240,Passport,5679739,2032-12-20,True
1ea7ccfb-09c9-4d8d-9f7a-1e0b16e93cbb,1241,Health Card,7907573,2027-09-04,True
bca604ba-dd9a-4cdb-b5f4-38098c3bfedb,1242,Passport,2605511,2031-02-27,True
530d2967-30e5-41d5-bcc4-efd7f7e46337,1243,Passport,7693805,2028-06-23,True
0f8d9f71-7c1e-4ddb-b703-512c7fb5bddb,1244,Passport,9655842,2034-01-15,True
e3a665ea-3bc9-4282-bbaa-4f7ca7c2c38d,1245,Passport,4076834,2031-09-19,True
513ca3ab-d790-44a2-8189-4fdd3a13de5d,1246,ID Card,2017372,2032-07-03,True
6155ba0e-7e9f-4856-8a12-8ecb0f81e41b,1247,Passport,3127296,2031-11-01,True
01403e88-6823-4319-a5f9-958c32d9221a,1248,Health Card,7279300,2034-10-02,True
e7ce2e0d-392b-450a-ac3d-40aa2d40be99,1249,Passport,3208894,2029-07-29,True
0af54f53-f3be-4b87-9238-7ff8b16314d7,1250,Health Card,7167155,2032-03-19,True
5f9a902d-b670-43b4-b358-b45c9f1eba0d,1251,Health Card,2045335,2031-12-04,True
1820ff90-76fb-4a27-ae0b-fe5ef8e1bc34,1252,ID Card,1628490,2030-07-31,True
5d341f3c-205c-4c24-a54f-fb12eeb60971,1253,Passport,2128746,2032-07-31,True
3ff5f4c5-f7ae-431a-986b-14123940031d,1254,ID Card,6976216,2029-07-15,True
aca5d97e-637e-4feb-b153-f50833653cde,1255,Health Card,5496012,2031-10-07,True
63a984a3-4b63-4e42-ae15-6a12970a2ab1,1256,ID Card,5949581,2030-03-04,True
bb3b8846-fb0e-43cf-b5ae-d858b1d05ee3,1257,Passport,6555563,2032-03-02,True
d1c13682-21dc-4fe6-a2f3-a3e1bcff326a,1258,Health Card,7465787,2031-02-04,True
f591cacc-0b6f-468f-be94-b6e78b5e0f64,1259,Health Card,2162263,2027-08-07,True
e9445cfc-7d4f-4658-b1f3-111c77eb2615,1260,Passport,8661853,2030-11-16,True
62dac4f8-f119-4773-8180-6bddda8570fb,1261,Health Card,6519444,2034-12-30,True
d496721b-9f13-4b95-a802-d8b57244ea3a,1262,ID Card,1194587,2034-10-24,True
08440edf-238a-4494-9cb3-20031386632f,1263,Health Card,9674627,2032-06-10,True
0208608f-1613-400d-bd08-01d2bb163378,1264,ID Card,2185210,2035-02-09,True
a69c5288-22b1-40a7-ba7d-37a86339e251,1265,Passport,3997743,2033-04-19,True
9ca2b49e-4da2-4ec8-b64c-e15762c81410,1266,ID Card,1149022,2029-01-25,True
a1339771-80a6-4aa1-8ae9-95d9ab20397a,1267,Health Card,9830889,2035-12-05,True
03a79ade-d6f7-4172-b3a7-67e79fde9ad9,1268,Passport,7838717,2028-03-06,True
068d2a07-6c2b-4274-bf76-6a1165d1f0fe,1269,Passport,3877364,2035-03-16,True
4d034e50-ea49-44d0-a187-958c7f4f273e,1270,ID Card,3384177,2028-07-29,True
cbcd21f8-04d8-4a8e-b4ce-8e03d1eeb41f,1271,ID Card,2189603,2031-07-14,True
2ddf1b66-7e26-48be-bb1a-917fe611b237,1272,Health Card,5291047,2029-11-07,True
da5e0007-e2b2-4001-9b3d-c52ef7fa5b51,1273,ID Card,3604889,2033-02-21,True
4991aeb9-4d47-42ad-b6d1-4ae3fd5597ad,1274,ID Card,6203347,2032-03-11,True
c54859a0-16e5-4853-bf7c-53b29c42315f,1275,Health Card,4491154,2034-03-20,True
46cc3010-8a26-4cc8-9f36-9c9fe7232d65,1276,Health Card,7668830,2031-06-25,True
ae32ae33-35a5-4869-8bfd-23fe71bfc5d7,1277,ID Card,2122050,2028-12-18,True
3291f149-94c2-4fcb-bdce-e2edf5eb4ead,1278,Passport,8269680,2033-09-15,True
b1075fdb-d81d-4c74-9fe5-2888a2e92ff1,1279,ID Card,1716944,2035-03-09,True
17d8cbd4-a9bd-4c89-8e98-3ea1e5b1e8f2,1280,ID Card,9248341,2027-02-24,True
d7089a40-f6bc-486f-91c1-3530f0d09c74,1281,Passport,4943948,2029-05-19,True
a8d97092-822b-49dd-a2e2-42a0c953eaa1,1282,ID Card,3786259,2031-07-10,True
11f0ab9e-d2b9-42a7-8b89-e9fda5ff74ac,1283,Health Card,2784462,2034-12-09,True
b08c35f1-a6a1-420b-be14-555a8a4c0f2d,1284,ID Card,9877291,2034-10-06,True
5eab556d-4ce9-4374-bd84-9cf520907268,1285,Health Card,3793396,2032-03-04,True
205e3665-1234-4828-b268-02863f8421ba,1286,Passport,4125327,2027-11-29,True
fc36ce23-6618-4acf-bffb-948ac61df1ea,1287,Health Card,6319976,2035-07-28,True
99a66c16-ef27-4f80-972a-57ae58a2d27a,1288,ID Card,5523728,2031-06-19,True
5c56e263-529a-45ee-90e3-eb695da63e27,1289,Health Card,1424095,2035-12-01,True
916ca96e-1e29-46a6-8f46-5888408803ea,1290,ID Card,5015946,2035-01-15,True
05b76fbd-bc2f-4f4e-af8a-a4a30763238a,1291,Passport,4202964,2035-08-07,True
49d4b3de-805d-48f3-83ba-403313ea8449,1292,Passport,2426401,2030-06-09,True
56fabfe7-960e-4958-bc14-46da46ea763c,1293,Health Card,7912858,2033-06-13,True
a89c8c04-7e1c-462b-acaf-d6b30ea3b3f3,1294,ID Card,3661171,2029-01-27,True
95300b28-8272-4578-93d8-bdd51b843c7e,1295,ID Card,4004147,2033-04-03,True
610b7c4a-3e60-4fbf-8dfc-2fe22397385d,1296,ID Card,6773230,2031-12-01,True
d147d0dd-37c6-4490-9d59-a6e78d9da835,1297,ID Card,7846877,2028-10-04,True
12af7136-e642-4e36-904f-1390e68d66fd,1298,Health Card,8201197,2027-05-21,True
b2af1f70-d677-4be3-845f-bfbefdc332d6,1299,Health Card,9228625,2031-04-08,True
76db358d-49c3-4667-be39-68069b094315,1300,Health Card,2575988,2035-05-23,True
bda70276-3263-498b-8dd5-f590ddac5d30,1301,ID Card,7510632,2028-11-21,True
79175eaf-633c-4202-b1e8-6f6734b0d5a3,1302,Passport,3711640,2033-05-14,True
d0663e00-9f67-4e25-88ce-a442ceba6c23,1303,Health Card,6361657,2027-07-11,True
deab7679-8ebf-4d3d-aa45-8474a399f2c8,1304,Health Card,3517364,2033-10-14,True
9635c8e6-5734-4d11-b996-5f50b20efb16,1305,Health Card,4163717,2036-01-09,True
1174d167-0d15-4b3d-983b-21bde9c254c9,1306,ID Card,5203603,2034-12-17,True
1f67a5c5-4766-4bb6-bc76-9c6d7677de4e,1307,Health Card,4486552,2029-03-30,True
1eb0cf7b-c6b2-412b-a48f-45fa879efa53,1308,Health Card,4055918,2028-11-28,True
f4b6e92f-4138-48df-8a39-fb6e336e27db,1309,Passport,3270000,2027-10-09,True
27938cf0-9517-4a73-8396-00eabd50ae37,1310,Passport,3140999,2035-10-29,True
979241dd-32d9-407d-8b41-ec9b8edb6a03,1311,Passport,2098852,2033-03-28,True
bf5bec1b-f8e7-4cb4-b382-f97b810e0fb5,1312,Health Card,9734626,2030-10-25,True
7d17e200-3c77-4caa-b5e3-2804563dd61b,1313,ID Card,2618598,2027-03-30,True
aa24ea2e-9f8f-44bd-a867-6b8949d790cc,1314,Passport,5012759,2027-05-27,True
2839a4e1-e3d4-48ec-9c72-57f347f12519,1315,ID Card,5134166,2030-11-02,True
9c9d0383-6935-4016-b982-e5a88c757258,1316,Passport,6417898,2028-11-11,True
142c5eb4-6848-4228-aded-e15b1efbeca9,1317,Health Card,5316072,2032-07-06,True
37f24991-0e93-4372-9e0a-c4c77f347c7c,1318,Health Card,8648682,2027-04-17,True
b894237f-6ad6-4aba-a086-bc68540650ed,1319,Health Card,9378744,2035-02-16,True
c6371ee7-82a7-41fd-9778-f2207b07153c,1320,ID Card,2657936,2029-06-03,True
2d3d4889-1222-480a-b010-8a9fc590e5c8,1321,ID Card,7987668,2027-05-09,True
e717663c-f48d-4886-a9d5-51b9da1b4840,1322,ID Card,2784630,2032-12-29,True
0c0ccc0f-06f9-446c-81be-f7729d9a3c2c,1323,Health Card,4360193,2027-08-17,True
4afc2777-bde6-4050-9196-a351c6bf2c51,1324,Health Card,3534856,2028-04-22,True
38af8573-ac2a-4597-bb17-2497e647de19,1325,ID Card,6433355,2029-11-26,True
f267763b-aa19-4e49-99c5-ca2996d8e822,1326,Health Card,9079568,2033-12-16,True
3a7578a1-8d64-4ac6-880e-7ddec4e401e5,1327,Health Card,8558113,2034-10-04,True
103d2fd6-8c3f-495a-a5dd-1c117bb0f6b9,1328,Passport,4552925,2035-01-03,True
c4de5091-ef42-435e-9595-487475cfec28,1329,Passport,3054013,2028-08-03,True
4a2c69f9-28de-48d4-af8a-828149d1ea3a,1330,Passport,9637427,2027-06-21,True
6f06d8ac-7b34-41cd-b1e5-b28ae123080f,1331,Passport,4587253,2031-09-03,True
535a43a2-e1ca-4f02-b2fa-313d6ae70d66,1332,ID Card,4190961,2031-08-15,True
273a6a6b-4b4b-43fc-9899-51a074636971,1333,Passport,1619789,2035-11-12,True
90c2109a-2850-45f7-b74b-e5dcc3148a29,1334,Health Card,2880981,2028-05-12,True
4e276e07-6c02-4a07-a8d4-62c943663590,1335,Passport,5339473,2032-07-31,True
70c2b306-e092-4388-bc5c-9fefe05c5abc,1336,Passport,9010277,2035-04-28,True
8ef4d71d-88b1-4559-bccb-dd093a4f42ba,1337,ID Card,1463278,2033-11-07,True
5ad117d1-d8d3-4484-b407-ef7dacfa2de4,1338,Health Card,3039799,2035-06-30,True
83419272-46e1-4b36-bd76-a5f81e50aba8,1339,ID Card,8325818,2030-11-27,True
0404bc28-793a-456e-b1a3-c808711e2f1d,1340,Passport,1542436,2030-08-14,True
05775222-0a5e-47c0-9ed7-a63355ab3d24,1341,Passport,7661412,2032-11-10,True
4ffeaee2-9d7e-4bdc-a4c8-c9b8bd4ffca0,1342,ID Card,8565373,2029-02-19,True
fe1ab4d5-881f-41d0-a03f-671fba0fbd61,1343,Health Card,3685996,2032-11-11,True
c0d046b2-d9d8-4f5f-818c-bfaac2ecefeb,1344,ID Card,4561434,2031-05-21,True
80b9aeaf-eae1-48f0-a661-148f13436e10,1345,Health Card,7944056,2032-07-21,True
8437507a-1a91-44c7-827b-5722b508c1ed,1346,Passport,3998817,2032-05-28,True
1e6c46dc-40c3-4ab8-988d-bd181f6a7fea,1347,Health Card,5984815,2033-06-29,True
1a9c0598-62b3-4d3d-bf7d-617147a6d12d,1348,Passport,4337505,2034-09-04,True
7181f339-7470-444e-91df-1e8fdb5292a6,1349,Passport,2279175,2029-06-29,True
97e20b86-1a30-4786-b86a-d5a06bfd2f66,1350,Passport,2428096,2034-12-24,True
9832e2f7-a1e6-4d10-9f4e-1ce414062b03,1351,Health Card,9609962,2035-03-13,True
a510107e-4991-4390-9e35-454abefc8d98,1352,ID Card,4954844,2028-05-21,True
3d11b12f-6a52-4bd6-8250-b2137d5078f1,1353,Health Card,4619315,2030-03-23,True
4ee43d01-33b2-4682-ac7d-1bdc2720b1f4,1354,ID Card,3375949,2034-03-21,True
320aa5e3-cd16-48c9-b819-c68167cdc602,1355,ID Card,8351793,2031-01-28,True
a465d96b-3774-4eb4-85e1-396e00f66f3c,1356,Passport,3226374,2034-12-16,True
3a3547a6-ad34-4156-bac6-0916a0cff1a6,1357,Health Card,1831368,2033-05-23,True
bbfb8cce-01e0-49fd-ba70-0efcd33457fd,1358,Health Card,1083771,2027-03-08,True
08369863-7eb4-4335-95dd-b3133407194e,1359,ID Card,4086762,2032-08-13,True
fa878d63-f472-44e5-b97c-c6e80329b82b,1360,ID Card,1337650,2032-11-06,True
97b148ad-bf03-414d-9915-473f3a0f604d,1361,ID Card,7440375,2031-10-01,True
38660906-67d8-4ff1-a3da-8a5d0a87b215,1362,Health Card,7914014,2031-11-11,True
ce528bcf-dfe5-45ef-bf80-1a69e87f1f95,1363,Health Card,3717551,2032-05-31,True
dd67874f-0d21-49b1-9e92-319de19556b0,1364,Health Card,8305487,2032-11-04,True
24b3eae1-f19b-4ecd-9b4d-ae9b25fedfa6,1365,Health Card,3363881,2029-07-13,True
efe20af0-dc22-44a8-b965-5bba72e19741,1366,ID Card,9866010,2034-06-01,True
03be624f-c44f-47b0-8301-42fac569bc05,1367,Passport,7265468,2032-06-01,True
d95de227-133d-4a49-8128-5d07571761a6,1368,Health Card,5503484,2027-06-20,True
82eafa47-a738-44b8-97ce-5f066f19640d,1369,Health Card,1616001,2035-11-19,True
980a1fd8-4028-463f-a031-b748a7a15993,1370,Passport,5093160,2030-06-21,True
1181a336-fef6-4d54-b494-8ee3126eddc7,1371,Health Card,9758227,2027-05-06,True
0466a77c-425a-4bed-b966-b24a41d7f592,1372,Health Card,3705129,2032-05-14,True
5f5af5fe-8d89-4fc6-be9e-761e9e3cb1ad,1373,Passport,3954004,2031-06-29,True
8b95d6b1-359a-45de-a3f6-a3387c1d2020,1374,Health Card,5913862,2027-07-24,True
1c478922-80e8-4d29-94b7-9523918af465,1375,Health Card,8152233,2036-01-05,True
7b38c71b-7ab9-4fca-a32d-1718048cfd1e,1376,Passport,7406327,2033-03-21,True
4ac04cb8-462c-4608-b723-4950c82e5357,1377,Health Card,8815145,2031-12-24,True
ded1a761-1ef8-41fc-acfe-2a93063329fa,1378,Health Card,8846030,2031-12-10,True
071057ef-ba4b-4a88-90c4-4e0a33f26332,1379,Health Card,2739261,2029-04-07,True
533d3243-1f61-430a-96a0-87d5e1d25e09,1380,Health Card,2265281,2035-12-11,True
0ada172c-f60d-44ff-8d4e-78d0876d7c60,1381,ID Card,8676080,2028-03-31,True
b7b0aa92-9fdd-40c8-9068-61a7ce820b72,1382,ID Card,3717800,2029-06-18,True
76270085-a2a1-41fb-b0d6-8422220b8179,1383,Health Card,5642705,2032-11-14,True
b3ffceb3-db64-4590-a608-03f28e289e95,1384,ID Card,8169577,2031-10-07,True
d43253d8-49aa-47e6-9c71-8c30ece6b577,1385,Passport,2580646,2031-01-08,True
e4a0cda6-cdda-4c22-a711-62ef039abb42,1386,Health Card,7490418,2033-10-28,True
fdae92a2-cd79-4e83-9883-db8f2c964529,1387,ID Card,4863923,2033-12-11,True
1af3bee0-37d4-47fe-995b-ecaf0356a919,1388,ID Card,5660798,2032-11-14,True
0f6c995d-1df1-48d8-9516-3d5e23b8ce07,1389,Health Card,1895643,2030-01-12,True
db4a23dd-748c-473b-af67-3f62e0849bae,1390,ID Card,8722807,2034-04-22,True
90cf5608-3e61-4764-9fdf-66fc727408cb,1391,Health Card,2998674,2027-04-13,True
770d8fe7-56f3-4519-be77-84d45e3b1396,1392,Passport,9966843,2028-05-28,True
1556f4c1-2709-44a6-800f-7dac7ed358b9,1393,ID Card,1612930,2030-08-24,True
53cd1401-dba7-4b44-8a60-7c5a00970534,1394,Passport,4812365,2029-02-05,True
29083801-8122-462e-b904-9d2c8fd70e41,1395,ID Card,5625693,2031-03-06,True
01382125-6da3-42a2-82c4-e6bd2b3fb2fc,1396,Health Card,8870602,2033-08-21,True
568c5424-b95c-4f5b-bf7b-123f8dc9004b,1397,Passport,7580037,2035-07-09,True
643c37f1-e01e-4fba-9bc0-3a8d96eb39c1,1398,Health Card,1031225,2035-02-04,True
2771395a-3aa8-4c27-b647-f793a89944e5,1399,ID Card,4859867,2032-05-16,True
c084e2c0-305e-4ea5-9907-66877ef1852b,1400,Passport,1829743,2028-10-27,True
5d783006-435d-4515-99f8-f2228b5ee46f,1401,Health Card,6013277,2027-07-09,True
a23615cf-05ce-4bba-9005-ea755bd652a9,1402,ID Card,5840484,2034-05-04,True
93d2e9f0-fa6f-463a-bf26-4c64dc0d23b3,1403,Health Card,6834092,2035-07-03,True
67bb31b9-e08c-48de-a03f-f18fc721c958,1404,ID Card,5242091,2028-05-01,True
04582797-e311-43fa-8bec-bc5d0c60e957,1405,ID Card,1723344,2029-12-07,True
90760d47-43c2-4f80-bcdd-7a0eb4cf35c4,1406,ID Card,8376999,2033-11-05,True
895b1a27-eeec-42ac-bb47-d317ec7d1cd9,1407,Health Card,4926242,2034-03-16,True
e04f0a4c-5b13-49da-9e2a-2f997fb9abfe,1408,Passport,2969442,2028-03-29,True
890acd18-6b5c-4a25-8a30-c1e2512f1b4a,1409,Passport,8075933,2031-07-25,True
29100eb4-abde-49de-892c-d94b365569b0,1410,Passport,9813679,2028-02-27,True
1ebaac17-e523-4725-a8a8-f1d2bc618b74,1411,Health Card,9070687,2033-12-25,True
4f6e5cf7-38d7-41a5-9b2c-e9d167341920,1412,ID Card,8936128,2034-08-13,True
bab2f1f4-c445-4d2f-b240-fd04a0820e2e,1413,Passport,8537926,2030-09-23,True
efe7bb64-9657-4879-9729-4ab820baefc0,1414,Health Card,8149122,2028-03-05,True
14069ddd-2f16-44db-abb4-513df9b29dd6,1415,Health Card,7639864,2027-06-23,True
e4ae8796-5250-4acc-8a69-2af6ba4826a3,1416,Health Card,5563980,2035-11-09,True
59b6725c-484d-4348-b0e5-32253e22f6ee,1417,ID Card,8654832,2032-01-26,True
67d126f3-58ec-475c-bf93-8e43ef101adf,1418,Health Card,4447566,2034-03-14,True
d1029a7e-098c-4921-890c-816198ad9d7a,1419,ID Card,9515317,2031-11-19,True
ecde5f1a-899a-48bb-9bd7-d9d7cae5cddc,1420,Health Card,1403663,2029-10-17,True
a5f24895-3be8-42ef-a4be-24902836d597,1421,Passport,7681128,2030-04-21,True
e6113417-0ecd-473c-826f-56dd8306574f,1422,Passport,6041513,2033-01-12,True
a9119f9b-549e-4cc0-b08a-562470054e8b,1423,Passport,2236573,2028-03-22,True
d693fd34-3e71-4ddf-ba4a-9d4f3c2a7332,1424,ID Card,7028613,2035-09-03,True
8fb895ce-f0e5-48d3-8822-1b33bf64fd6b,1425,Health Card,7994436,2030-03-29,True
ebd8ea2b-50c8-4ab6-9890-11cd6dbbb840,1426,ID Card,3896197,2032-03-12,True
f8f842dc-c77e-4582-80ce-8b01b9581d3f,1427,Passport,5690406,2031-01-07,True
289d98e8-5998-447a-9ebb-c1f6798065ea,1428,Passport,6669091,2032-06-18,True
9b208167-2127-42d9-be8e-a255c1e216b0,1429,ID Card,9426261,2030-12-21,True
7443c110-0de1-40dd-85be-5fdf65341964,1430,Health Card,5889551,2027-02-24,True
aef82f82-f28b-4288-ba91-62f7f98480f7,1431,Passport,6081061,2032-04-17,True
f65d96d5-b2f2-4e87-a618-4a6cfeb68de9,1432,Health Card,9380583,2035-01-04,True
b11e6187-a687-4279-ac6e-b070e45f28c9,1433,ID Card,9671767,2032-05-27,True
9fb63514-5391-4c8d-83fc-501f97ea6a9c,1434,ID Card,8967469,2035-01-15,True
ccd4dd20-32e5-4626-a9e1-bd6072b504b4,1435,Health Card,5250955,2031-06-30,True
6c32d5d1-aca0-4fb4-8870-95ad89ddecf1,1436,ID Card,7052841,2034-12-18,True
578f5eba-6636-4bf2-98ef-4d0f7bed1a13,1437,Health Card,1001766,2028-12-14,True
8a465fcc-0262-45bd-941c-239f2bb30e1f,1438,ID Card,2716085,2031-07-13,True
52729af9-7598-4c75-913b-c70d2e33a971,1439,ID Card,1135536,2030-08-17,True
6ccb1375-e288-4f3a-8dac-3b28764db906,1440,Passport,4886317,2030-10-01,True
e1eb585e-1982-4313-a5ca-b29ff2313b31,1441,Passport,1873915,2029-11-01,True
bdc62949-f05d-4f54-81ce-9c9c2afa702c,1442,Passport,5205122,2028-01-05,True
d3cbb565-e352-485a-ae73-c2161807e4bb,1443,ID Card,8454692,2032-07-09,True
8bcafbf6-1790-4277-9cf0-5e021d841521,1444,Health Card,2630761,2035-04-08,True
81e7ebfa-0311-47e2-aff4-3ab0a8963994,1445,Health Card,2799219,2034-11-19,True
648104e6-6e07-4431-81ac-5eed7c27aefa,1446,ID Card,7392789,2033-06-06,True
55f32181-ea83-4deb-88a2-e8b2578ee12a,1447,Passport,4337689,2031-06-08,True
3dd9e866-fb99-4e70-8247-05e737b0b734,1448,Passport,7446423,2034-10-17,True
75b4bc0e-a680-4719-99c7-1e90a4910866,1449,ID Card,7043144,2027-03-31,True
b17cf572-a57b-42cc-8e55-21a0c50876ce,1450,Health Card,2523231,2029-07-08,True
7d5abbf3-40dc-4fce-a748-7f48ba042ec9,1451,Health Card,8147181,2029-05-13,True
480cebdb-e4e3-4075-b838-b2e4ff994c73,1452,ID Card,7408742,2034-06-14,True
a92e395e-f563-4e44-900c-926111f3431d,1453,ID Card,3489863,2033-02-25,True
816fc0e8-3b83-471a-b07f-06b2cef70bc1,1454,ID Card,5145837,2027-04-14,True
56b987f2-68bb-4923-a92b-ec0ed6999618,1455,ID Card,8428620,2027-06-23,True
338aaacb-e81e-4fc5-9bc0-cfa1847f19e4,1456,Health Card,9416776,2029-07-07,True
2418194d-5c3f-408c-8bd3-9f06dce7e722,1457,ID Card,6623152,2034-01-09,True
3a3d54bb-adf4-462d-801d-57856671ffc1,1458,Passport,7142445,2027-03-21,True
5bb26833-486b-41e4-8d71-47d497b03de9,1459,Health Card,7440120,2032-10-19,True
3d0e1184-8d25-47a0-ba29-8f7f36fd2e67,1460,Passport,7953021,2030-02-05,True
d6233369-a68d-4d51-aa30-4b38f3fc4259,1461,Health Card,2437322,2033-07-11,True
38025752-da2d-4cbc-9b9f-80a599e701a0,1462,Passport,2608296,2027-03-10,True
f4610d40-7cba-434a-951a-0787c52c6cd5,1463,Passport,7955401,2033-03-07,True
f27ab50b-c9d5-4fd5-9d65-73ffa7bcfb0a,1464,Health Card,6685149,2032-08-22,True
0b88cad9-083f-4a09-8e56-b54f37a5b5e3,1465,Passport,8207333,2029-06-15,True
ff40cc2e-745c-420d-a208-6b3cde14ae0b,1466,Passport,5580418,2033-05-12,True
c9fe200f-046a-431e-98bb-7ca18456e3eb,1467,Health Card,8089748,2032-03-02,True
66773910-5897-4be1-92b6-e036426d2dc1,1468,Passport,4589333,2027-05-31,True
4ecbae31-ba79-4407-b89f-933179d35979,1469,Health Card,2471197,2029-03-31,True
115d26fc-749b-48e2-aba6-85857dcc1ad1,1470,Health Card,3643311,2036-01-17,True
7d20d7cc-c12c-4546-9e25-f6cee8588a11,1471,Health Card,4883314,2029-07-13,True
e754c4f1-b434-41c9-94b3-f5bf79a1d8b9,1472,Passport,2909546,2030-11-19,True
504d937b-d368-4b3e-a034-1b2dcb51cb63,1473,Health Card,3564591,2033-06-03,True
bc2fbee7-f58e-4312-ad83-f2215a65c846,1474,Passport,4239991,2034-12-11,True
4c59adde-b393-4bac-915d-a58dcd3c8f31,1475,ID Card,5692019,2031-01-07,True
362f533b-eab8-4295-9f37-b76544695a22,1476,Health Card,9536637,2035-02-28,True
455acd22-c74e-4750-abf2-761054077e90,1477,Passport,7917874,2032-07-03,True
1fd4ab66-9e99-46a9-91fc-0986a19a1259,1478,ID Card,9867358,2035-02-01,True
61f29794-5ab1-4cdd-8499-2b22f9e3790c,1479,ID Card,4512078,2027-12-21,True
39508231-944f-4d9d-98e3-0ea3e7168d3b,1480,Passport,9121129,2031-08-25,True
b9906a16-f9c2-421f-b552-f53541a49bdf,1481,Health Card,7067559,2033-06-27,True
5f06c890-beb8-40cc-a805-bb5129b3d61b,1482,Passport,9708678,2034-11-11,True
5ff20272-647d-4b80-bd42-d745edc086aa,1483,ID Card,5655949,2033-11-20,True
f832467a-5472-4922-b21d-e5b4f3a31c2d,1484,ID Card,1853230,2035-06-07,True
03eab012-43de-42ed-bda2-d6eed3eee8b0,1485,ID Card,9599326,2032-01-11,True
1f1b5ee7-7660-4e04-9859-0a76122a3389,1486,ID Card,9589743,2035-06-15,True
316b1ea6-b2cd-483d-b2d4-5acb4a5160f0,1487,Passport,7297510,2031-09-30,True
9037967f-1f9c-48bf-ae34-286de0bc17aa,1488,Health Card,1032587,2030-06-02,True
b323b443-fe06-44f6-9c19-047a2d7186fe,1489,ID Card,4762849,2033-11-08,True
87fec559-105f-4cbe-8f7e-41045bf2e0eb,1490,Passport,2710115,2028-08-13,True
9d83c620-4b7f-46f4-bad6-6e2cea71bf12,1491,Passport,2869115,2031-07-24,True
bdf62d7a-b563-4f8e-9b9c-287865ba69d3,1492,Health Card,8815521,2029-05-30,True
cde2b959-eea3-47a1-a738-90ee4b0eb860,1493,Health Card,3175406,2032-01-14,True
a09f3cd1-f709-4221-89f8-a10747d75af0,1494,Passport,6512187,2028-11-05,True
09516df8-184b-4d6b-880a-212ed18a8f53,1495,Health Card,7889767,2027-12-26,True
1e0683d0-2575-42ec-9309-928f6f27abb6,1496,Health Card,7682363,2027-10-26,True
fe712dce-f9a2-4d27-82db-3daecf114ea5,1497,Passport,9518544,2030-06-24,True
1b9e4a9c-69c2-4d67-af25-5b38f895cf73,1498,ID Card,6790818,2028-04-15,True
12a4b5be-c478-4abb-9d3e-671121d4de4c,1499,Health Card,1495469,2034-08-07,True
0a1030ca-3db1-4c8e-9095-1cf39fc7cd49,1500,Passport,6128204,2030-12-27,True
31e9c84f-7c75-4d95-904f-d2827a34d2c7,1501,Health Card,2866619,2034-08-13,True
e6a5e64b-e342-4297-bb1a-bf3dc6242bb4,1502,Passport,9404398,2031-02-07,True
73001d48-7a58-4fa5-bca8-24cbfa95b290,1503,ID Card,7232748,2033-04-26,True
29f1919d-bdea-439f-a55d-c98e69d9a528,1504,ID Card,1394761,2030-07-29,True
0785ad50-ddb1-4819-8f9e-1a9366891abf,1505,Passport,7432044,2031-03-10,True
3a93f670-7c40-463a-990b-f833250fbfff,1506,Health Card,2499285,2034-05-25,True
36108888-5c18-486f-9a76-27be4861de0a,1507,ID Card,9663821,2034-12-12,True
bbed891f-baea-4e9f-a245-0269f41d2af7,1508,ID Card,2358000,2029-05-16,True
5d6e4044-be63-4ce1-a0f3-911592b1d168,1509,Passport,7466069,2027-09-20,True
065f9246-b095-49b2-b56d-539a920f7dc9,1510,Passport,7729550,2028-07-28,True
b012509e-4a67-4820-91bc-7e1a93c90ee1,1511,ID Card,6362123,2031-03-11,True
9ae86a0e-bd5a-42bc-86ba-c78b2c2a4699,1512,Health Card,4125192,2027-06-27,True
ca6cade3-5b89-4b82-866b-8d93629ff54c,1513,ID Card,3917699,2031-06-18,True
7605d9b3-fe33-4603-af52-8f6b6ab1769a,1514,Health Card,6877289,2031-07-08,True
2f4458d8-f4fa-4318-90c7-d1e0665d6a0b,1515,Health Card,5601323,2030-10-25,True
bc8fd231-fb2d-4ab5-9a3c-c50e9255c51e,1516,Passport,9441187,2032-03-05,True
cc349c7e-8c01-4d09-89a4-4775a63e730b,1517,Passport,7711361,2027-03-15,True
cb9c23b8-6af9-4fbe-a47b-90044ea630af,1518,Health Card,5885155,2031-10-24,True
bd49dd2b-bc90-47cc-8463-e4547042938b,1519,ID Card,6739586,2034-01-11,True
b3d02c1b-67d1-4f40-a599-94b625bb059f,1520,ID Card,3445660,2034-11-13,True
e899fc57-3629-4cf6-8b45-11185c5663a1,1521,Health Card,3057103,2030-11-04,True
d74c19f4-a06e-4ab4-bdef-54732eb2ca69,1522,ID Card,5211633,2033-03-09,True
906207af-5ac0-4740-9034-0d3f645bb9c7,1523,Health Card,2375240,2028-08-31,True
04661d0e-fce2-4531-8b80-d9c45e74a418,1524,ID Card,7089671,2032-10-13,True
768f45ac-89a9-410d-ae99-f0de488d8588,1525,Passport,4790114,2033-08-11,True
59bb85a8-17a8-4f14-995a-e86beefbe1de,1526,ID Card,7989726,2028-09-22,True
c5a53a73-65fb-4010-aee2-6049263ca6eb,1527,ID Card,9037650,2032-11-18,True
8b347de3-d232-4747-9a9a-5e0f7aae7ecf,1528,ID Card,6033050,2028-03-15,True
ad17ee66-2d8e-4138-a148-12c45dc54adc,1529,ID Card,5748571,2029-02-18,True
f86f6161-1a10-46d6-a6c7-f2b37e08df80,1530,Passport,6804987,2029-02-12,True
38004ea8-82a9-4249-849f-06884fc7bbda,1531,Passport,3050065,2030-05-15,True
4c407675-e1b9-46e2-91ca-ad171314eb4c,1532,Passport,9292254,2027-09-17,True
ae8f40c9-64f5-4287-8169-68171d8390ab,1533,Health Card,9017451,2033-12-10,True
d90fdf42-c13e-42ec-ba99-21cfd69262d5,1534,ID Card,4276089,2027-05-19,True
95b85075-7e66-4d0d-9bbb-a1831a8f786a,1535,Passport,6150314,2033-03-17,True
ef24b2ef-a958-439d-bfbc-71b1c07b3860,1536,ID Card,3669278,2031-01-08,True
a35170f7-2f8d-4229-80ad-0483fc6ec2f3,1537,ID Card,7886968,2032-06-16,True
4633d6e8-cb36-49b8-8c8d-017d1ed84951,1538,Passport,7084316,2031-03-25,True
3a3c71e6-4eae-4bb9-988f-69fed779a28e,1539,Health Card,9829341,2029-02-26,True
8351a6b3-349f-4b31-a9f5-2cff0e2ee9db,1540,Passport,2417453,2027-02-01,True
43868042-fd28-4deb-adbb-1ebab5d11575,1541,Passport,2340303,2028-09-30,True
71f780d0-b02e-4b99-9004-bbbf70433806,1542,Passport,8438196,2027-04-03,True
b9ddb796-0e33-4c34-9f72-949db1c59c94,1543,Passport,8017724,2027-10-07,True
f0433404-8776-46a0-ad55-190400b768b7,1544,Passport,3837287,2031-05-13,True
851e4051-179d-4af6-84f9-2c5b89fe070d,1545,Passport,4784675,2035-10-11,True
56cbacfc-74fd-43b5-beb4-c1f6733cf285,1546,Health Card,5626734,2028-06-12,True
c5d8656c-d8df-4d93-a99e-72bdcfef010e,1547,Passport,8683258,2030-09-23,True
f2cd4e48-af36-4269-9155-0e1c0345e9d4,1548,ID Card,5339788,2032-04-15,True
170e48b6-7047-4bae-afe8-1180a49a9d0b,1549,Health Card,8961902,2027-02-02,True
d0b61ec4-8f4b-4904-bcba-262d95168af8,1550,Health Card,4829515,2032-12-21,True
59c3db06-628e-4207-8d3f-d06ce3429a88,1551,Health Card,3601161,2034-08-14,True
6c3c0934-4a5a-4e10-a532-46710423f8f0,1552,ID Card,1852982,2028-08-15,True
51eb5789-8d1f-43ad-865c-8af2f2027bfc,1553,Passport,2895652,2035-06-24,True
13fa4365-82a2-4dba-8774-b112ee9717ac,1554,ID Card,3001574,2030-06-04,True
532500ef-c783-47d4-b064-820d8d746dba,1555,Health Card,7541286,2029-09-02,True
6084c314-eb80-4cfa-8e05-3070f5a41123,1556,Health Card,3075117,2034-07-13,True
ea985e30-962d-480a-9ab7-2500ce6ae115,1557,Health Card,1909885,2033-10-09,True
3e67dbbd-e865-4fb9-98eb-c87773837f9e,1558,Passport,9091531,2029-06-26,True
74e2fd53-fbff-4bdf-9b4f-295808fa3a66,1559,Health Card,9642380,2034-09-21,True
40e9936c-8759-4f69-9a63-3f85cdd98372,1560,Passport,6441864,2034-01-25,True
12a6fa35-5513-4b55-8e1b-c2e69aef9839,1561,Passport,5906637,2032-03-04,True
e2cc9435-e08e-497f-b848-23830d35e118,1562,Health Card,5379162,2035-03-08,True
7ae2578c-c923-4a05-9803-d9245dd78610,1563,ID Card,4519191,2034-05-07,True
91d86804-aff8-457c-8562-5cc65ede02ff,1564,Health Card,7565505,2028-09-15,True
1421a279-10d5-46bc-b349-6894ec4f92c2,1565,Passport,6660504,2027-08-03,True
0ba5c0a6-e9f0-49cb-974b-7c9db5033d2a,1566,ID Card,1079387,2032-08-12,True
fae40973-db63-4ba1-a850-831bb6966737,1567,Health Card,9825635,2030-06-26,True
6767beec-71d1-4247-bb83-d2ca285007aa,1568,Health Card,3387833,2027-11-15,True
5f7930e0-e828-4f3b-834e-5937acb4a6b6,1569,ID Card,1582737,2031-03-29,True
8dba3534-5a95-43d3-95f2-727abfd9ab32,1570,ID Card,7744534,2028-06-17,True
65889083-6b50-4858-b728-6928adeff443,1571,Passport,5852503,2029-06-16,True
5ef7f36f-3065-479e-895c-a3ecce000043,1572,ID Card,6908530,2029-01-09,True
c74f26d2-6aa3-4fc3-bce0-6fc4d50ff9c0,1573,ID Card,6657520,2031-10-31,True
5c7f7576-fa89-46a9-a3da-b1f7e72d34f5,1574,ID Card,7172924,2035-08-04,True
a837f6b6-5e24-4424-85b9-49a4a06a3f4f,1575,ID Card,3717165,2031-02-08,True
be97c9e9-8e63-439e-be3a-63b87e920f91,1576,ID Card,9401379,2027-08-01,True
8071dc27-a7ac-49a9-a762-eae775a36d7d,1577,Passport,4849300,2034-11-17,True
9d6b9ea0-b33c-47a4-bfbc-c93eb97f4dda,1578,Passport,2285506,2033-05-18,True
9a18052a-5a6a-4660-86cf-1e76ffbcef90,1579,Passport,1405234,2034-12-24,True
2dedcabb-4010-4b19-a0c7-7576ca6a7fd6,1580,Health Card,5808407,2027-08-24,True
9d8e5a21-8222-40e8-99fa-136c5ec0ef9c,1581,Health Card,8674298,2034-03-08,True
ceb55556-5647-47c9-b9b3-2a955aca5b33,1582,Passport,7839360,2029-07-26,True
0021652e-a146-4e11-9a09-45f9ba087a62,1583,ID Card,3933410,2035-04-22,True
113f1128-c6e1-4cea-b0c5-86e91518fbc1,1584,Passport,6839755,2028-11-29,True
97a50cbc-a7fc-4253-98b8-4dd235029657,1585,Health Card,2557647,2027-12-13,True
224e8330-6917-48c6-bb0d-50167db5290f,1586,Passport,3963075,2027-08-28,True
6a1f72c9-8a48-410e-a105-4cffc41f4aab,1587,ID Card,4014293,2033-09-13,True
3419a09c-4435-445f-abf5-f2ad258235e8,1588,ID Card,8616550,2034-11-25,True
2a7d300c-66f6-4d88-a52e-49091d3d3920,1589,Health Card,4424642,2027-12-20,True
f52962b3-fbef-4126-a05e-2d011f61e739,1590,ID Card,9737778,2035-09-28,True
749d2e39-ce32-4958-b9a0-5aac18bad06f,1591,ID Card,6556929,2029-01-13,True
db638a8c-b4ad-4999-a8e4-39b9517e6a80,1592,ID Card,5916121,2032-03-07,True
9797c85f-27ca-47c8-8b5f-55a76b2d38b7,1593,ID Card,8352429,2031-10-07,True
b03b8f2d-8751-4e93-9792-076187fad4ca,1594,Health Card,3861148,2032-05-12,True
b66f8ab5-3817-4617-ace1-d26948a5a0d5,1595,Passport,9090518,2034-04-18,True
ad914abb-7b55-4417-a370-a02add639e14,1596,Health Card,1195495,2028-10-24,True
6cc8f4cd-2969-4fe7-9eb4-552d01d72cee,1597,ID Card,1418269,2031-06-24,True
1a86ef00-c04d-4173-b8ff-a1c725b40440,1598,Passport,2414147,2030-11-17,True
6567fdc4-b4ca-40b3-980d-6a0d8007104e,1599,Health Card,5978892,2027-04-02,True
ea30cd13-d572-4fe2-a58b-7c6da382fba2,1600,Health Card,2684395,2028-09-06,True
f1b07f0e-b7f0-4b5d-ae8a-e51a26829c56,1601,Health Card,9771975,2028-04-24,True
016ba4e9-9e9a-4015-a437-e3200aef3a75,1602,Health Card,2293017,2032-04-21,True
047a8bd7-485b-42d7-9735-22ce49329988,1603,Health Card,9173671,2031-05-31,True
33627227-2daf-4ade-9eda-da39b37c2d3c,1604,Health Card,8263849,2034-02-10,True
36e3dc9d-7996-4536-98e9-febf596a5651,1605,ID Card,5705463,2034-04-25,True
b1c081e8-5ba3-4ff9-8598-8d3692d1b00e,1606,Passport,8658153,2034-11-26,True
32a0a4c0-89f3-40d1-b9a6-bb801064a33c,1607,ID Card,8332491,2029-02-24,True
32b32521-5c51-479b-abdb-8f371885a73d,1608,Health Card,1211160,2033-01-27,True
59ad3b06-fd0d-4b27-b2d6-1f5bd81fcc58,1609,Passport,8844553,2027-04-24,True
60c1e30e-d956-4035-9597-35192e7be567,1610,ID Card,5923823,2028-07-15,True
e9a9ceda-1ccd-4c76-b309-41fa90b62024,1611,Health Card,2453034,2032-03-12,True
e55ad012-f7b3-499f-8ce8-2199813e93fc,1612,ID Card,5521078,2034-01-13,True
e6c2d0ad-a8b9-4318-bfe4-271fc4b54884,1613,Passport,2692990,2032-08-05,True
e37910d2-d2f9-4106-8a69-22a20365924c,1614,ID Card,6195141,2031-11-10,True
0a953377-c888-46f5-a52d-3fe9d967f966,1615,ID Card,7643930,2032-12-27,True
fdaff8b2-35e3-467e-9522-7ebeb126bbcd,1616,Health Card,2814586,2030-05-28,True
1eb8cce5-f970-416c-a5fd-6c233d137ab7,1617,ID Card,3748905,2030-01-21,True
9b398855-6840-4201-8070-dd910650f9bb,1618,Passport,4213742,2032-01-14,True
f74063fe-3335-4c63-aff6-3488994ef0b7,1619,ID Card,3965913,2028-04-29,True
c23365f9-f189-487e-8697-a876f6523bae,1620,Passport,7768181,2030-06-07,True
adc2ae77-51bf-44d1-8675-95fe186599b7,1621,Passport,1061704,2027-09-27,True
3560b0e4-b6e3-4513-839a-7316c43108d3,1622,ID Card,5700988,2034-04-06,True
24718a9e-2b3a-4a37-8373-ba913cefe703,1623,Health Card,1863809,2033-02-17,True
d1510510-1725-402a-b270-83008a9f09b4,1624,Passport,5155359,2032-04-26,True
b1b878f8-dda1-48ba-9247-eee99ed56509,1625,Health Card,6956361,2034-12-19,True
33fb5b26-ba31-43b3-adc4-da1a62d93d43,1626,Passport,5987401,2028-01-19,True
c3ff56aa-6da9-4fe4-b647-5a24b61c9e1e,1627,Passport,7468051,2032-02-24,True
9c2b6640-0cb2-46ea-89d3-9ac4f12b9870,1628,Health Card,2467712,2032-07-15,True
faf3affe-dd5c-4771-a892-45af11906072,1629,Health Card,6749076,2033-10-30,True
e4821f4b-8e84-4124-9f36-76ed3749053e,1630,Passport,4959141,2031-09-02,True
b02d3db9-d338-4964-a026-70557b723e86,1631,ID Card,9528331,2032-05-26,True
2c49b877-6713-4dc7-99fc-00b13b6181d6,1632,Health Card,8413463,2030-04-09,True
51eb70c1-03e6-4728-9976-79ca663832d6,1633,ID Card,6919698,2028-01-14,True
579cdd52-4e15-467d-9abd-2d54d6fbb8e5,1634,Health Card,2243396,2034-01-08,True
2b6eb2cf-56dc-43f8-a969-0e37208b9294,1635,ID Card,5882597,2034-10-21,True
b291cb4f-ee1b-4d27-b4a4-77e99ab91590,1636,ID Card,6742299,2032-12-14,True
57ff550f-af64-48dd-b303-71e9dc84b2cf,1637,Health Card,5658153,2030-07-15,True
74ca28d6-9b4a-4987-ba98-8f63193e6233,1638,ID Card,7748909,2035-02-16,True
bd7074ea-7d3e-401b-830a-3c75118f781b,1639,Health Card,8386160,2035-03-21,True
36016f25-2277-4896-9ee8-28b84aba6818,1640,Health Card,9894870,2031-10-07,True
440e8c6e-6b9f-463a-be88-fc001cb6855f,1641,Passport,9322044,2032-12-15,True
9a6b82b7-afe6-4bc2-a1f0-c3b33ee282f9,1642,ID Card,1553083,2029-03-08,True
fc2e438b-f534-4660-9ea3-65c116eb0dee,1643,ID Card,4237163,2027-10-24,True
dc185066-3618-4b24-90a6-7fda9c5fe96e,1644,Passport,5426919,2030-03-22,True
ba37afeb-39e4-4ee4-91ed-797ea0cd2abb,1645,Passport,6816956,2027-05-14,True
e1d5bb4c-ffb9-4da0-9c96-e24a44c1662c,1646,Passport,5095103,2029-06-14,True
b91424d8-40cb-49a6-afd1-012ea2436304,1647,Health Card,3186549,2028-12-29,True
841934ce-fe79-4e3d-a3c6-6aeb12eefa30,1648,ID Card,6219010,2034-04-14,True
bdba759c-b284-4c4c-a447-01da50464f66,1649,Passport,4760106,2032-04-06,True
87fb335d-f3f8-493b-b679-7ec73caa0728,1650,Passport,8539980,2030-04-29,True
0aaecb9c-8c25-499f-b617-13591a62fae8,1651,Health Card,3851754,2029-12-07,True
c40c33e6-952d-4ffe-b4cb-2fc88af2468c,1652,Health Card,5282888,2033-09-30,True
182bfd51-32eb-41bb-bd20-e9b584671300,1653,Health Card,2738977,2029-12-05,True
57f8358a-09db-49ad-9a7f-4b28dcbd8c45,1654,Health Card,2147200,2034-05-18,True
a2d80f04-4205-4802-b217-b024025701fe,1655,Passport,7791284,2027-11-08,True
1ee21ed5-cbbf-48c3-b6b6-b75a55c9250e,1656,Health Card,8558556,2031-05-31,True
8cdc7554-60cf-4af0-aec7-de1abe054a8c,1657,ID Card,6123710,2031-05-01,True
0ebce0af-bb64-49f8-b88d-b6287e00c286,1658,Passport,5401935,2031-08-13,True
86244311-e12b-4a29-a87e-980a38ec38e8,1659,Health Card,5080746,2035-07-26,True
73f390a3-296a-4500-96d4-6df1960bc1d0,1660,Health Card,4148317,2027-11-25,True
218704e0-073b-480e-83d0-82af913cdc7b,1661,Passport,2090681,2029-02-03,True
17458704-aa6c-43e4-b97c-9ed2060b6b92,1662,Health Card,5093751,2028-08-08,True
52e14bb1-1097-4de1-b9af-307e3f684183,1663,Passport,8228531,2029-02-20,True
9224f73d-fe4c-411a-b257-3918043909c0,1664,Health Card,5479729,2029-11-20,True
038f3f8d-40d4-4688-9fff-953d24a0c8ce,1665,Health Card,3604785,2029-06-20,True
b0658fe4-338e-4de5-be24-680d62c9c212,1666,Passport,8952763,2027-03-06,True
467663f9-6afd-4b2b-a2f9-2df50f7ae4ee,1667,ID Card,4491497,2032-12-14,True
8a9c0ca4-9857-4bce-9bb6-6c51b8502b6b,1668,Passport,5076628,2032-09-22,True
ab1ddc34-51bb-4bfb-9c14-18331f2f7268,1669,Passport,4926083,2031-08-04,True
e284d1ca-9742-48f6-8f47-477fd6fbc728,1670,ID Card,5341067,2034-12-06,True
d800968f-62c1-4406-a6cc-6a09625bd646,1671,ID Card,7189438,2035-12-12,True
3d4ae448-7fe3-41bd-b7d7-858b7c4e2d21,1672,Health Card,4643384,2035-01-27,True
3ec316fc-5e3a-488d-880b-d7b03a686674,1673,Passport,7846881,2034-10-03,True
59b1ceb9-505b-4704-89f7-e25413b32671,1674,ID Card,2890502,2030-12-29,True
9e7cf087-dca2-40b5-8452-716d704827a9,1675,Health Card,7590065,2028-10-25,True
7b6da095-94cf-4af6-979b-132fe1c19f4b,1676,Passport,5530070,2029-10-21,True
8633623f-0b9f-461e-99b0-4a8906844ef9,1677,Passport,9261781,2027-12-01,True
fd977c91-8ba1-49bd-9d3e-1ad9857eaae0,1678,Passport,4957469,2033-11-26,True
35443eb6-22c0-4a64-b1ca-ab3774d28626,1679,ID Card,5137780,2034-09-06,True
1dafddd1-4220-48bd-96e0-aa300c2f936d,1680,ID Card,5976638,2029-11-27,True
7cb173b6-fc62-46d8-b0e6-0a910aeaba03,1681,ID Card,5878491,2031-03-18,True
ad29f8a2-a779-4e83-b78d-27e6c72bb29e,1682,Health Card,1593958,2031-06-17,True
8cbb2288-a0f0-4495-838b-e6386218f068,1683,Health Card,9612233,2028-04-08,True
b46cd4c4-5caa-41c3-a9c7-4dc206adab37,1684,Health Card,3383166,2028-09-25,True
af0a62e6-dc0f-46b7-9e90-af418d954857,1685,Health Card,1436391,2034-12-07,True
fc8b4abf-474b-4ef8-ab15-758750da2237,1686,ID Card,4564646,2031-07-07,True
d7896e2f-23d4-4327-8408-5b037403d9c7,1687,ID Card,3865934,2030-06-09,True
e3138449-693f-47e9-b2c3-19f493224e3b,1688,Passport,1662074,2036-01-14,True
23abaca6-744c-4750-89a1-211d68bea4cb,1689,Passport,5447633,2034-06-08,True
eae9adfb-3cc1-4500-891a-0a86bbb86aac,1690,Passport,5013918,2035-05-14,True
e458ad22-4ff8-4037-9643-4ffd5d92c8dc,1691,Health Card,4829692,2028-10-09,True
c69833d7-eeba-4993-becb-0d2bd965bca2,1692,ID Card,4117707,2031-08-15,True
94fc062e-3520-4d88-9a29-5d08a38dfab1,1693,Passport,5900382,2032-12-31,True
37b775eb-6fb8-48cf-b32d-fa073c30f8a9,1694,Health Card,3672606,2028-01-12,True
59ce68ef-30e1-4f62-8898-e15f8090f8df,1695,Passport,6722200,2034-08-08,True
4bab8e19-bb9a-410f-8de9-92fa0b1fe4c1,1696,ID Card,3548135,2034-11-16,True
73b05ad6-83b4-4f22-87e5-2440ff470b59,1697,Passport,8671886,2030-09-19,True
b738f9ba-90f0-4a78-a5ec-de1ff8fbf7e7,1698,Passport,9529098,2034-01-12,True
578437db-0b3d-4d59-9b7b-67105324fc02,1699,ID Card,9958541,2032-04-14,True
160d186b-a2a0-4678-b2b7-eec947112518,1700,Health Card,3479086,2031-12-12,True
fe9aac5a-14b7-4efb-be4e-5ba7f0d19cf8,1701,Health Card,1536622,2032-05-24,True
8ab7196b-082a-4be2-b50c-f3074b19f853,1702,Health Card,9509881,2031-01-30,True
62838022-c3a4-4471-bc06-18b0e1eed513,1703,Health Card,6197741,2035-01-09,True
493a8a21-d9db-4c54-a0e7-dbc490e6e410,1704,ID Card,5961799,2028-08-10,True
52fa2d8b-3ade-4d89-9a9b-b8df7066474f,1705,Health Card,6423980,2028-12-22,True
0de9e21f-e008-419e-a380-52757e8779fa,1706,Passport,8917359,2035-08-01,True
3c7b0b35-89d9-41cb-8eaa-4900dbccdcca,1707,Health Card,7998820,2033-12-06,True
3a718a92-a979-4fd4-9817-ec13deea91d2,1708,Health Card,8026910,2029-09-03,True
e73edd7b-cf5b-48c6-8d41-467ac38dc990,1709,ID Card,1256997,2027-07-09,True
8cef633e-8fde-4df0-87a3-ab9fb4b0302a,1710,Passport,6568643,2029-11-11,True
13b31514-447f-4348-b5c0-7675d7782d88,1711,Health Card,9158036,2032-06-28,True
a5a489cc-ef48-4f99-816c-11be945623a0,1712,Health Card,9093775,2030-04-18,True
81cb045e-c806-4326-8508-f9247a719031,1713,Passport,7274650,2029-08-05,True
788d0712-eb88-40b6-b89d-298792ed0e15,1714,Health Card,4570312,2030-10-12,True
74371244-c370-4070-b7e9-58fb811bb5d7,1715,Health Card,4003930,2027-12-30,True
ae5e773a-a6a5-4742-888b-1a0548148928,1716,ID Card,8896660,2031-03-10,True
0fd807cb-b14a-4bff-9d51-06fc656001d1,1717,Health Card,5384311,2028-10-29,True
4e901748-7f9f-4bef-98c8-20e99035c88a,1718,ID Card,5275142,2034-11-01,True
80d5273d-b708-4bca-b6b5-812ca27a97d4,1719,Health Card,5824616,2035-07-05,True
cad5d8c0-d9b5-464a-bdb1-a323245ef72c,1720,Passport,7039235,2029-04-28,True
a45d36bc-9f18-4520-8742-b9b744587e20,1721,Health Card,3923037,2034-06-01,True
a262285b-107e-4ab7-af27-3e1908ef72e5,1722,ID Card,9181087,2034-01-14,True
747d0225-1871-454e-84cc-209f6776d4a6,1723,Health Card,6518016,2034-06-23,True
d104f632-3dab-466f-b698-216777bb2f93,1724,ID Card,1590540,2028-07-14,True
a7f2c52d-c079-4869-91c4-b9623002bc85,1725,Passport,7826809,2031-03-18,True
a99cbf97-e1e3-4d51-bdfb-eb1c1ce026d7,1726,ID Card,5589493,2031-07-26,True
a4550753-e53e-437b-b279-f307b8e5ed29,1727,Health Card,8547579,2027-09-04,True
d8c95aaf-19c4-49a4-a161-202e17ce23c4,1728,Health Card,5319887,2033-06-25,True
8df00d7c-7fd5-4253-bc87-2a52378b25af,1729,Health Card,2851443,2030-09-24,True
829db7a6-b072-4d72-b43b-9279d96c3b5f,1730,Health Card,5275117,2035-01-08,True
715b1b88-84cd-4f62-928d-8b669a2f198f,1731,Passport,9564273,2035-05-19,True
495f9472-8357-49e8-8634-28c3252b7635,1732,ID Card,4645397,2033-03-29,True
57b4e653-5389-4a74-b5bc-c0c77402820b,1733,ID Card,8471087,2031-02-26,True
e15fa3cc-b1be-46a3-90fc-3c680bf00141,1734,Passport,5057087,2028-03-28,True
bc9ce95c-4f79-438e-a083-e6592f0456d3,1735,Passport,3827671,2033-03-29,True
73c0aa06-bfb9-4a71-9518-618debbde5e5,1736,ID Card,4183040,2028-09-29,True
b3c9d3e4-9ac2-4e96-9bf1-12ea092616c8,1737,ID Card,2602476,2027-04-20,True
523590f6-9ea6-4a48-b834-cff427d56d73,1738,Passport,2894651,2027-04-15,True
86329bab-83c1-4de2-a6c9-7c5165363cb7,1739,ID Card,6642654,2033-04-15,True
fb7f04d9-d26d-4855-aeb6-ec6c70ecee40,1740,Passport,1108141,2035-05-08,True
a69e89df-93c4-491a-b2a7-8691fc99c556,1741,Health Card,5246826,2030-04-19,True
4ee22af6-5bb9-47fe-8767-4f7f6aa91761,1742,ID Card,8763083,2030-10-22,True
d92c6fb1-0e63-4fe1-aac2-63d1c3310c77,1743,ID Card,5198381,2034-01-18,True
a9e3b1bd-c478-479f-8979-8cd736e726e4,1744,ID Card,3185310,2031-02-12,True
d2917293-192e-47ca-8668-73c2cc44932b,1745,ID Card,1810235,2031-12-12,True
6d0f3c56-5497-4e7c-a776-7d3e497a86b1,1746,Health Card,4584165,2029-07-25,True
77094da9-679f-47c6-aff7-192e04a0d2d8,1747,ID Card,7670455,2031-11-10,True
06367244-3ce0-4d7b-9547-f44ea54d81d3,1748,ID Card,7871893,2035-09-08,True
09f786c7-e9dd-4905-96e3-872d642b3c96,1749,ID Card,7985999,2027-08-26,True
e1583597-4c28-44e1-b9c8-685a3d96008c,1750,ID Card,9200432,2032-09-01,True
9d694d34-dafb-484f-80b3-7954aafb5b12,1751,Passport,6881917,2032-09-24,True
251e5dd3-3dff-4cf6-848b-a48e823e3e9d,1752,ID Card,3044291,2029-09-24,True
323562a4-7beb-4b1e-a3a8-068881b94e8d,1753,Passport,1767438,2035-04-11,True
b3386fc7-420e-4829-a34b-f3465c4864a4,1754,ID Card,4973429,2031-04-09,True
2f861b7c-37f5-462f-a340-5d6598266725,1755,ID Card,8764840,2031-04-16,True
3e89ba57-e9b2-457f-a392-17913a1a8a25,1756,ID Card,4024775,2030-09-02,True
870c3bca-c95f-435e-b11a-5ed7e68ebf67,1757,Health Card,4700783,2032-11-01,True
b251683d-aadf-4960-82c0-544f372fd2c5,1758,Health Card,5275259,2028-05-27,True
2ec15946-f200-49ff-b667-847488417a87,1759,Health Card,1505515,2027-08-13,True
7037c79c-5911-471b-a742-323faeb8f22a,1760,ID Card,3188386,2035-02-04,True
a8d71b18-41bf-4df6-b906-a77d0f7d2488,1761,Health Card,6909544,2035-10-23,True
13b9f5cc-40bd-4af5-9022-26c00f31e78a,1762,ID Card,2413863,2035-06-29,True
a1ac7314-f90e-41e5-8321-d9c181d9923d,1763,Health Card,8039595,2031-03-20,True
fe7b9b10-5849-492c-b4fa-164ef367df63,1764,ID Card,1955127,2034-03-14,True
a9217e4c-ad38-4307-a781-afb23ceddc39,1765,Passport,8593094,2035-11-02,True
90ccd825-81da-4c3b-b2a7-b08f615cd3e5,1766,Passport,4321565,2032-11-24,True
6c86665d-2ff2-458c-9371-ed16a2e71582,1767,ID Card,8716451,2030-09-17,True
ea1e1e21-41c5-4057-97ec-1a9d699c3f67,1768,Passport,6105899,2027-09-21,True
63f749a0-8546-4e35-a553-0d4644c16120,1769,Health Card,2027037,2031-03-02,True
28a902fd-73b7-4d6e-9c3b-cb36a13203b2,1770,Passport,1098172,2033-12-24,True
66a937da-06ab-4183-b647-5997b796727f,1771,ID Card,5272055,2036-01-21,True
5e4a02de-d3cb-458b-b43a-e8da48527fa0,1772,Health Card,4607403,2032-01-10,True
05969888-4751-447a-bb8a-044c508684d4,1773,Health Card,3308221,2033-06-26,True
63e50025-7a7f-46bf-96aa-aa02a108ff0c,1774,ID Card,3088759,2035-02-09,True
5fe565fd-4d79-430e-8d3f-80082d17dbe0,1775,ID Card,8596073,2030-12-25,True
3163d246-f854-438f-9ace-a6bce02fc816,1776,ID Card,7637269,2030-07-27,True
91f1e50b-8dcd-465b-95b1-57a5fca290b4,1777,Health Card,8194903,2031-06-11,True
caf35916-4f08-4c0c-98a6-e6b0f733ee1b,1778,ID Card,9803943,2031-10-10,True
edb2bdf6-1eaa-4979-856f-96e020b5c739,1779,ID Card,2185850,2028-06-11,True
fdbfdf3e-6af9-4e06-ad7e-ce95c22c52a9,1780,Passport,7199683,2028-04-12,True
6ba90b6e-ab76-4a9e-a839-0d623a2004be,1781,Health Card,3557268,2033-05-04,True
1bd72c5e-aa90-4a75-a307-b0c9f694d6e2,1782,ID Card,3219899,2029-05-13,True
dd9798db-cbc7-494c-a0ce-0832379854cd,1783,Health Card,8370489,2033-10-31,True
2bd31059-2817-471d-ae43-18f151a6b858,1784,Health Card,6075505,2035-09-20,True
e34bb347-58a8-4e60-a8e2-998d4aef091a,1785,Health Card,1005008,2035-04-06,True
f5384685-f029-4684-9df2-c47a70a6ff61,1786,Passport,9717939,2027-06-07,True
c64c8224-7d41-44c5-91e9-ea307ac9acb2,1787,Health Card,2698687,2028-03-01,True
524509ac-a6b9-45d8-a73a-92a94a5832aa,1788,ID Card,8701172,2030-08-02,True
d8233553-5c95-46d8-b5b2-ce76a0e125ab,1789,Passport,5359423,2034-02-19,True
f5573393-fca4-4d72-9868-9296599f4be2,1790,Health Card,7288408,2034-08-11,True
1f10c1d9-5a78-4533-9928-3529f127db2e,1791,ID Card,1868317,2033-04-21,True
56d1e002-d4c2-46b3-ae6c-0835af5d0b4c,1792,ID Card,5458746,2030-02-25,True
ec3b7c3b-774c-4c73-bdcc-c9792402cbc1,1793,Passport,3312944,2033-07-13,True
94be39c4-fbc6-4f25-88bc-784881b6038b,1794,Health Card,1890171,2027-12-30,True
962f4808-1151-4443-8dc5-033a6fe316ad,1795,ID Card,6822384,2029-03-07,True
da25008a-33a9-49eb-8adb-fa7ccae55a19,1796,Health Card,1299370,2029-04-11,True
e040d2a2-a0ac-4531-9075-42e2d99c6b91,1797,Health Card,2560275,2030-07-12,True
cef49fa6-8126-4d61-b017-64af7fc9a22b,1798,Health Card,2564696,2032-11-22,True
d47213d1-b256-4e59-87b9-ee56897167ed,1799,Health Card,2442853,2033-06-22,True
07cb65d7-44fd-41a7-8fd6-dd8c1930b376,1800,Health Card,5698468,2028-08-13,True
0a9ec7c7-918e-4bc3-8e87-82b36dcc43bd,1801,Health Card,4118747,2031-03-18,True
0ca1017c-c3d9-4f61-80ac-94eeb48ccfe1,1802,Passport,7141114,2028-08-02,True
be94f376-af7f-482e-a15a-10a83598860b,1803,Passport,5151880,2030-11-16,True
9253eddb-0bf2-46c7-a023-b7b18251429e,1804,Passport,1213530,2029-03-02,True
214f3cad-92ec-40a1-97dd-ee34c484c973,1805,ID Card,7442944,2028-10-20,True
18c3fef3-bbbc-4c81-8fdc-8294e9dfd2a2,1806,Health Card,8874347,2029-03-09,True
c3b0cff9-ef08-499f-80e3-d8555f35be43,1807,Health Card,8284480,2033-09-09,True
fdd0f46f-8bc8-44c7-9341-08d8f43acd86,1808,ID Card,4747769,2035-08-25,True
3c7c422b-8656-4096-9bb5-f954f2078c24,1809,Health Card,7009687,2029-08-22,True
3162c6a3-0954-46cc-aab4-b42d72d32abc,1810,Health Card,8519038,2031-03-09,True
34b0c724-c95e-430c-9206-f29ca5915fe3,1811,Health Card,6544186,2028-11-01,True
e087fadf-9262-49ed-8cdc-645c04dd94ba,1812,Passport,3452866,2035-09-27,True
54f36185-8d49-4ba9-92db-1067d33c0f8f,1813,ID Card,2267087,2029-10-19,True
1f01a053-d7f7-445e-a12c-f6c4c28c1f20,1814,ID Card,2951108,2034-10-02,True
2bf0f305-a30d-4e99-b5f8-2de52fdd9387,1815,Health Card,4445638,2029-08-13,True
1e45b860-61eb-4fa2-80aa-5a643b7f3cd0,1816,ID Card,1912369,2029-04-26,True
ce73b0aa-e320-49f4-8e88-d4524e2defd8,1817,Passport,6478821,2029-05-23,True
d91d6d9e-ebdc-4af7-83b0-ca70b1064a71,1818,Health Card,9254749,2034-06-09,True
447dbdc2-2651-4918-a6d8-48575f15df6a,1819,Health Card,4482399,2034-12-25,True
1e0949d0-6aeb-4379-b8b1-3ede44b87b6c,1820,ID Card,2725664,2032-09-18,True
2ed76db1-4b71-465e-8851-60450d4fa314,1821,Health Card,9917577,2027-02-27,True
dfcd2a09-e5c6-4bf4-93b7-1c50fb6729bf,1822,ID Card,7953824,2029-12-20,True
ac04530b-1302-4348-b179-9282c9c49310,1823,Health Card,1441097,2035-07-12,True
1c95a1ab-0618-48dd-af88-741fbc4d29ee,1824,Health Card,9373761,2028-07-18,True
2a27464b-1686-45d4-a325-ac33447fdba6,1825,Health Card,9353762,2035-08-11,True
d8b43827-e7ae-4cc4-9745-77cfa7016a85,1826,Passport,3251905,2029-04-09,True
e7750ad1-b06f-4bd9-b24b-35540a7c6690,1827,Passport,2661261,2033-12-30,True
17900c06-3808-4745-a572-4cf5f775eb08,1828,ID Card,6959244,2028-10-20,True
3b9eedfb-d6d4-435f-ae79-f21ab28d7d6e,1829,ID Card,1025336,2030-03-10,True
b847ba05-c670-49b8-973d-15527c0c047e,1830,Passport,8356038,2027-02-19,True
0ee53bae-4469-4306-974d-5c5a24c4b8b2,1831,Passport,5265235,2027-10-24,True
86f7d312-e873-4bd9-b708-f803f5283988,1832,Health Card,8535663,2031-04-06,True
48c62850-b322-44fa-a23d-b75cdd264d91,1833,Passport,7454852,2027-01-31,True
59c5c2a7-5d5d-4e71-b175-8e6a92fc7e03,1834,Health Card,9036491,2033-08-05,True
c186a4d1-1cc2-45fe-a7f2-155690b78add,1835,ID Card,3561776,2031-06-19,True
96027d4e-4c0c-4ba3-98e3-fe64dff6aed9,1836,Passport,6332736,2031-09-02,True
fd51129b-d3ad-4df5-842c-1e0dcd9e1f3d,1837,Health Card,5008608,2034-10-11,True
c56aa9c5-846d-40e4-9370-f9cead933923,1838,ID Card,7615514,2030-04-06,True
2755c4be-2761-4241-a959-4629f802b6de,1839,ID Card,8291496,2027-09-22,True
4a461de2-316f-4b33-88b7-0852a438572b,1840,Health Card,6621187,2030-08-05,True
d78bc7ab-3255-4a66-9968-4ff0091ff4bd,1841,Passport,5575678,2033-02-01,True
a5a3041d-af0d-4a3b-a517-bd0c892b2c7d,1842,Passport,9100771,2027-02-08,True
89c613ee-fc34-416c-85df-f3d0c8e8b7de,1843,Passport,5606952,2030-11-27,True
4be8962b-c7cd-43e1-840a-f298b0cbae7c,1844,Passport,4417630,2030-01-11,True
c6c5e3c0-94d4-405c-ba12-d270b27d3069,1845,ID Card,1686392,2028-02-12,True
ef42f0a0-c0d2-4ff8-a9fe-2e7c1c16ffc8,1846,Health Card,2081358,2033-10-07,True
9658c690-cd7c-4f2e-955c-0b84e432dd5d,1847,Health Card,3544988,2035-04-20,True
bee09bd5-7d2e-45db-bbcc-5fb433eea89b,1848,Passport,1846052,2028-12-28,True
df6fed5e-f4c8-42b7-919d-5cd4b327c149,1849,ID Card,8584598,2027-06-29,True
b0dd3253-d07a-4f51-b947-b8290f76c011,1850,Health Card,6563762,2035-04-26,True
78a9043f-c4a8-486e-8975-a0ff33454c20,1851,Health Card,9211874,2032-05-12,True
5ebb5946-1c6c-4b49-a9a8-162312fca932,1852,Passport,2577800,2034-02-03,True
356872d4-0b8a-4292-bcd5-a2b20c443177,1853,Passport,1395126,2034-04-23,True
316049f0-fce0-4348-bab6-b8ffa992b919,1854,Health Card,6789970,2033-12-09,True
396f5ebf-d7a1-463c-b29d-3aed6fe3bd47,1855,Passport,4854678,2030-03-28,True
3a50f176-3f90-472f-97c7-7be42fb3d853,1856,ID Card,6967515,2029-03-18,True
11e58b3d-e78d-465e-a0af-adce2dc3855a,1857,Health Card,1562133,2032-01-04,True
f4c35036-980c-4b3a-b87d-4426cfb917cd,1858,ID Card,9144723,2029-09-05,True
1752246c-d30a-4ccb-9820-1d2099ccfb85,1859,ID Card,1942773,2030-06-06,True
9c6a7086-c50e-4c2c-b8ea-b8150e171971,1860,Health Card,6397314,2032-02-05,True
59a2ecee-f0c4-4d10-9004-b1c6a05b54b3,1861,Passport,6787413,2030-01-11,True
b1b3e437-ba1b-4fa5-8eda-9796dd6dcfac,1862,ID Card,9238236,2028-12-06,True
23193858-1742-4839-8d9f-abda085e8988,1863,ID Card,6129949,2029-02-05,True
062a0328-5897-4a50-8ad0-a8efa4b3d92e,1864,ID Card,9771553,2030-06-03,True
6884735b-3cfc-450b-bc1e-5dc3aebce479,1865,ID Card,3125882,2033-12-12,True
bd39fb19-c251-4717-aae0-a4a38cb1a204,1866,Passport,1987954,2032-01-04,True
3df832ae-147d-4267-af11-aceb4a725adc,1867,Health Card,6794879,2034-06-30,True
9307490b-936b-4ca3-92bf-0109358a2e45,1868,Passport,6045114,2033-10-28,True
c8da8f88-b65f-47de-a736-3f274afa48e1,1869,Health Card,8465161,2029-11-11,True
6ec46285-14b8-4e4d-bcfd-7a1cae9050f1,1870,ID Card,7384381,2028-12-28,True
ff4afcd5-7100-4a3b-8254-e6e9fb4ca7d6,1871,Passport,7549054,2033-10-16,True
f48224fb-7457-4800-affe-71827ee27b0c,1872,ID Card,2699845,2035-12-01,True
c132cc84-c461-486d-9133-a4c1895677af,1873,Health Card,6385428,2033-03-23,True
3f584673-7bd4-426f-999b-56858628198d,1874,ID Card,5602627,2029-12-18,True
5176ba7e-cf5b-406c-9229-2bd5184f7c63,1875,Health Card,3528972,2035-06-20,True
1e2ade7e-4a75-4adf-881a-49f4623cddca,1876,Health Card,5742199,2027-01-28,True
10282e48-b94a-4a28-b181-76d0014d6029,1877,Passport,9200715,2035-01-20,True
b893f256-4a05-4a49-a05a-4a80c17acf9f,1878,ID Card,8678320,2029-11-05,True
25c7bfd3-21be-4b6f-b424-814e25e4fc0c,1879,ID Card,2502176,2031-06-16,True
8a56dc02-f297-4d13-9998-60dfdf763439,1880,Passport,9026742,2030-06-06,True
14ce9720-c688-45fc-b6ef-b15218cb8534,1881,Passport,7647327,2035-09-24,True
ec8f10b3-fbcc-4d4a-a61c-876263a614ed,1882,ID Card,4618503,2029-09-03,True
a1207faf-11ef-49fd-88f0-393245b567d2,1883,Passport,6643515,2031-03-03,True
c254c41e-be25-424e-9a77-a12e9792f8b9,1884,Health Card,9794738,2028-12-03,True
93d18279-0448-42d5-8043-ce475219f5a6,1885,Passport,1000383,2028-07-22,True
45d354db-03f1-4722-a4ad-3066e39d4a80,1886,Passport,2749815,2030-02-16,True
bb27b0fb-6787-49f5-affa-5e2cbb853c21,1887,ID Card,6868966,2029-08-10,True
909200b3-6699-4190-80c2-4b7f1f758eea,1888,ID Card,4946911,2033-05-07,True
2bebe987-2fcf-42d5-97e9-cb0426875a29,1889,Passport,6078066,2030-01-24,True
36b8b344-27d8-4c53-b95c-e3dcb8522a74,1890,ID Card,5185450,2030-02-02,True
07757aa7-6fd8-4849-bb07-3fa9fdff7ce0,1891,Health Card,4891197,2036-01-02,True
1b7cefee-feab-4ab7-a507-47984b4dfed2,1892,Health Card,9285103,2035-09-12,True
5dcaafb3-87b1-402a-9904-6cfb8ecd5e8b,1893,Health Card,8727031,2033-05-30,True
989c82c1-4138-420a-bf83-c0fea9ba5211,1894,Health Card,9567645,2031-11-18,True
cef41411-2977-4704-b4bb-9581807f2231,1895,ID Card,7316157,2027-06-22,True
09ddb1c5-137c-48a6-8403-ee0ac8701192,1896,Health Card,4087115,2033-05-14,True
98702537-d068-4c5e-85d8-f6e3ef53248a,1897,Passport,9766148,2033-02-26,True
be2a24f4-a5be-467e-8181-55bff36b18bb,1898,ID Card,8537684,2032-03-30,True
9b82bc46-a77d-49a2-824b-4ec1e300ad62,1899,ID Card,8207973,2030-12-04,True
631c7ea4-e391-4e1c-932f-a7410236bebf,1900,Health Card,5894495,2027-03-25,True
e9cea2e9-3a96-4d51-9518-c0dc190a7671,1901,ID Card,9041551,2029-08-18,True
cad3f0c8-51a8-40d8-a03e-6202ef0f0a56,1902,Health Card,3926736,2033-03-27,True
dedf3aab-b2b9-4d95-884b-3fa9454408ad,1903,ID Card,6287317,2031-12-14,True
e31f83e5-a04c-42e2-9e49-f742d743ef7d,1904,Health Card,2237649,2033-12-26,True
eb77ac77-2cf3-4fe3-9f4a-5162aeed043c,1905,ID Card,4791055,2030-09-15,True
5b5fcd35-a51b-48aa-a248-81d913203127,1906,Health Card,1424774,2028-04-25,True
35a3d303-4d90-45ad-aafe-43e1101d5e28,1907,Health Card,8842959,2034-08-18,True
667d5535-ffa9-4049-82be-86b583ec8f3e,1908,Passport,4832235,2035-08-15,True
0c53c3d2-b348-4cea-89bb-81be96458934,1909,Passport,1954980,2027-08-21,True
bf836f5e-997a-4e44-87e7-f960a46cb314,1910,Health Card,5393481,2034-11-22,True
8c92366b-4200-47a3-bcc8-d3d4554dff60,1911,ID Card,9505388,2030-06-14,True
4ad76ad7-bc2a-47b3-84fb-8029b8804e5d,1912,Health Card,7415761,2030-04-26,True
bb95b197-02c1-43c5-9558-1ed2347369f5,1913,ID Card,7134545,2027-08-05,True
35169934-3a8c-4de2-aa09-661fe1b33b35,1914,Passport,1379471,2031-09-07,True
8deabbc4-9885-4b16-9ee4-9ec617005174,1915,Passport,3353115,2029-01-30,True
bb4650c4-bd3c-4d55-9e84-845a77caf02d,1916,Passport,5447783,2035-06-21,True
db9c0579-5e6f-4e17-b20e-ad1efcdcdd04,1917,ID Card,2200832,2033-11-14,True
ca36b6e3-09bd-4077-a2a8-7dce1a027992,1918,Health Card,9386422,2034-11-26,True
1282fccf-3c65-4800-96e9-a8f11ea2964d,1919,ID Card,9138928,2029-03-24,True
52f8d6ea-6c05-4a3d-a079-603dbe46a712,1920,Health Card,2004813,2035-01-30,True
836b7cf2-3ee0-4aaf-8d73-06d9030fd38c,1921,ID Card,7560435,2029-06-26,True
5f3ddd45-3d2c-431f-9bb8-10fcfdb0c6b6,1922,Health Card,1356065,2031-10-28,True
13ee08de-4941-404d-9ab9-be1ebd7dbc76,1923,Health Card,2020593,2033-09-28,True
50272e6d-d94c-4033-b188-345db2086503,1924,Passport,9254998,2034-04-03,True
af0166c1-952e-4f7a-acfc-ff353f92534c,1925,Health Card,4651841,2029-06-29,True
25021995-9dfa-4c23-b864-ed829caceef8,1926,ID Card,9115548,2029-09-05,True
03526897-7a1d-46bf-ba41-d2c9f82163c6,1927,ID Card,7109734,2028-11-16,True
28504450-1f52-418b-bf07-2fddf0595915,1928,Health Card,2917592,2035-02-23,True
4eb2297a-60ab-4dd9-a2d7-6c640c1ecc7e,1929,Passport,8531108,2035-03-11,True
c849cabc-f725-4f7d-94a8-1515296992fa,1930,Health Card,9254964,2027-06-04,True
053cc26a-f8e0-48de-88b2-44629753f10b,1931,Passport,3661497,2030-06-02,True
ac49b2aa-8967-48ec-ba84-281f268c3e6f,1932,Health Card,6454995,2028-06-04,True
44ac4e53-c396-4edf-8e35-2660c4467641,1933,ID Card,1083254,2034-05-25,True
ebd6cb9a-0ff1-4c80-b793-cf47dbae51ca,1934,ID Card,2023706,2031-04-25,True
c7ca5d50-347d-4266-b4a5-e17b17bcf94e,1935,Passport,1837550,2031-10-26,True
56572e8a-fa8b-4dfe-9f70-b7af32241247,1936,ID Card,5189397,2027-03-31,True
41541f95-48d8-45f0-aaff-f269e371d0f7,1937,ID Card,7880908,2027-06-18,True
0b8a1dd0-3784-4467-bf93-ce5b84ddcf0d,1938,Passport,7632874,2029-07-19,True
29e40f1e-d835-4795-a6b0-2df63975aea1,1939,ID Card,1859876,2034-09-12,True
265eeabd-46a4-4df1-a27d-b917ef6c5bb6,1940,Health Card,9844314,2033-03-28,True
940f0b93-a00e-42a1-a651-601a3ea8a54c,1941,ID Card,8898721,2035-04-30,True
8069e1b1-341d-43ef-9be1-8f48bd3d1f11,1942,ID Card,3439987,2032-06-11,True
8e8da659-4758-490c-9f81-3afa28d419d8,1943,Health Card,7783989,2027-09-06,True
7b078854-8b26-4936-ab8b-54a7be4f5183,1944,Health Card,5818330,2028-04-05,True
defbad8d-7b42-4491-8281-faa8a7484fac,1945,Health Card,9307365,2028-11-29,True
1cd882ed-bdd3-46f7-9637-1a2fe2e03eeb,1946,Passport,9522078,2029-09-10,True
312deded-5976-4604-9dd5-27dbd68672da,1947,Passport,9400313,2035-05-31,True
b4e5b4b7-b9c4-41a7-88e5-a9405caa1232,1948,ID Card,1542033,2027-05-23,True
c83b6e58-0714-469b-8f9c-54e22b775b7e,1949,Passport,6304557,2029-04-02,True
410a12de-768a-4611-ba52-b03b2fd750eb,1950,Health Card,2988693,2029-05-06,True
a3283635-a8fe-4d78-a2b2-71fee49379b9,1951,Health Card,3814458,2029-04-21,True
e5947a1f-71ff-4e64-9b15-3a79bc3ead57,1952,Health Card,2184301,2029-12-03,True
81b089ec-c037-4a1b-9edd-ded933651dc9,1953,Passport,2005082,2028-04-28,True
c7ac725d-4df0-4c30-95b3-ec94f7348622,1954,ID Card,3305603,2031-02-01,True
2673dbeb-88e1-46de-b36b-f4f37d6c4d4a,1955,Health Card,4377802,2032-03-03,True
cf93b811-5fa9-47b9-a565-f5458bb70385,1956,Passport,3963246,2033-03-13,True
ae94ce35-fb22-47ad-a2fb-965753ee8440,1957,Passport,4697291,2035-10-26,True
f18be1e0-b7da-460a-8e76-7ecf2c8a87c5,1958,ID Card,5146818,2031-04-05,True
f410c97e-87ff-4d95-bbca-532b4a06b50d,1959,Passport,7350311,2035-04-01,True
40a833bf-2b7f-4cdb-855f-84d78c60d31c,1960,ID Card,8142261,2034-05-20,True
3c2d85d5-7953-490f-9d36-f8d9ac24e8d3,1961,Passport,6621971,2027-09-15,True
78b498d2-e144-4bb8-bb9b-c2ffa1a1aab0,1962,Health Card,5762820,2032-09-04,True
11fcc231-3418-4c62-8860-3f7d54cd011e,1963,Health Card,5409579,2033-05-10,True
8d2a9b13-82b0-4179-b663-5543f7841ab9,1964,Passport,1037959,2029-08-18,True
d0e6ba08-dd03-428a-b1cf-c56b9ee6ca1f,1965,ID Card,2575622,2034-05-02,True
a3f0a298-d724-409e-baaa-0ff0db57445e,1966,Passport,6918066,2030-09-07,True
fe0add4b-b429-4fb0-9406-bad94721f751,1967,ID Card,1748810,2031-06-15,True
dfe07743-4eed-431c-94b0-76eeef0cc9fd,1968,Health Card,3173620,2028-03-20,True
904a836c-824c-4600-a71f-695372fcca2e,1969,Health Card,1780847,2033-08-11,True
7dce98e5-3b8c-4184-a56d-d428d2290c2d,1970,Health Card,6996747,2027-10-30,True
da05e820-f204-4b40-b8a3-4540cfbc31ba,1971,Passport,4817154,2029-04-12,True
89e1dd02-bbb1-4d13-8369-7ade75f64661,1972,ID Card,5993860,2028-02-27,True
28f1eee2-2614-4c48-b612-ffed0bed2987,1973,Passport,8187254,2028-11-15,True
15f26aba-7b80-4f7a-8961-4c2a63b2cf99,1974,Health Card,8302163,2034-07-10,True
73b0a1dd-c3a6-4d16-9650-508484755887,1975,ID Card,5436864,2033-07-27,True
9ec07977-e23e-47c1-8fd7-3bf5fde64866,1976,ID Card,5615066,2034-10-28,True
6c343cda-d095-45ff-96ce-6db08acb3568,1977,ID Card,3464111,2028-02-01,True
8c9536d1-f9ff-47a6-b0b3-9d80a47f7fe6,1978,Health Card,1226937,2030-12-05,True
b6bf30ff-6dc1-4148-908a-7f6bb4e30bd8,1979,ID Card,8577338,2027-12-21,True
5a08c18d-46b4-428c-a9e6-f00b0e3ab0ea,1980,ID Card,8924263,2030-03-03,True
b694d76c-07bf-48fd-a45a-9a46979546c2,1981,Passport,5828910,2028-09-13,True
2ce5c333-b92f-44e4-b805-8cc01388f4a7,1982,Health Card,7446342,2035-12-07,True
4d1fc1a6-1d2e-4bde-b9ff-0efbc3ab601a,1983,Health Card,2270987,2028-08-19,True
19374fbc-c1f3-4882-84a9-023284f4cbd3,1984,Health Card,4684507,2034-03-25,True
3074259f-de09-4ddd-b74e-de72efaea456,1985,Health Card,8314450,2031-06-05,True
2d75251f-b567-49f0-a11b-1930018a552c,1986,ID Card,3493002,2029-02-16,True
ddfb1a0a-a8f5-4ab9-b844-27f0158bcfae,1987,ID Card,1226181,2030-10-01,True
787a9d30-c418-4cfd-a5d9-704c096536ff,1988,Health Card,8457871,2033-09-15,True
4937b593-feff-492d-8262-18651075eea0,1989,ID Card,8265764,2031-04-07,True
a0cf777b-e923-4b34-a106-f180e2e1bf5e,1990,Health Card,7742056,2035-02-01,True
baee8d9f-7e7e-43f7-a4ed-b914080291f3,1991,ID Card,9190362,2034-04-24,True
34c1613f-680c-420f-a40e-453237235529,1992,Passport,1686051,2030-01-10,True
29c56f40-0e97-4011-8208-d06fbb4f435d,1993,Health Card,6164698,2035-07-07,True
b85a3804-a5d5-4e63-b3b2-7312ba5b4735,1994,ID Card,2360912,2034-11-23,True
1c549a9d-37bb-4e2f-a48b-cf533f712def,1995,Health Card,9182561,2029-05-20,True
c1bd206f-fa88-4349-9d39-c5b47e2dfbb1,1996,Passport,2446801,2031-12-01,True
6984dd3f-0532-4fcb-a8c5-535d855721b0,1997,Health Card,1176318,2033-09-01,True
620249af-ef17-4f39-9752-652d10812c18,1998,Health Card,9682426,2028-02-04,True
4fd274d6-cfaf-4849-b3ad-5ff99f8102b4,1999,Passport,8026668,2028-01-14,True
80df5e5a-222e-462b-8745-eccc5697dc66,2000,ID Card,7240945,2033-02-25,True
ed1ee3e6-5dfa-4c52-8c23-8762e4176115,2001,ID Card,9597923,2027-03-23,True
8ec2e648-5746-4953-bbd9-da28b8bbcb8c,2002,ID Card,6489970,2032-04-21,True
eee0e65b-d468-4e1f-adb5-96948e248d3f,2003,Passport,3392764,2028-03-10,True
79f365b5-0bd5-424e-8389-37f9032da8e7,2004,ID Card,9981321,2028-01-10,True
b653be3a-bfd9-4211-8f69-c646bec30ea7,2005,Health Card,3651662,2033-01-16,True
60300d64-fc57-4bf0-8413-024de7c0e7c6,2006,Health Card,6232422,2030-03-28,True
fe6bbbaa-0a51-4341-82a1-54183d06a4a2,2007,Health Card,4715957,2028-04-02,True
50232adf-527e-4290-95b7-9e466c30d4f1,2008,Health Card,1548161,2032-12-05,True
bdc083dc-6004-4817-882e-eba25d24eefc,2009,Health Card,7328469,2033-05-13,True
a658e1a0-0fdc-4b92-a807-112265cc94d3,2010,Health Card,1147720,2028-09-24,True
772aab92-c7b7-4933-8133-1e97e6b9c1a2,2011,Passport,4112396,2029-10-28,True
ad3e2872-5f26-42ac-93aa-0d04e3cfdac9,2012,Health Card,3854859,2033-10-24,True
70cd0ed6-58cc-4766-92ff-644c8b27f667,2013,Health Card,5534627,2033-10-02,True
c376183c-6831-40f9-8191-b2274adb95e0,2014,ID Card,9026341,2029-10-28,True
cf70be7e-c0f2-4a83-930f-9b24730ca553,2015,Passport,5959826,2030-08-26,True
068cae01-d5a0-4785-b209-9bf0d02826ff,2016,Health Card,5760070,2027-11-18,True
1e3d79b0-16a3-459d-8224-551d426752bd,2017,Passport,2707957,2035-07-04,True
e3f10c95-675f-4f71-9fc0-2fb6dc919d38,2018,Passport,5203513,2034-02-01,True
4338bd2e-e45f-4cd0-badb-ece6045987d1,2019,Passport,3452281,2029-05-29,True
e0922be2-5590-42a9-9d8c-d386070a1aa6,2020,ID Card,8388826,2031-08-03,True
738abf75-91af-457e-9c04-555c0b411cdf,2021,Passport,6634156,2033-07-11,True
f822e6b3-a698-4692-9994-3cd78bfedadc,2022,ID Card,8893679,2029-10-15,True
be40db9a-b1a8-4762-8356-a1649893ac19,2023,Health Card,7198148,2035-09-11,True
32043ea6-8900-4a4e-8be3-dfac5a13fbcb,2024,Health Card,3427627,2033-02-15,True
b10a70e3-d118-45b2-b9d4-dfacb3afca53,2025,Passport,4183598,2030-01-05,True
9c5974a5-6ede-43f6-b64c-44e3d0da408a,2026,ID Card,1992044,2031-07-08,True
6d57aa8d-459b-485d-9e48-5920e3aa1fd6,2027,Passport,1798155,2027-11-06,True
de0a2e96-c48a-4e8b-b1d4-a413d2efd0e5,2028,Passport,9676834,2031-12-19,True
94861ef2-220f-4b7b-8512-70f3937f4d66,2029,Passport,8723748,2027-03-29,True
42d1a44a-9031-4477-8b2c-4e8951c065a2,2030,Health Card,3311736,2029-02-09,True
367e24bb-c9d7-48a3-a040-8bd85d7406a7,2031,Health Card,8447686,2028-06-24,True
cf5c3366-c16b-4f24-93aa-76074712f45c,2032,Health Card,7631200,2029-02-19,True
c3bb97ad-6405-475d-941f-f993aabde961,2033,ID Card,1149311,2034-10-03,True
85683aae-ec54-4a02-938d-c43c4cf59e68,2034,Health Card,1428259,2029-08-07,True
5ecbc962-eaaf-4abe-903e-93d9c2636842,2035,ID Card,4425643,2028-10-13,True
234928d2-c668-429f-b3e6-37bddc4f5468,2036,ID Card,1240213,2032-10-21,True
d24c0e89-7bbe-4216-8ae8-cd0548072bfe,2037,Health Card,4397734,2028-01-28,True
2ded48c9-6b6f-4167-9781-0859e5125e76,2038,ID Card,5222671,2035-09-13,True
ed53f6c9-77fc-4dba-9090-dfffe30fb125,2039,Health Card,4053311,2029-12-23,True
2c895253-7ad6-4d13-9815-f7023a324b2d,2040,Health Card,2672882,2035-09-07,True
fc1f705e-a728-4e47-9277-1404c2442a9f,2041,Passport,8790091,2029-08-10,True
4e014378-1a2e-4295-b708-3c244c55afd4,2042,Health Card,8222821,2033-05-09,True
fce3181c-2c12-4807-b5ba-8fe9419c9b6a,2043,Health Card,3604973,2035-08-14,True
7d81143b-eca1-440d-b700-6382d290abb1,2044,Health Card,2836598,2035-12-27,True
7ee1d365-b75e-40a6-b0aa-7d420eb978bf,2045,Passport,1547917,2027-03-14,True
bf712c70-2e58-4167-859d-d3cc48e4b616,2046,Health Card,5348845,2030-03-09,True
8933d566-b10d-4d6b-bd96-e65ea49c1f6f,2047,ID Card,4244507,2027-06-01,True
30d52a4a-8835-47df-8af7-e5c796898a58,2048,Health Card,2266725,2028-02-01,True
0594ad10-4ac1-48c1-ba23-89813ec49fa7,2049,Health Card,5179224,2031-07-24,True
77aebef8-60c0-4b67-9da7-481ef0f00a01,2050,Passport,5062039,2030-04-30,True
dab355e4-d619-45ba-9508-96d6bf004914,2051,ID Card,6053546,2033-01-01,True
9391dfae-4b8b-49df-8d6d-4100ed2e18a6,2052,ID Card,6048797,2035-03-20,True
2aa405da-4493-431e-9069-e288d566b7a1,2053,Passport,7834003,2033-04-17,True
86a6f892-d571-4748-8bef-51d45772f417,2054,ID Card,8436580,2031-03-08,True
96280f08-c592-4283-bc1f-220703d88354,2055,Health Card,3016994,2032-07-17,True
1af9292b-c18f-44ab-a88c-65584a629ea0,2056,Health Card,7035735,2035-05-18,True
6409e39b-0db0-4a97-99db-6120ede5d156,2057,Passport,7470313,2028-06-08,True
f8c4ff68-65a8-40f0-800f-23919fe62b4d,2058,ID Card,2991290,2034-03-01,True
ac19d318-1c12-4caa-b4e0-d0159c13a52b,2059,Health Card,6344244,2029-05-26,True
32e796d3-4689-4426-8f23-5c1e7de89623,2060,ID Card,7889008,2032-06-17,True
263fe67d-8d65-4d0e-bd7a-66b6c6dc7c1b,2061,ID Card,6966155,2029-08-09,True
897d52c2-3b1e-434b-8dd1-75e877a14655,2062,Health Card,4299107,2034-02-26,True
fa60d9be-b9b4-47e7-a8d3-c9f5d591d9dd,2063,Passport,6630889,2033-04-02,True
c772b4bc-2446-4be0-b9cf-bff8e767e34b,2064,Passport,2188539,2033-01-11,True
8e4eec1c-5961-4eef-8f34-793a113363d6,2065,ID Card,8615098,2032-03-31,True
7892f1ac-a88e-4587-85ba-1a2113e3c242,2066,Passport,6346365,2027-12-30,True
87d8fc3b-8cc4-4a34-a9e7-78217205bbb3,2067,Health Card,9509334,2031-08-09,True
3f836ec7-336c-4a16-a0b0-a791b45937bd,2068,Health Card,7188992,2035-05-24,True
14603f67-f8c9-47d8-8bd3-49e56f13c46d,2069,ID Card,3533176,2033-03-11,True
8c2ee2b0-3cf1-44cb-ab5b-ae680afbfe8a,2070,Health Card,8462814,2035-12-09,True
562be35c-1a9d-4d18-9955-80738c5c4aae,2071,Health Card,3490634,2032-06-13,True
515846c2-5de5-4dc1-94fb-28a005a9ea0e,2072,ID Card,3877137,2034-03-06,True
c0766fdd-79f9-4b5d-9edf-205b5479c213,2073,Passport,4430914,2027-07-01,True
b4655b99-3b26-4bd5-b5bb-f67110f97819,2074,Passport,9242817,2029-11-23,True
5329ec15-4492-4def-bb2d-2abb31f96cce,2075,ID Card,6927908,2030-04-29,True
a9efca45-6429-4ff4-a559-7716f6aac52f,2076,ID Card,6648012,2031-08-22,True
dc36a26d-b0aa-483e-a217-a4924465ba73,2077,Health Card,3436325,2030-09-28,True
3a4ee3ef-17ea-4f61-994a-b00855d88a86,2078,ID Card,6274160,2030-01-09,True
077639e9-5848-4139-8af7-8655eea31387,2079,Health Card,8352018,2029-04-24,True
059b7d5c-aeba-495e-96d6-455b15c24690,2080,ID Card,1295288,2030-10-14,True
29a07cef-68d6-40b5-b13b-20b758aff0b1,2081,Health Card,6709970,2029-04-02,True
cd9f7180-d4b0-467d-9a94-8419ad0fea38,2082,Health Card,4945708,2028-05-01,True
aa822c52-8f0c-47b5-8763-60e22c433303,2083,Health Card,8487902,2032-07-03,True
30b52968-d00f-4818-a9f3-cb370c0e6e3a,2084,Health Card,9615592,2031-07-09,True
c33c6a5e-0805-4436-8ef8-449012c97520,2085,Health Card,9472512,2030-03-10,True
2e3429ec-ed6c-4122-9f5e-d14cf87eef6d,2086,Passport,2998267,2028-12-03,True
2ecfa898-a4e6-4569-aefb-4d8e682168a2,2087,ID Card,3555846,2031-08-24,True
b41d3596-3dd7-4e3e-b231-2fc065b486b0,2088,ID Card,7162222,2028-11-23,True
b7d6b489-a8f7-442d-814a-7afe7c36431e,2089,ID Card,3232138,2030-07-22,True
01ff800f-6e94-4b3f-a80a-41cfc33c4eed,2090,ID Card,4711673,2027-06-14,True
9f5775e0-53cc-4504-b54a-bec6fd9cf948,2091,Passport,7350703,2035-05-19,True
d32e077c-2af7-45e8-a9bc-82cc3f2ff592,2092,ID Card,7639431,2032-12-29,True
93292897-3b32-48ca-8530-60e6ff5fb60e,2093,Passport,9881826,2032-09-22,True
cd4c465c-0ed0-42bd-a5f4-555d6e429bfa,2094,Health Card,9257355,2027-05-12,True
0bf05943-866e-474c-a352-212285d63747,2095,ID Card,4864791,2036-01-08,True
0d4bd1ff-6f84-4bcb-84b3-e386994eef48,2096,Health Card,2482209,2033-09-09,True
0f2c2610-e65c-449e-8a12-03be6f022e1b,2097,Passport,6934578,2030-01-19,True
7670e45c-cd73-4c25-9d82-cae1c2688429,2098,Passport,1591014,2035-07-18,True
3f2ba075-ed77-4246-9e08-549f3d6dbf57,2099,Health Card,9418315,2031-03-08,True
a5db186a-6503-4d45-91eb-02ae0e67211e,2100,ID Card,4713420,2028-01-17,True
c498fd8c-db20-42e4-bd9e-bd307338c0e6,2101,ID Card,9708918,2033-01-03,True
7cee26fb-1739-448b-94ca-e1318b8ef6a0,2102,ID Card,2152888,2029-01-02,True
ce5aafaa-f923-4e91-8029-4d37c633d95c,2103,Passport,7995977,2031-11-14,True
2442a95b-d818-49a9-babc-aed053384dcf,2104,Passport,7607439,2033-12-03,True
f4af93e1-03ec-4081-9e34-635df38793a0,2105,ID Card,4131404,2033-08-17,True
6c68b9d6-2035-477c-afe3-70abc5348981,2106,Passport,6114057,2032-10-29,True
3d28bd58-3f0f-4873-a6c9-a2c9cfce7c31,2107,ID Card,8118069,2028-09-13,True
fcc0e1bc-70a4-4554-a57b-1201d297ab03,2108,ID Card,7850806,2027-07-26,True
d67f714d-0b8b-45c8-84d0-7f83e3573305,2109,ID Card,9400072,2035-06-02,True
91ee046a-0284-4552-96d1-e60367bece70,2110,Health Card,3224313,2034-03-20,True
fc56d9af-d9ba-43b6-8425-968098aa5086,2111,ID Card,5997856,2027-08-22,True
4585fd01-7f60-4bde-9a0a-78f307e32db5,2112,ID Card,7385181,2033-02-01,True
1864724e-c121-49f1-821e-e38b96b4ba05,2113,Health Card,6645402,2033-05-18,True
2316f0a7-0309-4e7e-955c-fcf14fee4821,2114,ID Card,8044684,2027-06-06,True
8e668a4d-f265-4543-b1b2-06fdf22872a7,2115,ID Card,9102843,2031-07-10,True
3571f279-373e-4802-bca6-e5ed040d5475,2116,ID Card,6768553,2033-01-05,True
7e255a09-967b-42a8-a902-83b69ff2a779,2117,Health Card,3343065,2032-04-30,True
0cf4fb44-8fde-440c-8f0c-59dbad86cbe4,2118,ID Card,5248550,2030-07-05,True
fa443b18-a0da-4864-b2f7-98f6abcdda14,2119,ID Card,3318647,2032-03-25,True
e5d4930d-a952-480f-8b4f-42c24081e2e2,2120,Passport,7913695,2028-09-09,True
0dde9063-c6b4-4b45-a912-6da6974bc488,2121,ID Card,4622149,2033-06-08,True
bfbdd80f-b5dc-4015-ab39-0c7894cc8e70,2122,Passport,5202163,2032-07-11,True
974a016a-d6d7-4406-a456-23472e59c985,2123,Passport,7583347,2027-03-01,True
ee126263-6d98-4245-9433-98e0cb132f55,2124,Passport,2963298,2031-04-12,True
d0bb4c5e-2db2-4159-9f7c-e3b1b9b35283,2125,Passport,8828206,2034-06-30,True
9a03fb32-b0a0-459a-adb2-3413915b0822,2126,ID Card,1094557,2032-12-18,True
d0b7f7e4-56aa-4a0d-8625-b66bb7f7e567,2127,ID Card,9417644,2032-10-16,True
3542b1c9-fd87-4a5b-a057-06ad85bf6394,2128,Health Card,1372267,2030-05-29,True
7222e5f3-44d6-4f4b-b199-f6c1aa665349,2129,Health Card,8597598,2027-10-28,True
0398aea7-cf0d-41c3-ba05-1490d2526649,2130,Health Card,4716002,2030-11-14,True
7f44ea40-930b-46ff-bd0b-d06a56bc186c,2131,Passport,8401928,2035-06-12,True
2285ad24-4eac-419f-8c7c-5509c972e48b,2132,ID Card,1871180,2034-12-02,True
f5e60152-4fbd-4647-b32f-1187ddc5be8b,2133,Passport,8752361,2032-09-23,True
25ad9cdf-3e4e-4332-9ac3-908d6d7f997b,2134,Passport,4830614,2034-04-25,True
fe75af4d-6a8d-476e-9115-67b5730a7872,2135,ID Card,7931212,2031-12-12,True
83ecedf7-e572-4f45-836e-18901baa7a8b,2136,ID Card,2792681,2028-10-30,True
e4547e85-4b4e-4a7a-953f-b39db9fdbafb,2137,ID Card,9709830,2034-02-13,True
159983eb-47a8-4d67-aee5-349122f618e8,2138,ID Card,3827163,2030-12-01,True
6fa7f05e-b3e4-44dd-8eae-fc9df6828db7,2139,ID Card,6397441,2035-03-05,True
f895cfc4-8528-418d-9fe0-5cb3d4864a9b,2140,ID Card,3228476,2034-02-01,True
84358008-93f2-4552-865a-596f14d7cb3a,2141,ID Card,8733776,2027-02-08,True
2c7515ef-2073-48aa-af4e-251245e9cc47,2142,Health Card,2469052,2031-06-04,True
d2d3f841-7dfc-46eb-85c1-8b17e068d045,2143,Passport,1898104,2035-02-22,True
113a8776-be04-4fae-828b-486199b9af8d,2144,Passport,1987571,2029-11-07,True
577f8060-a255-4b1b-b7a1-0713eb9c44ee,2145,ID Card,5746827,2032-01-25,True
3b404c56-0c4f-4bb1-81ee-e9656baf3b38,2146,Health Card,4781796,2032-09-15,True
c6d275ac-b81e-46fd-ad42-35c45adba1df,2147,Passport,3440495,2035-07-26,True
3c09c9a4-e4b9-42a0-b1ac-e801e54f7397,2148,ID Card,6090563,2034-05-20,True
c46d2507-2a4a-4d93-bb38-c812e4b2e0d5,2149,ID Card,2812499,2034-04-10,True
46eedfd0-42bb-4ad8-9b8e-a907667dfa63,2150,Health Card,8802708,2035-07-12,True
25d64d0c-cd60-471f-a67d-7a73f06ef4a6,2151,Passport,2821218,2034-02-10,True
03dd0bc9-bf93-4598-ab26-55a94befd3df,2152,Health Card,4221531,2028-12-18,True
3974d43d-57db-47d1-a98b-6d258ac09ef4,2153,ID Card,1047706,2033-10-16,True
695efaca-8a51-48cd-90ab-2dae6ebfda14,2154,Passport,3483851,2034-08-09,True
f67a59ac-f778-4adc-9f1d-52f2a148a449,2155,Passport,6411757,2033-09-16,True
bd059f33-837e-46dc-a37c-1c94834c266d,2156,ID Card,7906989,2031-06-06,True
6f866bbb-ecb8-4d8d-a5ab-c004e6a8c4b6,2157,Health Card,1285739,2035-05-10,True
748b4ab3-1947-4e59-97d0-2ef8f0a41fe8,2158,Passport,6426690,2035-02-11,True
a88aac60-0e14-428d-9e39-01fddcf65d6b,2159,Health Card,1308059,2029-09-23,True
4d6f2588-3e02-408d-8943-996728a7a3cc,2160,Health Card,2107980,2031-07-01,True
5f7cf34c-0a69-4b38-952f-73dace350cf8,2161,Health Card,3766010,2029-08-14,True
09fa4472-40cc-4d34-aa11-ddc2dda9a0ab,2162,ID Card,9378835,2034-11-28,True
6bd82156-6e9f-4d81-9321-dfd452094837,2163,Passport,7383773,2027-02-01,True
37aead27-d2de-4364-940b-1f0156b36062,2164,ID Card,4814014,2029-11-13,True
0f90c15e-09b5-4267-9f21-df0b635419d4,2165,Passport,6777583,2033-03-02,True
3a4c0078-1a4d-481b-b5e9-b4b6208a91d1,2166,ID Card,4079779,2028-05-09,True
2548381a-dac2-4d4a-a02b-45f2c7587d7a,2167,Passport,5383714,2031-04-02,True
8311c319-d849-4275-b123-50f4946bc4a7,2168,Health Card,1193767,2035-11-13,True
14d9bb52-caaa-4668-815c-af32e90dc690,2169,Passport,5974345,2028-09-14,True
ba77acb8-b655-441d-ac9c-3dae42431296,2170,Health Card,8044218,2030-01-21,True
faf06c1b-8216-41e4-bfbe-e2750e4c509f,2171,ID Card,9064620,2033-06-08,True
398d2990-1fe2-456b-aa9b-8d1e1f235103,2172,Health Card,4137326,2029-05-08,True
ed96f617-2071-4f23-a6c9-c0b423410cac,2173,ID Card,5077439,2029-01-11,True
a940f01a-6e05-4618-8381-7b455f94223a,2174,ID Card,2572488,2035-11-04,True
56a2e60c-af6c-4f3c-9f67-9c4100a27d0d,2175,Health Card,3150161,2028-08-04,True
806fa842-0744-4ad8-819a-f45b22a0fed4,2176,ID Card,5973937,2031-07-10,True
a3b721df-50fe-4f06-b0c7-1492f170ffc2,2177,Health Card,7908777,2034-02-08,True
da57ca5f-d5ab-4aad-a291-1ddeaf7a0565,2178,ID Card,6925543,2032-05-13,True
8deed7d2-12e5-48e1-8d7d-e94d94587e53,2179,Health Card,9742013,2033-03-15,True
1918bf86-7abb-4f85-b5a0-4484bd06ced2,2180,Passport,2958517,2029-04-10,True
32747cdf-caec-47c6-8b02-6b9a332f2542,2181,Passport,7785688,2032-03-14,True
698bad18-894a-4f36-93fa-7ee0ee88bb40,2182,Health Card,7712806,2029-02-05,True
ef158acf-b82d-4ade-8189-f05a45cb009e,2183,Passport,1689914,2033-11-08,True
7640768f-3363-4cb3-b5d6-f6bffac0673f,2184,ID Card,3495277,2027-12-18,True
2cbcb948-f04a-4094-9c7b-2fd7150baf51,2185,ID Card,1751818,2029-12-18,True
ce98a6ba-9e39-40e6-84a5-feb233c3fba5,2186,Passport,8508048,2030-08-21,True
c9c1b761-3eed-4946-b542-1ea38880e660,2187,Passport,2005290,2034-08-23,True
967547b6-6ab2-45c4-9292-abe31e43d678,2188,Passport,1809891,2031-12-10,True
9d43f036-cceb-474f-9a1b-df2c694236a0,2189,ID Card,6191409,2028-05-11,True
2af2e849-8f7e-4215-9e3d-fab64dcc545d,2190,ID Card,5117772,2031-12-24,True
790cb01e-ad7f-44da-ba90-a820ceb84b5d,2191,ID Card,6237497,2028-01-09,True
c003a6bb-e017-4676-95ed-8002a9fcb933,2192,ID Card,7419840,2028-08-12,True
b5af732f-ef60-4526-826b-a6a9efe2e53f,2193,Health Card,9310388,2034-10-24,True
e7c3e040-d3c6-482b-be88-72da2771916a,2194,Health Card,9788710,2036-01-02,True
f083737f-399c-4e13-ad53-2e7b05c03ca2,2195,ID Card,2144695,2032-10-16,True
6073203d-4576-4949-8203-f49a651ed4c2,2196,Passport,4833754,2032-03-14,True
f2e7b0ec-5df3-4498-b962-ee71b5f6289b,2197,Passport,1962385,2034-02-02,True
38afafee-04b3-4970-955d-3e6e083d2165,2198,Health Card,8477630,2035-03-02,True
db90bd10-0668-4aa8-aa99-57ea51825fcb,2199,Health Card,8744701,2035-04-04,True
1819104e-9499-4795-8ab1-51c4bdb4f265,2200,Health Card,2639853,2028-06-10,True
e190ecaa-004e-4eac-8696-0336e07049e2,2201,ID Card,1813310,2030-08-16,True
3ec7380d-f86d-4a90-bddf-786561f14a7b,2202,ID Card,2306388,2034-11-19,True
c767b9d3-5b3d-4c0b-8a2e-d6cb7bf5fa1c,2203,Health Card,6016976,2030-05-13,True
6f9ed741-ec04-4f44-b654-0de6ee50e61e,2204,ID Card,4576614,2034-08-21,True
b00f9b21-a181-4e6e-91c1-b01d2adbeef1,2205,Passport,7728777,2035-12-21,True
697c11a6-b675-4fd3-bbc1-cbe62b32c61a,2206,Health Card,1640087,2027-12-11,True
f1e93b99-fb15-4695-966a-5e47be66ee5d,2207,Passport,2211845,2034-11-03,True
5420ffe4-b4be-497f-9e4b-e4460a408cc6,2208,Passport,1412406,2028-09-01,True
d7655832-17c9-4d2e-b239-bc497b651337,2209,Health Card,5279709,2033-01-23,True
565b641b-9b6c-4933-b960-51c70e48ae2a,2210,Passport,4984081,2031-08-10,True
d1f31c31-bd83-4a7b-ab4e-65ed279e1042,2211,Health Card,3148635,2032-07-27,True
940f43c0-42e2-40c3-8077-6b346fe31a2c,2212,Passport,8360749,2031-12-03,True
c989878d-5636-4c53-b80e-6e3707233171,2213,Health Card,1282731,2030-09-13,True
7b1002bf-994c-4541-938d-0517267bcedb,2214,Health Card,9710272,2029-01-19,True
399e898e-c600-49aa-b462-1c13bf5b51d6,2215,Health Card,2843207,2030-08-27,True
f2f01dfe-be1d-443f-95bf-de5978495871,2216,ID Card,7353406,2028-03-09,True
76af441c-4417-42ff-aa63-57d016f382e8,2217,Health Card,3631693,2027-11-07,True
b6c9332d-24b5-4d9c-b475-528f9b42f600,2218,Passport,5823766,2035-11-16,True
414cf908-4c6d-48ad-ab34-11816422b141,2219,Passport,4940590,2029-01-21,True
879cfd93-c12d-4efc-b4d5-4c7dc0c8de04,2220,Passport,9159247,2029-11-11,True
ad307b71-0c72-4a37-a5e6-6dc44388f678,2221,ID Card,9286249,2035-08-09,True
ce7887cf-6460-433b-8a34-777c576e5eb6,2222,ID Card,9186053,2035-09-28,True
45bea150-c60b-4404-81c3-15e438afbd03,2223,ID Card,2295418,2032-03-28,True
5e017c2f-3729-4bc0-a93a-4e253b6542c3,2224,ID Card,1142626,2030-05-25,True
bdb8dde8-067e-4e34-a336-ab5427e3c551,2225,Passport,8449724,2029-05-17,True
bf49c179-eb4d-423c-b5c7-33f41eced176,2226,Health Card,4372878,2028-03-04,True
06461a04-bd67-4b45-811a-02766a933681,2227,Passport,2416906,2034-07-06,True
e65b6561-787f-4c03-aef2-c3c09a5c6926,2228,Health Card,7675503,2034-03-29,True
09691600-d7ce-4942-bf4d-af90aff27cd2,2229,Health Card,7292658,2029-06-11,True
56cc09dd-9cc7-4597-b703-a6d14bd51149,2230,Passport,2043877,2027-02-05,True
0418ffe7-8f8d-4370-8492-7af75ab1aad4,2231,ID Card,1340208,2029-04-04,True
643577db-f0c8-4067-9f0d-bdf3998fcba4,2232,ID Card,6845068,2035-09-14,True
1e96451c-e8b6-4291-ba0d-75772f587bd9,2233,Passport,6724595,2035-10-15,True
7493f54b-e2a9-42a1-af16-7ac03b4241e6,2234,Health Card,5452061,2031-01-28,True
07f9f157-e79f-418b-b130-1cd7eaa2f697,2235,ID Card,2066687,2030-01-12,True
49c6d08a-c70c-41c1-be84-b5c998bf5337,2236,Passport,9964745,2035-02-13,True
c60a61c1-7213-483c-a859-07de02d6b1e1,2237,Passport,5761849,2035-05-06,True
08043430-cb4f-42f9-bba3-3cb0adf4b173,2238,Health Card,6769570,2028-04-11,True
3f532a75-0b7d-4c89-8ef6-8dd28303e80b,2239,ID Card,7009205,2035-11-03,True
ad28c4b8-5e8e-4a4c-a510-854724c8b68b,2240,Passport,7650306,2030-12-28,True
cd3a6da3-3e70-4f4c-a273-c515ac072c10,2241,Health Card,4739534,2030-08-29,True
d94795f0-7218-4fc6-97c0-667ab68ed91a,2242,Health Card,1362518,2030-01-08,True
367ba8fc-5443-441b-94fb-150bd5210fe3,2243,Health Card,8207513,2027-07-16,True
4e86023e-b40b-4d06-b115-1062ae289574,2244,Passport,5348611,2027-05-20,True
09c60907-c80a-475b-b3bf-8def301e08c1,2245,Passport,8387424,2035-09-12,True
f74b8a9e-2af1-4390-b308-d051b580a3a7,2246,ID Card,4151956,2033-07-28,True
d8478541-5657-4031-ae3b-8249498b5543,2247,Passport,7258767,2031-06-05,True
0a0e963c-5062-49ab-82fe-b49810aa2969,2248,Health Card,4946019,2032-09-03,True
8c2fc5ef-d7e5-4737-86f4-c6b2528ef412,2249,Health Card,8165912,2028-04-15,True
b7b093e0-e9c7-44ff-a05b-c816fc516260,2250,Passport,2534195,2032-02-19,True
6b75e7bd-5484-45e9-bd13-7075ff565057,2251,Health Card,9352897,2034-06-15,True
f542fc59-799e-4271-a14c-e096c91c7efe,2252,Passport,4340392,2034-10-15,True
16043281-7c7b-4a9a-9297-03fbac307480,2253,Health Card,9768081,2029-04-08,True
4bf9fd1a-6725-435f-a842-013e00970f91,2254,ID Card,5463602,2028-04-05,True
e66fd3ed-23ab-4a73-bcbf-8db8e6a6c72b,2255,ID Card,3922318,2034-10-07,True
b4d15a22-e0a9-4103-8e09-3c612e69a11a,2256,Passport,2700737,2035-10-06,True
edd655f4-902b-45ef-ade3-5512ed56c3f9,2257,Health Card,6624993,2029-07-14,True
1fd612f6-408d-41ae-93e9-22a0648a2dd1,2258,Health Card,5151697,2029-07-24,True
8a05d07c-6f8b-43c3-b9c9-70828016f608,2259,ID Card,3469555,2030-03-18,True
7ab2fa9a-abc8-464d-b962-26084e056b9c,2260,Passport,3267338,2029-01-13,True
9b6ce9b1-5b16-4ae9-9681-406748d4e625,2261,Passport,1872918,2029-08-23,True
82f69ef8-93af-4269-8cfe-f94dfdc1b85b,2262,Health Card,3150868,2035-02-26,True
99b8e4f9-d757-4e1a-ade8-23b6eda31c30,2263,Health Card,2890850,2030-10-05,True
39a86d72-db66-4c6c-8863-809b72c998dc,2264,ID Card,1881215,2028-06-23,True
1a632dbb-3eef-46c5-90fd-4973e3c64689,2265,Passport,4518010,2032-08-14,True
c3403d96-9845-4c91-96c7-178f9bedde98,2266,Passport,8849309,2031-09-20,True
619521c0-e0b9-42a2-a687-fdf265f66816,2267,Health Card,3941003,2031-06-10,True
68b1eb00-0643-4a75-b687-87dc6f716f01,2268,Health Card,9444327,2033-06-02,True
7888d52f-f66a-4171-a491-b243c2da8490,2269,Health Card,2480987,2035-08-25,True
39f8825e-0697-41fd-a857-3af8758093fa,2270,Health Card,6554343,2035-02-20,True
b998ae19-115e-43fb-835e-fb1b77b05b72,2271,ID Card,3794133,2031-04-18,True
35403288-833b-4e75-91f1-c922b5c7e0bb,2272,ID Card,7709069,2033-06-03,True
def3f5bd-a3ec-400a-925d-052d3f62afe3,2273,Health Card,1958014,2030-10-26,True
3293818e-69e7-4ebf-a119-fd9dda1f733a,2274,ID Card,1876405,2029-12-24,True
3ce97e33-1f9f-4349-84c8-93fffed02d87,2275,Health Card,4988094,2028-01-20,True
46f5ac49-e592-4a6d-9c8f-5b2a82621cd8,2276,ID Card,8631987,2030-07-22,True
47a1fb45-72ec-49eb-93b8-31a2027d27f7,2277,Health Card,9939675,2029-02-03,True
31dcb1ae-1e82-471c-8462-f434f6b92c2f,2278,ID Card,4778585,2030-04-19,True
df74a9ba-ae78-4ffc-aff7-b66cfeb57b3a,2279,Health Card,9493862,2027-08-20,True
995f668b-289d-4a68-b485-413e8116de99,2280,Passport,6773898,2028-05-03,True
fdc946e3-37e5-4162-b92e-9d58ee208659,2281,ID Card,5440065,2030-09-29,True
1e20b8a9-7048-494e-9fd1-4f597e32f9b8,2282,Health Card,2415752,2034-02-17,True
d8549f96-ad18-4b70-9b3c-799f03590c1b,2283,Health Card,8560944,2030-07-17,True
5805fa5f-c897-4ccc-b544-5deaf3da24ab,2284,Passport,3461051,2027-06-22,True
7321b21a-118d-4fe1-ae0a-6f118cc19158,2285,Passport,8235792,2027-03-28,True
904eae8f-6693-4d56-bb87-d2f8618dbb5f,2286,Health Card,3596504,2031-09-05,True
4ffe6374-c8c0-4656-b6ef-a32a93ad38c1,2287,Health Card,7488776,2031-09-12,True
d6dcea2e-1afe-415a-a1c0-15573cca837e,2288,ID Card,5546930,2027-11-23,True
ebcb307f-b98e-416b-9744-f91127b165a2,2289,Health Card,7247204,2035-05-05,True
2c6e8ffa-7a04-4cd1-8242-2be9f9674b26,2290,Health Card,4708660,2034-04-26,True
4b8e58f8-b707-4200-82f9-fb0c58b0574b,2291,ID Card,5702797,2031-08-28,True
7e243a14-afcc-4220-b091-9f731cd495d1,2292,ID Card,1793513,2033-08-07,True
d6eeacac-32ca-4fd3-972d-b865c65ae4f9,2293,Passport,6708830,2027-03-26,True
98c1c2df-dd47-4e65-9cde-9f4cf3cd9fcf,2294,Passport,3777700,2033-02-22,True
f1bca291-7a50-415a-9e3a-df7cd93a8c22,2295,Health Card,7534985,2030-06-21,True
844bb0ab-83b5-49c3-83c5-9ee992b78a5a,2296,Passport,9886345,2033-05-10,True
30980b62-43aa-49dd-95ae-bb052d1f1089,2297,Health Card,4195374,2032-07-12,True
6d435502-1dc8-4cc4-86c9-cdceea8c5447,2298,ID Card,6078773,2028-03-30,True
62e0f182-7493-4dec-b72c-87a95d17385f,2299,ID Card,3011433,2034-09-09,True
6783e8f5-b8ca-462e-8919-2e1e54d0eb2d,2300,Passport,5821126,2034-04-16,True
ead926c4-aa13-4e35-b555-0e55003de73c,2301,Health Card,3512572,2033-04-03,True
d5dc6c4c-1380-4f31-a166-914528f5e141,2302,Passport,5941869,2027-08-12,True
11a3c1ee-d96f-4538-a37f-8d7fb8eb36e5,2303,ID Card,2223264,2031-01-09,True
184af6f6-540e-4dd6-bb1a-4f6d974ad437,2304,Passport,5692373,2035-07-22,True
4f013165-74f9-40fb-8a11-f38666675e8f,2305,ID Card,6386202,2033-08-23,True
532f53b2-0479-4654-b3eb-0a354af61b9e,2306,ID Card,1166657,2028-12-19,True
89a810b5-e371-4435-810d-157cbfe212d2,2307,ID Card,2877709,2032-01-13,True
2ffaa175-7e6c-485c-83e6-20a19c409199,2308,Health Card,8411474,2031-11-19,True
7cfe59c0-f224-4273-84fb-10e2e9b8abaf,2309,ID Card,5308466,2028-10-24,True
1dc04e29-71be-4170-8b20-12458e919b41,2310,Health Card,4653064,2028-03-28,True
9f7141ca-1cb1-47b5-be92-3e5e0ff73b72,2311,Passport,8385298,2027-09-20,True
2c78f453-9c9a-4549-bf2d-c61a427b77b5,2312,Passport,4778649,2034-04-21,True
868c27ef-231c-4420-9888-f6d05baca020,2313,Health Card,2119813,2033-04-12,True
a56783cd-296c-4c60-ab66-de1707717f77,2314,Passport,6657353,2033-06-17,True
e237370c-baa6-43ae-911f-2534577ec07f,2315,ID Card,8591713,2030-05-18,True
d04b75f7-2014-4357-a841-10dbe63736fe,2316,ID Card,2002460,2030-07-01,True
a3945a36-34f1-4b9c-aaae-f881c137513b,2317,Health Card,6773779,2035-09-21,True
3c99261b-4de5-4219-8b31-d1571a8c1943,2318,ID Card,6641915,2035-03-19,True
ae558d7a-291a-4d6d-80a2-5b00f91b425f,2319,Passport,8385317,2028-11-22,True
6102637c-8a47-4858-9290-e1a0c387c84b,2320,Passport,7711173,2030-09-17,True
6ac77c6a-a774-4856-be84-35925611fee2,2321,Health Card,6574294,2032-02-28,True
c109cf53-78e3-4ed8-8b12-2a659fe13c9b,2322,Passport,5959861,2035-06-15,True
abc7da83-c434-4bde-a6b0-3be7505153c6,2323,ID Card,3387391,2035-06-26,True
6c6cf385-5b6d-4a22-b5d6-4293c5cd5e57,2324,ID Card,4785417,2033-02-15,True
f372912c-a038-4b10-83ab-188b13eb90b5,2325,ID Card,6746508,2033-01-27,True
aac38443-2279-4790-947b-abe5e8d0e973,2326,ID Card,2775144,2035-01-01,True
bfb92514-9aea-4378-865a-69cb4bddb5b5,2327,ID Card,6591448,2035-08-04,True
18c711c5-2eff-48ab-9dd8-0ee2987123f7,2328,ID Card,1620030,2032-06-22,True
a17e2560-9be7-44d3-8f79-6c15eb2d48c7,2329,Health Card,9604100,2031-01-28,True
6f60bff9-6f70-48fd-9480-cc517c835e10,2330,ID Card,5626922,2027-12-04,True
8932c6c1-1381-460f-92f4-79f6b8b93b72,2331,Health Card,8001804,2033-04-03,True
05e040f0-4416-4608-b9b5-2e298ab52dca,2332,ID Card,3344817,2034-03-09,True
3750654f-553e-4242-a93d-a25fc62ec35f,2333,Health Card,6770777,2027-12-08,True
230b7749-11f0-4cd1-861a-6f4ced4072c0,2334,Passport,3703905,2027-07-31,True
8558be5a-2632-434a-8d54-e940db453cef,2335,Passport,5026540,2034-12-26,True
0e59cb5d-8481-4140-adad-96751f3c0bae,2336,Health Card,4947869,2032-11-25,True
72a2f9a5-a5c3-464f-98c1-d648dbe1db8f,2337,Passport,8750296,2032-10-10,True
5113240d-6965-4370-9f42-e9088d6b8115,2338,ID Card,6747718,2030-10-28,True
94f74ffa-ba39-4059-bb74-f2cb05876622,2339,ID Card,6620067,2028-02-07,True
6f121008-3856-466d-98ff-eff674106ae3,2340,Health Card,8207809,2034-12-31,True
91acb570-24a9-417d-a189-10be9fb6c372,2341,ID Card,1888850,2035-02-17,True
7dffffd7-9be2-4ed2-a15f-c3e8698897d5,2342,Passport,4727087,2028-11-21,True
2552b817-2cd2-4110-8f49-47095e6dcd6e,2343,Health Card,2043064,2031-12-14,True
cb92540b-b373-482c-a138-e3ed73a7e854,2344,Health Card,3358409,2035-08-12,True
ae4943ea-c133-415a-8865-f39c2293534f,2345,Health Card,5525416,2033-07-29,True
a72de691-84df-40e1-a49b-7b013dcc932e,2346,ID Card,5102049,2032-02-13,True
69d61c59-edf5-4ae4-a1f1-959ecf0fc118,2347,ID Card,7373177,2031-07-23,True
dd6caac7-2ee2-45f4-800b-b1727f210574,2348,Passport,2894526,2033-09-28,True
5e74bfe2-8c80-4cba-8a02-99b9c14fd611,2349,Passport,6884256,2033-03-20,True
93d18e1f-35e6-4afd-b475-dfbd6af133c4,2350,Health Card,7947973,2031-05-24,True
3d747b0e-f35d-4eb5-8670-baf8434a6568,2351,ID Card,4135469,2031-10-10,True
55441692-08e9-4565-9c2a-d828c79898b6,2352,Health Card,2672942,2031-01-23,True
2ff13718-5cd1-49e5-a51b-87591d812add,2353,ID Card,4115175,2033-10-16,True
6edf5cb7-8d09-4b62-88e1-48b2d4557002,2354,ID Card,5505820,2034-09-04,True
71408658-834a-43ea-a043-35249d19c943,2355,Health Card,5793500,2033-02-13,True
5753b838-c6fd-45c2-8b36-3428c7760621,2356,Passport,4850740,2035-10-30,True
028f30c9-f02c-4418-a2d2-60a77f84da7a,2357,ID Card,7624646,2027-01-31,True
18088d67-be62-42c9-8564-cb3b303219a0,2358,Passport,3503847,2032-04-26,True
def30ead-2179-4d1e-915a-e8dc4a06b03b,2359,ID Card,7526666,2035-07-09,True
788684e5-ac2d-412d-a635-82653669828a,2360,Passport,1693986,2032-09-21,True
2220f217-ae06-4f21-80a3-c3cbecde5921,2361,Health Card,1048191,2032-08-14,True
cc2fd1d3-d3d7-4302-a2e7-7a2deb004350,2362,ID Card,6910210,2034-01-21,True
5d4ea911-ef2f-4e10-aa74-5a8159e27a8c,2363,ID Card,2184560,2027-07-05,True
7c8ae118-ad4e-42d8-b968-0aaeda0523bf,2364,Passport,9485595,2028-04-12,True
a0d888fd-6f35-4bab-aeb2-92903d803fbb,2365,Health Card,1454181,2027-08-30,True
e96ccf11-32ad-4ec8-8183-bbbcf4b1b39c,2366,Passport,8478463,2031-03-07,True
637d8442-c22d-46c0-bac5-6a89d01a762d,2367,Health Card,8379754,2034-05-03,True
875bc062-d846-4132-913d-f1a3573398e8,2368,Passport,6759245,2034-05-26,True
7e516de8-675b-4275-837c-d780e28bc049,2369,Passport,2513626,2032-11-11,True
e9691d79-1a19-4ac6-86dd-03296b715b5e,2370,ID Card,4686154,2033-07-17,True
af02e375-9326-43c4-94b5-ff5bc36455be,2371,ID Card,9742052,2029-10-13,True
e288eff7-d37f-4d39-bda4-fe6fd6998eaf,2372,Passport,7918984,2031-06-03,True
bdb9ea9f-404f-426c-aadd-8d218c67de80,2373,Passport,3776829,2027-05-07,True
3ff1451c-cd48-420e-a674-fe813a2b26c0,2374,Passport,6751053,2031-03-29,True
a4d95145-4130-42fe-bafb-028387115218,2375,Passport,5246861,2027-02-02,True
e0290018-1de2-477f-8ad7-a52f98b3b9a2,2376,Passport,7475769,2028-04-15,True
ca080183-67c2-4b74-ab7f-942823c9f966,2377,Health Card,7979571,2032-02-17,True
ade0ea9a-6c13-4998-8a00-9f97a0ab1b36,2378,ID Card,5145095,2031-03-26,True
9387407f-a10a-4cf3-adc7-06bc36177876,2379,Passport,8135629,2028-11-29,True
da4b92c7-e286-494e-8332-b0456226b891,2380,ID Card,7178589,2027-12-16,True
3d091f71-ee94-4117-b0d9-f2de600d89ac,2381,Passport,1592685,2027-11-01,True
dc213ff8-df7a-441a-adc8-8b8676b808ce,2382,ID Card,7921197,2033-04-09,True
ebc052c4-2ca8-46bf-a9f6-cebb63e6f7ad,2383,ID Card,8599953,2035-07-01,True
04449456-61f9-47e9-b25d-c3a143a27837,2384,ID Card,7815452,2029-10-30,True
c99ea2a9-0967-4f36-acde-6d5678dbde1a,2385,ID Card,3234027,2028-07-30,True
28672792-4483-4938-8e77-422077f131dc,2386,Passport,2516960,2027-08-12,True
acc78e23-5729-4889-a896-1222acce6301,2387,ID Card,9853199,2034-04-17,True
fe33e249-498e-4563-b467-b941f12862a5,2388,Passport,4329646,2031-05-17,True
8a7ab1a3-d6a6-490a-abe8-c5171fc6895d,2389,Passport,5965209,2030-10-10,True
d3a8bb5f-176b-4212-98af-a8ee82a2cdcb,2390,ID Card,7470480,2028-12-22,True
bed379ca-2696-4f89-a15e-f432a903616a,2391,Passport,9017622,2029-07-12,True
f63cea68-089d-4f30-9c9b-c8c3b734a68f,2392,Health Card,8690752,2030-02-19,True
26a35f33-983a-4692-a101-8bb731bd8713,2393,ID Card,6855726,2034-07-01,True
32fb7cec-2867-4b74-a28b-947d132d0c52,2394,Passport,9915267,2027-12-25,True
54b7086f-c2a9-4057-8095-c2187741b707,2395,Passport,2465152,2033-08-04,True
8546b01f-3032-46dd-858f-0e5454148a69,2396,ID Card,5165141,2027-05-01,True
73b1b235-55ca-4133-944c-4df5e37f9ac0,2397,Passport,4300927,2031-07-30,True
ba9099a6-388a-43bb-8c76-7fb89da0cd22,2398,Health Card,5502330,2030-06-09,True
1b74f0cd-50f9-4108-a10f-25f47d59f74b,2399,ID Card,6783361,2027-03-21,True
2d0180c5-7b72-4ecd-aaf4-00ea9412c9b1,2400,Health Card,6243523,2027-03-19,True
ee686512-8bb1-4655-b1d6-1b7a6270ff6a,2401,Health Card,6113661,2027-05-14,True
54a19524-6f34-4062-8a00-1c3d9efb6129,2402,ID Card,2175317,2029-09-20,True
0a2803bd-2688-4e1d-9c7c-3869c313e4e1,2403,Passport,7777689,2028-06-07,True
aae28c7e-de24-4124-942a-0eb8b82b77d4,2404,Health Card,8479139,2027-07-19,True
c2adc12b-5bc2-425c-985e-b17ffffe5cf2,2405,Health Card,3491477,2027-11-19,True
445f883f-001b-42de-9beb-304c80c13120,2406,ID Card,4183986,2031-02-25,True
0253f971-ad72-4345-9ffa-fe926e634c02,2407,Passport,5842677,2028-06-16,True
d169fee9-214e-42f0-83ab-9ad2252623c9,2408,ID Card,2017308,2029-08-14,True
1e534437-06df-4582-b45b-b05122b0d160,2409,ID Card,9976586,2035-09-07,True
430819c2-06c3-4e17-bf86-3c595b52ebdb,2410,ID Card,1139547,2027-07-31,True
e422fd12-1c9c-41ee-a1bc-3ccd65cf4e04,2411,Health Card,9015826,2033-11-30,True
54d69d0b-08a6-47df-a50a-71ff720eabe6,2412,Passport,6315208,2029-03-06,True
1d3bade2-d96a-4893-9211-c974c4e8d13b,2413,ID Card,4664685,2028-01-25,True
4b5196a2-3a95-43cc-99e1-e500e1fe3537,2414,ID Card,1614118,2032-09-19,True
1a2098d1-d24a-47f1-8e9c-7f3db09cf27f,2415,Passport,9145345,2034-02-20,True
ecc2a398-0795-4246-94f8-c15ef434a181,2416,Passport,8613504,2032-03-12,True
88da9717-5ca4-4b16-9a6d-fc930a8ec09d,2417,Passport,8230453,2031-04-19,True
2513acec-005c-4df4-a7ee-f2739a06ca1a,2418,Passport,8189513,2033-01-01,True
41044a7b-07e2-45cd-82f2-3696e9cc085c,2419,Passport,9353610,2031-11-21,True
4fe24249-d34a-4ab5-b8a1-fc896591ef91,2420,Passport,4204526,2034-04-10,True
1e2d1164-5e26-4d34-a97b-b8476de9484a,2421,ID Card,5884850,2029-02-15,True
d26fe7e7-8f96-494c-82f0-a9d9d42bb542,2422,ID Card,6391565,2032-10-26,True
f929b749-d5e4-4d1a-9821-ab046be541c8,2423,Health Card,6327896,2034-08-01,True
a4bd83ec-b4e5-45d4-bd86-30f3cd99c2eb,2424,Health Card,3100435,2033-06-20,True
0924a5a6-1426-47b6-941e-06f4f84cd0ed,2425,ID Card,4836445,2030-03-07,True
690640d3-511f-4e31-8fcd-1848e711a6a7,2426,Passport,4073145,2029-11-23,True
e8e0160b-99d5-4032-92b7-ce3d1bfa7d31,2427,Passport,3601064,2035-01-26,True
01f93abd-e385-4c33-8cc1-36d2204289a9,2428,Passport,4923663,2027-08-02,True
3ef9db00-979c-447d-bdcb-ab3ee4b494a0,2429,ID Card,3366057,2029-08-26,True
bc87791c-e82b-479d-ad0b-847717b577b0,2430,ID Card,2396580,2032-12-02,True
3783edcd-b05d-43d5-aa8f-b3852f2e5934,2431,ID Card,5960615,2028-09-08,True
718b57d2-9dec-4249-a992-f1f5098fa8b2,2432,ID Card,2430859,2033-01-04,True
be4444d7-2380-49a3-98d4-6df2909c9eaa,2433,Passport,4500380,2028-02-28,True
766d48f7-724f-4bf4-b039-474af8f4185d,2434,Health Card,2797653,2027-04-03,True
5c63dbb9-433e-4032-a7a4-2caeff2f305b,2435,ID Card,9120656,2028-10-25,True
c994fcca-b4e3-4f1b-87b2-d213b2074b93,2436,Passport,7129432,2033-07-11,True
de02ad72-6fd7-4975-9bf8-92380572ae6f,2437,ID Card,9927026,2029-11-28,True
548ea4b8-e4d0-4d54-8479-1e91fd3e1fb1,2438,ID Card,8290938,2035-02-02,True
5fc68ee6-a31f-4782-9b06-70decc1e1f24,2439,ID Card,3733422,2027-03-05,True
2c6d3bed-450f-412d-84d0-fdfa0fa6b625,2440,Passport,8108868,2032-08-15,True
ed327cc2-7adb-429b-9566-679801faa799,2441,ID Card,3260506,2032-08-10,True
a79173e5-c226-4fe6-a7d2-ce9992c97eaf,2442,ID Card,1692797,2031-02-10,True
a630de9b-3b12-463f-9c05-54658b72dba7,2443,ID Card,3421426,2035-04-02,True
b0326e75-cc53-42cb-bd09-d7e3a410bf19,2444,Passport,4266147,2027-05-10,True
396ae844-9330-4e0a-b9d6-0b983cb28b1e,2445,Health Card,7922092,2029-10-17,True
7fc37725-e47e-4d3c-b58e-72ee733c990e,2446,Health Card,5309626,2031-04-28,True
428bbba8-c518-45f0-8d1f-4b1f042361a2,2447,Passport,5216904,2030-06-17,True
59daf3f7-9602-47e3-b840-351283abf90a,2448,ID Card,2191647,2032-04-23,True
bb3ddc9a-7841-43f1-b905-7e84031ddbe9,2449,Passport,2165563,2030-08-19,True
c1a46c9d-a5fd-4ce2-b45b-e094f14c109e,2450,ID Card,1178214,2027-07-29,True
c3ab3af7-81a0-4781-9da1-2ae2f86cf989,2451,ID Card,3845737,2030-02-06,True
b6641545-45ae-428a-8c58-44885aa32274,2452,Health Card,5444066,2032-06-27,True
86643951-5195-45b0-ae3d-5b16e11c31ab,2453,Passport,4489448,2030-10-03,True
81df59cc-eb36-4d49-ab1b-0cb9476937fb,2454,ID Card,6689821,2027-05-21,True
4debc1e6-1281-4138-8c74-05e02a522eaa,2455,ID Card,2870561,2035-09-18,True
0e24d629-7094-4202-a835-6c91aee3afa5,2456,Passport,5981914,2032-12-05,True
df53cbd7-90c5-4a92-b48f-70fd9eeb5bde,2457,Health Card,3620331,2034-03-07,True
0c0328d7-be83-459d-a803-22f6d134b264,2458,Passport,8357155,2034-08-06,True
19d54cb3-d3e8-48dc-8023-fa8b6544bc8e,2459,Passport,3637793,2032-01-30,True
e6ef9764-4833-4e9e-85db-6fd4aaa89dff,2460,ID Card,8710577,2034-02-05,True
f682ab7e-1fe4-4d96-b94d-8e15f883cb2d,2461,Health Card,9734221,2029-04-17,True
7f72d8c1-c0b5-4ad6-8694-01d3fe4c89ff,2462,Health Card,3828292,2033-04-05,True
bc34a4ac-63db-4fb9-baa9-a6b49f8d0c06,2463,Passport,9818104,2031-09-12,True
e981ec6e-16cd-417c-a204-e45f1ab23859,2464,Health Card,1792746,2033-10-25,True
647129fd-8598-482a-9dd3-aee89c468fc4,2465,Passport,8270071,2035-07-14,True
10af9afd-e048-42c6-bca9-c5b5feb29956,2466,ID Card,1373178,2032-03-16,True
8d3bc7f3-700e-40c0-acf5-4f938fc32b3e,2467,Health Card,3710028,2033-05-08,True
bbde6586-7fc7-4205-9b95-4b03a602bdea,2468,Passport,8422907,2033-08-12,True
febed5f3-68ba-4dc8-b0f8-0afb6ae1f6a0,2469,Health Card,1639253,2029-08-07,True
3e562fb9-7e0a-4948-b9e1-20d6690d60d9,2470,ID Card,8393904,2035-08-26,True
44162106-54bb-4ea8-8422-8539db04f5e0,2471,ID Card,6628588,2027-10-20,True
0444acae-87c0-4c1c-842f-6f54d488e5ef,2472,Health Card,5699313,2031-12-02,True
6e88d9ff-b118-4986-ad53-c121ebc7b819,2473,Health Card,7496372,2031-06-25,True
e5064c5a-c608-4fec-ae0e-ddbd99144001,2474,Health Card,3851082,2027-12-17,True
dc516508-a3f1-4fe3-8b9f-a894a9e9e3dd,2475,Health Card,1086507,2030-07-06,True
2809c550-d532-451f-b92f-0a9efc392a10,2476,ID Card,9992211,2028-01-21,True
3ad84ca0-5cb3-46ac-a264-bc2222762d0f,2477,ID Card,6063479,2032-05-19,True
489eea88-54ed-476b-8792-6bd1eec04a08,2478,Passport,4046251,2032-10-31,True
afa2ba3f-d063-48b7-80fe-03c064188d3d,2479,Health Card,7995720,2032-02-12,True
b2112c98-6863-4043-9cc6-92ba59c8562d,2480,Health Card,2030454,2029-12-30,True
093c6772-135b-45b9-8a03-ee69bd3ddebe,2481,ID Card,5016450,2027-10-12,True
ddb59693-c932-426f-b5de-875d0b855752,2482,ID Card,4663062,2029-01-01,True
8cef0153-c279-4563-a3a9-2c9b8dfee251,2483,Health Card,5008267,2031-07-04,True
0922c707-9862-4cfb-b729-05360af41f78,2484,Passport,4394506,2027-04-26,True
40a264c4-c33a-4872-8b9f-bad60d57c981,2485,Health Card,7948401,2035-05-20,True
c5a99d63-050a-429a-8ae4-4e24d0d9f0ef,2486,Passport,1691663,2035-04-18,True
9728f8a5-9fe4-4912-9b01-f95cdfc6ba81,2487,Health Card,5184922,2028-02-04,True
515d95c3-0664-46b0-b7b6-b4a17d55fb39,2488,Health Card,4289291,2029-05-27,True
0c4b4222-5bc3-49fd-8a2f-954f14a12be0,2489,Health Card,7128444,2027-07-04,True
88cce484-a3db-4546-8ed2-0d4dfd23c5c6,2490,ID Card,1767297,2033-03-10,True
ebff05e7-8cd8-4f6a-96bd-36f3ffb50c36,2491,ID Card,6568663,2033-02-08,True
078c3e61-8b24-4952-852f-d7fed3c8008f,2492,Health Card,5244888,2031-07-27,True
947acf58-3980-47f2-88d5-bb45e713ab4a,2493,Health Card,4919271,2030-02-08,True
344a99f4-32b0-4675-bffc-d4bd9d88fcc6,2494,Health Card,5156894,2029-09-15,True
a9721286-f31f-4e96-b501-b615ff47f2eb,2495,Passport,8110144,2034-03-28,True
00e81857-3691-4af3-b109-5d92aae4538f,2496,Passport,4398430,2035-05-14,True
bec32ba1-f082-4f9b-b7f4-c7537c703dd4,2497,ID Card,6273507,2030-11-05,True
da2d7b14-26b4-4006-b5b8-9fda0bf7dac8,2498,ID Card,2836593,2032-11-16,True
18f66f6b-89ad-4fe8-93b9-c25da6b02a2d,2499,Passport,7560486,2035-09-19,True
069aa92f-ebfe-4b57-a14e-3711fd1eb456,2500,Health Card,6578845,2032-08-02,True
0808f929-3e25-421f-89a9-5face3637e91,2501,ID Card,8904037,2028-01-01,True
ea9017bc-9579-4d45-8461-84ffcad12df4,2502,ID Card,2748466,2035-03-28,True
a763d4a8-f89d-4064-9ada-99bdd537584c,2503,Health Card,2561318,2028-03-27,True
546718d5-1404-4c91-87d7-4a4893afa861,2504,Health Card,4002523,2028-10-21,True
ae345784-fde4-4606-8f04-4f5ca559c447,2505,ID Card,7765317,2030-12-22,True
2349ad59-5d69-4d0f-af73-88fb1c835bdf,2506,Passport,1983351,2027-05-05,True
f10b7310-b188-45ec-b092-53a0f0baa8c4,2507,ID Card,8899181,2028-09-20,True
bd9ea16f-6603-4397-8ebf-9e12127b0e2d,2508,Health Card,8291264,2035-06-24,True
2d4c1981-7676-4134-a48c-b60c6133d50f,2509,Passport,3809717,2031-06-20,True
2398a15e-398e-4aac-8396-9a673baa5196,2510,Passport,4614396,2035-12-13,True
4fe243a1-3c32-465f-af56-3e3aad09c5e0,2511,Health Card,3314019,2034-03-12,True
67c3324e-7582-4b01-9a21-3ebc219a3e26,2512,ID Card,1572661,2031-05-23,True
fedfed94-e6d2-4831-aba5-7c151f98db7f,2513,Health Card,5777677,2034-07-11,True
4d5d9a31-edba-4738-9b75-311f3e848ec9,2514,Health Card,2254835,2032-02-12,True
6b401b40-5ed2-4b16-b9cb-3a62a423419e,2515,Health Card,9168927,2034-09-21,True
577d43e1-94fd-49a1-b36c-e21e242d3ee3,2516,ID Card,2911114,2035-04-29,True
67ce7bb2-98a2-491b-9a26-4a037c3036f5,2517,Passport,8222988,2032-06-13,True
0ea304b4-18ca-4bad-bcf8-159d8f070a01,2518,ID Card,4100058,2029-11-19,True
f1ca4c9c-b119-44c3-b209-f72a34df9c1c,2519,Health Card,3234616,2034-02-03,True
39a4393a-e586-4d00-8714-3efaa0b70986,2520,ID Card,1751856,2035-05-11,True
892b6827-bf03-4196-939d-ba150f21deb5,2521,Passport,8700484,2029-08-24,True
690c0712-db48-400c-95e7-89bee2771275,2522,Passport,9027099,2031-07-21,True
e7524a6a-d39f-4ddd-9b23-4c5a590a3970,2523,ID Card,4469110,2032-03-14,True
e170764b-1e0c-422a-bf94-5e9500e464a6,2524,Passport,2038843,2034-04-24,True
c5090169-e58a-4026-84c1-5662925b5f36,2525,Passport,3950907,2029-01-15,True
cd751300-6c97-4cfc-afad-127b2563f332,2526,Health Card,7408379,2032-06-25,True
6188098d-69eb-41bb-977f-81edee2f466e,2527,Passport,1213609,2032-05-30,True
1a316c41-a636-4c83-837b-46955898ea0c,2528,Passport,6367371,2030-03-22,True
6cdb7e84-2bb3-4a8a-980e-6e35ebdf381d,2529,Health Card,1397024,2034-08-27,True
df4456f5-df86-4c62-8696-7a720befa1fa,2530,Health Card,8998032,2028-06-29,True
027761e3-e6f7-44b5-b239-63b436fa290e,2531,ID Card,1122636,2028-01-01,True
2566c4b2-e46b-439d-ac45-22875de57776,2532,ID Card,9764113,2033-02-10,True
15d3472c-e0d3-4447-af39-50341c73c705,2533,ID Card,5705290,2031-09-01,True
0eb43f40-e960-4a7a-9a0a-898c4535d70f,2534,Health Card,1857171,2028-06-21,True
5d23e1c0-4907-4f2f-86c2-71aec3dc74e7,2535,ID Card,3046919,2034-05-15,True
c95d2207-f9a2-4110-b8d1-e3aec3e02918,2536,Health Card,2889347,2032-09-12,True
fecf413c-0a52-4e0a-90e6-f00d5795c7fd,2537,ID Card,7969345,2034-01-08,True
cea77883-6c98-47c2-b04e-4b696614faf7,2538,Passport,7787680,2034-05-10,True
caafbdd5-def7-419f-a2a9-954bda05db8c,2539,Passport,2950159,2028-09-02,True
6adc01ac-ec69-4e3b-a1ce-eef14867ebd0,2540,ID Card,7470898,2033-07-09,True
641aa923-2b6d-4e90-8c3e-4878ecac8812,2541,ID Card,5776998,2031-03-20,True
19319c5d-7651-4a86-a3ad-4acc66d1de94,2542,ID Card,3444425,2034-10-02,True
ee80bcab-067a-4798-b28f-e49f2be2f2b5,2543,Passport,7788071,2029-07-19,True
ebf00800-bde2-43fc-ba74-8a7529cdb458,2544,Passport,2150351,2034-01-23,True
7955026b-0812-432a-908f-ea00994bd233,2545,ID Card,6612886,2034-11-19,True
47023c57-8a54-4000-9577-2ff382a69507,2546,Health Card,7965832,2029-03-18,True
0a2ac7ab-cf7f-4e89-a004-6e4dd49f4c4b,2547,Passport,3602680,2029-10-19,True
4a693374-3f3b-49c6-b7c8-46d4be429b2f,2548,ID Card,4794754,2027-07-29,True
a0d9c824-5c57-4585-acc9-2fb86b2db3db,2549,Health Card,8351088,2033-11-12,True
0da4f700-6370-4e67-aa8c-c21f2c7577b2,2550,Passport,8860751,2029-03-21,True
bf4baf82-4ef5-4225-a3bc-f6f8647c5da3,2551,Health Card,8681493,2032-08-26,True
48e77bc8-8fc4-48ca-b85b-843ee3ed52d6,2552,Health Card,5844466,2029-12-12,True
cc749528-9cd5-412e-8c38-05f7a3cc470f,2553,Health Card,9109374,2032-07-23,True
7a5d1f8a-d4f5-42d2-89f3-9fdb121b6006,2554,Passport,3447824,2032-11-14,True
bc9fec52-b4e1-4a02-95fe-636da5276edc,2555,Health Card,3995596,2029-06-23,True
51b039a2-9cf1-4903-b15e-4faded99b143,2556,Passport,6186185,2032-10-17,True
266e78eb-c400-4195-82b2-3b5bcba3ddbe,2557,Passport,6564053,2028-09-23,True
59452a13-13bd-43f0-b5b9-39bb031de449,2558,Passport,7955073,2028-02-05,True
9f73ad77-4c32-45d2-8656-52c6ab259d99,2559,Passport,6024347,2035-05-27,True
22a0183b-4d59-4a03-b580-c03e703ec927,2560,Passport,5403809,2028-01-21,True
ab84ebc5-701d-47d9-8ad2-8160951adbaa,2561,Passport,3384170,2033-12-13,True
e77dae39-4c05-4d05-aaf7-35a507959a80,2562,Health Card,9715739,2033-09-10,True
1e624a8f-2ab6-4fe3-b3f8-0209efe654a2,2563,Passport,4595637,2027-04-05,True
c0a5e22c-0cc8-49d9-bbcf-b460f7e5cd62,2564,ID Card,4320169,2033-07-13,True
b3f930d3-3dbf-4f30-851d-be327607c650,2565,Passport,6137523,2033-03-02,True
c8cba7a0-07d3-4183-8bcc-5738f4e1f2bb,2566,ID Card,7030437,2034-08-31,True
9afcd024-e3ad-4ab9-beb9-12694f0b7f15,2567,Passport,7499839,2034-11-06,True
443f3c21-ce0e-45f9-90b2-1a28435ef233,2568,ID Card,7677520,2027-06-11,True
d3c0b023-63eb-41fe-a4fb-c6da3e995623,2569,ID Card,5640424,2032-01-24,True
84a8a12d-1f6a-458e-a303-0551dc3bebaa,2570,ID Card,2776283,2027-08-10,True
b6534965-6b98-4c33-bd68-9ea1ea4ee9a2,2571,ID Card,6029382,2030-06-01,True
4b7c1396-823b-432c-bf97-a5af51d54a47,2572,ID Card,5621842,2030-07-14,True
520b1bf5-437a-4220-b129-57df5f44e0bb,2573,ID Card,9741405,2030-09-13,True
9037222d-0f2c-408d-805a-1a09216efbcb,2574,Passport,3803567,2032-06-06,True
fd919eb2-51b2-428f-a26e-431f0a02e0cd,2575,ID Card,4682131,2035-02-20,True
462e8c7d-38f9-4980-8341-2cf82712c213,2576,Health Card,5872472,2027-10-08,True
1f2c99b5-a7f4-40c2-a963-ec591722efbe,2577,ID Card,1863045,2027-02-28,True
90e20ab0-a839-4c70-b6a2-c1e92810d9b0,2578,ID Card,6371422,2032-02-24,True
a5224ec4-388c-40e4-8cd1-ba16b508831e,2579,Health Card,8449417,2028-10-16,True
16be53fd-56a1-4592-9acb-0c98fa1daf5f,2580,Passport,8835582,2027-11-26,True
f73aa7f5-d041-43c6-b9a7-bf10daac501b,2581,Health Card,6506055,2034-03-25,True
bce40c64-80f4-4812-a3c2-3616a380588b,2582,Health Card,3700259,2031-12-09,True
07fc52cc-451f-4971-a4eb-e6c90af999c5,2583,Passport,6912132,2035-10-13,True
b303fae7-9bfc-4cf0-86d6-e20970905085,2584,ID Card,9806079,2030-12-20,True
60af0ca0-25b5-4084-87bd-5b18b77d42a2,2585,ID Card,5343903,2030-10-08,True
3ea8c7e6-0bf6-4651-827b-89aedf944449,2586,Health Card,8274076,2032-10-22,True
174d9e11-b781-4ca5-8551-5e5a03971f62,2587,Passport,4669198,2029-10-19,True
fc08832e-7174-4db9-99f8-8371d9a1e84a,2588,Health Card,3564915,2029-08-18,True
9ae204f5-6fd4-49a4-9141-a00bd3d2d4d7,2589,ID Card,6954860,2032-11-09,True
f864a72b-5741-411d-8308-908cb122aa12,2590,Health Card,9265879,2028-05-18,True
cd13e5c1-9c89-499a-8bfd-1a6f6838c37f,2591,Passport,7803265,2028-07-22,True
7a7df698-9d69-4c7a-a6e1-f9e5f3d5b4df,2592,Health Card,3603113,2031-02-27,True
a72944d3-756d-4250-9868-cefca9c8a564,2593,Health Card,7306189,2030-12-30,True
fb87ac80-0d71-48d7-b1ee-17e7291b7e34,2594,Health Card,7400143,2027-10-16,True
3332d25e-438f-4bed-8f37-d59f0529a2c4,2595,ID Card,5160976,2028-10-29,True
3a83b0fc-21ea-4b71-9b6f-382fca583fce,2596,ID Card,1443628,2028-07-18,True
6b687376-0072-472e-a142-b35567cf4021,2597,ID Card,2098322,2027-12-08,True
0120a9d3-9b0a-4a92-9a0c-09927d10c177,2598,ID Card,2376221,2031-04-16,True
43deda2f-2822-4af0-a0fa-6a7b8a3d7dec,2599,Health Card,7609544,2034-08-09,True
07a1fa2e-d0cd-4240-b7d9-e4d43357eb1c,2600,ID Card,4998696,2035-09-20,True
688b30c5-c8b3-4cc3-81f4-87401d6ca204,2601,Health Card,9854993,2031-07-18,True
f62edf69-c609-497b-81e8-fb00cdeb5c9b,2602,ID Card,6932448,2031-08-02,True
ada39514-c236-4ee6-98d0-ffce27a87dfa,2603,Health Card,2007093,2030-01-03,True
bd5d8d00-fa40-4bf7-ae0e-0ea11e9e705a,2604,Health Card,6805826,2033-01-27,True
61433dab-3426-4d80-a798-0c8891cd5866,2605,Passport,4651596,2033-08-13,True
54db28be-532c-4a6c-a047-48edd86d660f,2606,Passport,7075908,2027-10-13,True
8710da39-62cf-46c1-b280-2828a82d31f1,2607,Health Card,4302027,2035-04-05,True
1a01aa85-7392-47b2-a508-3f0f4ffd3a65,2608,ID Card,9912154,2033-11-13,True
45c2f4db-8778-4077-875b-bab18a674e56,2609,Passport,9999259,2031-03-03,True
514e3c8d-d5ed-44b9-ba53-2f701f645982,2610,ID Card,2141975,2034-08-03,True
d15cb516-1420-4486-afd3-7e0fafa18ed3,2611,Passport,5319568,2034-07-08,True
43e47b56-6752-47fa-af7a-f682eef12e0b,2612,Passport,2970324,2032-04-25,True
e621538d-7473-4ccf-af15-9f76f68b72fe,2613,ID Card,2143264,2031-12-14,True
61606018-349f-4f98-8626-3a7f40c603f2,2614,Health Card,8481834,2030-09-09,True
0e6ff1fe-4390-46d4-9f5b-04ad5edbf888,2615,Health Card,7154865,2031-06-13,True
1594a460-8b98-40cc-83b1-5eb265d1ac19,2616,Passport,4792325,2031-08-05,True
b97190dd-4204-4109-948c-affc414f24ba,2617,Passport,8445061,2029-10-17,True
6a8e4edc-a388-4688-989c-39b66b711e5d,2618,Health Card,8938495,2027-02-23,True
4c25ea87-15a1-4186-9787-998d1a6f4aea,2619,Passport,6127363,2033-11-22,True
237608cc-a762-4413-bf8e-dfa2b42f676c,2620,Passport,1038222,2027-06-04,True
3f371d46-6a6f-4d8b-a1ae-35c5f579b5f3,2621,Health Card,7167585,2035-12-03,True
73941290-5ce1-4cf9-ba38-6d6b8d6e2532,2622,Health Card,7274538,2033-01-31,True
b4046d93-1c43-4aa4-9e19-784d4de20d8c,2623,Health Card,5825624,2030-11-20,True
f016adf4-7a4d-4269-9eb9-4584f1cdac86,2624,Passport,2022419,2028-04-02,True
2bba18dc-3399-4b58-9a22-50743a25a785,2625,ID Card,4225918,2027-05-02,True
df8c290e-22ca-4c81-871e-f5066786c0c9,2626,Passport,5313030,2036-01-08,True
5cb4629d-6c64-46e0-9786-b4031322b25b,2627,Passport,8672706,2030-02-19,True
fa6bc8d7-7a24-4248-9c25-a63d7c08c2f1,2628,ID Card,2626744,2034-09-07,True
cdafb690-d2ea-489f-a4ed-3d814a13f342,2629,ID Card,8721569,2029-02-08,True
61332567-c8ea-43a1-918d-e41c69afa08b,2630,Health Card,1089468,2033-09-14,True
75eeb76c-3211-4724-8741-fef4140e6a44,2631,ID Card,1782757,2036-01-11,True
bc66dd24-8efb-4ea8-93b8-b76fe4780704,2632,Health Card,2386436,2032-03-18,True
f1d0bade-d71b-4147-b8ab-00fe6d0b7e22,2633,Health Card,1894222,2028-01-02,True
a62d418e-0ff4-4521-a23a-6669d148c234,2634,Passport,3144823,2028-02-02,True
07aca40f-066b-44ec-a37d-dc93360f91c2,2635,ID Card,3952216,2033-12-13,True
8c2b2653-b433-4e5c-ad19-5a2c0322dd83,2636,Passport,7604943,2035-01-05,True
0faf796d-dcc4-48ba-93e5-2b11931419d1,2637,Passport,7536544,2027-05-09,True
e0a80089-d4a0-4056-8ebb-decccb36a559,2638,ID Card,1682139,2028-04-03,True
646013a5-80d6-4136-bd22-f317367a9c6e,2639,Passport,1069573,2034-08-06,True
f3166150-ec11-4d62-9578-e50d36aaca38,2640,Passport,1140206,2029-12-18,True
efdbec78-d839-48be-b077-4161135f5909,2641,ID Card,2833693,2033-08-07,True
7f8df6ee-8f04-42ca-8854-dac3654a908f,2642,Passport,3001427,2027-05-21,True
de478098-903c-4fb2-89c7-a63134a0653e,2643,Health Card,9411644,2034-12-26,True
f8ce2ac6-714b-497d-a9b8-bb1e8c25df48,2644,ID Card,5532221,2033-04-23,True
726f052c-5c3e-44ce-9c2b-3b73b127c8bd,2645,Passport,6903818,2027-06-13,True
e3842c23-512c-4630-a022-c23a5e371ee6,2646,Passport,3584985,2027-04-04,True
5c11ec08-01c8-40c8-af46-ed6e31abe479,2647,Passport,6108804,2029-12-18,True
1280b6dd-dfaf-4de0-9708-6512465b721b,2648,Health Card,1629534,2034-08-11,True
75e1690f-30ee-479d-a159-35b07bdaf8a9,2649,Passport,4683574,2032-10-19,True
ec4c76a6-5db2-4a02-a69f-6671002cbc3a,2650,Health Card,8103715,2031-12-19,True
4feabe36-859f-4d2e-a293-0d9cd9e5278c,2651,ID Card,6246538,2035-02-09,True
51d9f3b2-692b-4536-8f51-615a34a01b60,2652,Health Card,8793683,2034-06-22,True
2c82c877-4753-4041-adaa-b6932fc238d2,2653,Health Card,6826454,2032-04-24,True
95895d0f-3b65-4154-aa80-3b7b5f4a7efd,2654,Health Card,4395047,2029-09-30,True
8216557a-203c-467e-8606-e6befdfd3022,2655,ID Card,5031836,2028-03-03,True
211edfc2-3c80-4921-88ef-d44fb518be7d,2656,Passport,7710700,2027-10-15,True
56810c9d-6f52-42c9-96e4-3c530db418b3,2657,ID Card,7390008,2032-08-19,True
f9cb004f-74bc-4770-b7ae-351902ba590b,2658,Passport,4848723,2032-02-24,True
084c0e6a-1eb7-4c4a-894f-c9f0ce4e0560,2659,ID Card,5738621,2030-04-04,True
613c0d59-ec18-4ab8-9b4d-c486d066b7d0,2660,ID Card,8468231,2035-02-11,True
3f2b8fe2-8658-42fc-b317-b2ef6f396061,2661,Health Card,7947446,2033-09-06,True
6ae8e865-9f08-4abd-b9c1-4e0b43977fe9,2662,ID Card,8910156,2035-07-27,True
d6e19732-cc3a-4739-96d5-438ddade2f6d,2663,Health Card,3605769,2028-05-01,True
711c0c46-c2cf-44d5-9d0c-cb501dc0a525,2664,ID Card,4034850,2031-09-29,True
4fdc9c4e-f143-4ef6-be38-9212ebcb1d3e,2665,Passport,6504931,2030-06-11,True
ad7412f1-10ed-42c8-bcfc-e93afc35fb76,2666,ID Card,5395191,2030-06-20,True
256f1499-fbb2-4d47-bd65-09835c416322,2667,Passport,4363791,2031-02-02,True
d3e30d11-477e-49cd-ba4c-07886f75ffc5,2668,ID Card,8189863,2027-04-24,True
6fb49b09-0a6a-4f78-8fa1-b8dc0aadf0e0,2669,Health Card,3871842,2035-09-26,True
83a35012-7aa1-482c-b186-326f83e9e9f6,2670,Health Card,5006849,2029-11-08,True
8203faa7-efaf-4540-b514-54fe4a02f482,2671,Health Card,5504087,2028-12-08,True
7dacf28c-9019-4bb5-bfcc-c1c19c922b74,2672,Health Card,6941205,2028-05-10,True
b1a2022c-4b85-4603-9100-8bb639001399,2673,ID Card,5552546,2031-09-16,True
15ed0a8e-1148-4b75-aaf8-a5eb7ca3d8c2,2674,ID Card,6981263,2027-12-01,True
3ce09b64-e7c2-4c88-821e-0dcc5f470acb,2675,Passport,3119748,2035-06-16,True
8a076c54-070f-4855-b447-97fc16dbe8ec,2676,Passport,4140314,2034-03-29,True
5412bc27-a221-4309-be1d-80c52028cd4f,2677,Health Card,6276297,2029-02-01,True
ed135b70-c841-4e39-b67f-e344365143db,2678,Health Card,5202156,2028-08-07,True
4737d20a-3641-470e-94ff-9fe08efbced9,2679,ID Card,7812817,2035-05-23,True
9017172e-6217-4636-a8b8-51bcb7e694bd,2680,Health Card,7460762,2033-02-11,True
dd9fa254-9b2c-46bb-927c-88fc7315db3c,2681,Health Card,6468744,2035-01-02,True
e01c0a26-00ce-46e8-a1d2-abe3d98fc0c4,2682,ID Card,3573052,2027-02-11,True
b9fa0987-29f6-43a0-aedc-ed75510a7a3a,2683,ID Card,1398882,2035-10-05,True
f107fabc-a69b-4227-8198-c17a190da49d,2684,ID Card,2158521,2032-07-15,True
24b8b8a8-d149-46aa-9e6e-0d7fac89891c,2685,ID Card,3427708,2031-09-08,True
2d09cb37-2d92-43b9-9910-9ae43a886032,2686,Passport,3900663,2031-09-19,True
f1f9557e-f8f7-4675-be49-1f030f2f430b,2687,ID Card,9344594,2028-03-30,True
f758310f-a257-445e-81f3-f1c53eaf9c83,2688,ID Card,3357926,2033-07-27,True
a63e9155-b245-4324-9910-cbe3882c6b65,2689,ID Card,2641090,2033-02-18,True
7c192078-5295-45b1-ab9f-7147cb8ac755,2690,Health Card,8875994,2031-04-23,True
4511737c-450a-4869-a07f-25197628f589,2691,Passport,4755298,2029-03-15,True
b60151a9-2f10-4693-af48-a70648247010,2692,ID Card,2966473,2033-07-19,True
6693ccd4-8472-4f92-a0c5-2457ecea571f,2693,Health Card,5372822,2029-02-27,True
58fd99e0-f16d-448e-9aab-4dec3ac20dde,2694,ID Card,6607112,2035-05-31,True
7c40f5d7-1224-43e7-ab14-b3a53533490e,2695,Health Card,2187937,2028-04-22,True
4dc0cd27-10dd-4810-94b0-e6399e3c44b5,2696,Passport,7298370,2028-01-05,True
19023044-d791-4d0e-ac8f-4012cbfa2427,2697,Passport,9053536,2030-06-03,True
a76c1db3-a21a-4173-b5f1-33cffe7b8e22,2698,Health Card,9033161,2029-07-27,True
acdd03ba-255d-4c4e-a312-fad362ae6fa4,2699,Health Card,6251488,2035-06-13,True
17604679-5fdc-4def-a74e-6ece286c1ef4,2700,Passport,3931588,2034-11-05,True
8a7bc09e-da17-44f6-a35a-e0aaf3ca4873,2701,Health Card,7833752,2029-07-27,True
ccee0842-226b-4cc0-a06a-d7e503bed105,2702,Health Card,6493160,2030-02-05,True
f08ddce8-e1ef-4543-9fbf-4aa0231dad0a,2703,Health Card,8492292,2035-01-26,True
80b60bdb-5bda-4d51-9fb3-85c553d6b44d,2704,Passport,7401553,2030-05-31,True
eab57913-870d-44ad-ae26-144c42a63a65,2705,ID Card,5930522,2031-11-06,True
a75a1b49-4f32-4383-aa90-b8f7896181d8,2706,ID Card,8986012,2031-11-04,True
6d3a91f6-c4c3-4eec-96e8-e636c7cd8681,2707,ID Card,7819037,2033-09-20,True
fdfad39f-e3a7-4983-8b9e-70f10b54f1f6,2708,Health Card,3820609,2027-11-29,True
7821327d-2d3f-47e3-a9cc-572b8fa3cc3c,2709,Passport,9179621,2035-11-09,True
bb816852-e7f7-48c4-bb5e-ee362c561b5a,2710,ID Card,8616698,2027-01-25,True
e333c25d-1ef8-4867-b72d-1180a78b261e,2711,Passport,4499012,2031-01-09,True
2dc4a7db-828d-42ee-8c55-ccd7b52d402f,2712,Health Card,9621152,2034-07-15,True
f773665d-3d21-4890-a7de-b71ffa44ad92,2713,Passport,5856478,2028-01-15,True
a1f96b56-2357-4d45-affa-27c83fe8d266,2714,ID Card,9123285,2033-12-03,True
b2f69ffa-7c01-4715-8af6-2c7040222901,2715,Health Card,2171306,2028-04-26,True
a91aae71-d2ab-43f3-8429-2010ea50a216,2716,Health Card,6554196,2031-06-11,True
05563238-9521-406e-a47d-51dd0d993120,2717,Health Card,7744549,2030-10-01,True
9f902732-38aa-486d-ba65-eeaa36f3d163,2718,Passport,4829521,2032-02-03,True
7396b87b-784c-418b-a54c-3895a61c6825,2719,Passport,9929781,2027-03-29,True
703d6a41-cf3c-494e-8372-5b9a76b70d33,2720,ID Card,9126711,2027-07-17,True
1aca0d32-1dc8-4f40-bf3c-4f7ed1f477e8,2721,ID Card,6771849,2031-11-27,True
5c14e4a9-b8cd-45ed-a6e0-5a3fbda89fe4,2722,ID Card,3485788,2033-06-06,True
9baf2f06-76b1-4df6-a31f-edd3bb072639,2723,ID Card,8531442,2035-08-18,True
986d13d9-481a-40a7-b2fa-47ca0f08dc24,2724,Passport,6819067,2032-03-11,True
501fa88f-bf2f-481c-8d65-a97981274984,2725,Health Card,9470524,2032-03-27,True
5ee13fa7-6780-48cb-b188-dd74b58a0e4f,2726,Passport,7656040,2034-01-23,True
1348c92d-5c37-466b-941a-b04b086b2ced,2727,ID Card,9707770,2035-01-29,True
23dc69fc-a7c6-4923-a50c-a3c446480774,2728,ID Card,3758298,2034-11-27,True
fb8275aa-6a6a-4715-b7cc-ae86c3583812,2729,Health Card,7820235,2034-11-18,True
41e0a24a-4ddf-4d9f-826b-0a96ebe73ca1,2730,Health Card,9912248,2035-01-19,True
f6889fd0-0219-4329-a6fd-c553b983f528,2731,Health Card,5879191,2032-12-12,True
b464baa0-f2fa-4cc5-9f68-fc3b7bd8294c,2732,Passport,2560941,2027-09-25,True
f6675f40-2e4d-4fef-9b84-bbcd61844774,2733,Health Card,8129490,2027-05-26,True
97d50849-eabe-429c-8bf6-1d10c2ff1dda,2734,ID Card,7853189,2030-07-12,True
fe4bc365-1091-4298-8840-55ea3c8980c9,2735,Passport,5416958,2035-06-24,True
1ed6f4bf-2215-498e-8a87-4e6c707c59e6,2736,Passport,3327257,2030-11-05,True
f1d536c0-621e-417c-a21e-a06e5420219f,2737,Health Card,2216732,2033-09-26,True
50bd2cb4-486b-4700-a0de-b1379a157f9a,2738,ID Card,3258141,2032-12-04,True
d33bd8c2-30bd-4de9-838e-19fa507e1fb8,2739,Passport,1958516,2034-11-22,True
ac737fcf-84da-4557-996d-2809c75f5148,2740,Health Card,7588090,2030-07-02,True
8accfbe2-2e70-48f7-9e23-c1c18623d4cc,2741,Passport,2252962,2032-04-11,True
8913d88e-67fc-4a20-bc86-7c544fea9e2f,2742,Health Card,9734746,2031-03-10,True
f8db55a7-0819-4dfd-8a0e-bd1b7877d85d,2743,Passport,2077101,2034-04-26,True
aa7fcab5-2815-4ef3-b63e-b42775277b9d,2744,Passport,7612149,2032-08-23,True
b8236d09-b80a-4b94-b699-c23c221e03b9,2745,Passport,7729380,2030-08-22,True
4d78ee3c-2f51-4d3a-a762-9807a96b7c7b,2746,Passport,1015358,2034-02-07,True
c4cf87d2-1e1c-4ec8-95ad-a140f1951dfa,2747,Passport,2238140,2033-07-12,True
a76a8b10-2f35-42e0-859b-d62ba1a9b505,2748,Passport,8384719,2029-02-16,True
a89f76a6-55ec-4997-9e62-7098871df82f,2749,Passport,8369873,2033-09-17,True
54371f25-9131-4096-b730-7b060d868d5a,2750,Passport,3809309,2027-07-12,True
e0483dd4-e45a-4f18-918d-f945910cb0a4,2751,Health Card,9082710,2029-10-12,True
f58d8c8d-a13a-419d-b85d-9dc8a033f4d3,2752,Passport,2039498,2030-03-12,True
581321a9-f3a0-41fc-83b1-b93bcf198135,2753,Health Card,7211072,2034-07-10,True
76f7be10-f2db-471e-a109-b80bff182d6e,2754,ID Card,6163441,2029-06-30,True
d39d4e3d-0719-47f9-b3b9-f99adeb15e31,2755,Health Card,1281696,2029-02-20,True
aee833b1-a7b1-446a-8f9f-880f71b3373b,2756,Passport,2629009,2033-04-21,True
543f5e56-723b-4054-8f3b-841646ffb5e7,2757,Passport,6398203,2030-02-24,True
199c235a-505b-4a68-b955-17a5cc9e199f,2758,ID Card,8881221,2030-04-09,True
adc44049-59cc-4417-9d7a-19cfe2f87a5c,2759,ID Card,2453929,2031-06-20,True
c32c43d1-f9ea-4aea-9a16-07a96b5133c2,2760,ID Card,1024753,2029-09-01,True
d06b044b-6a66-4265-af06-bd28e06b5a64,2761,Health Card,2227858,2033-12-27,True
a91c5d3f-5cb5-4abf-ac97-86fda785cd2e,2762,Passport,7985032,2032-01-15,True
08b70ec9-5323-40aa-802d-296804e695f3,2763,ID Card,7858176,2033-08-01,True
aeb007fa-aae8-4d44-b07a-90763bf375e3,2764,ID Card,1583448,2028-01-23,True
97232d8e-9df3-44a7-914f-2f275122e870,2765,Health Card,5584261,2027-08-21,True
46ba12d8-97f6-485b-862c-f2153ec1371a,2766,ID Card,7250928,2032-10-05,True
05a9fb62-7a70-4c37-ad9a-c460bab73b70,2767,Health Card,1861578,2032-03-15,True
bdf6beec-a093-459f-85db-c1802cd5f26c,2768,Health Card,5040597,2032-07-11,True
844051f2-3057-4aa2-8b49-674f6b915fb3,2769,ID Card,6915029,2036-01-02,True
566fda1d-d8bd-4cc8-906a-9bdbf66c5440,2770,Passport,6189457,2034-06-25,True
2894c1cb-64f8-4f82-a797-7d3e72ecf74c,2771,Health Card,3095034,2028-04-21,True
b206909c-1d3d-4174-bc3c-0c2488e8b413,2772,Health Card,7814148,2029-06-16,True
f3c3cae3-beeb-47e8-bdb0-5daf4cecd889,2773,Health Card,6123089,2030-08-09,True
a9946c0e-9a44-4548-8d5d-7895cd7a285d,2774,ID Card,6397182,2032-12-18,True
59083195-fe68-4904-a832-3ee5036b953c,2775,Passport,6345479,2034-01-20,True
c96762bd-9507-40a4-a086-9f22700bab11,2776,Passport,7822636,2031-08-18,True
0766d3a3-c8b7-49c5-8391-dcd8e87a2abb,2777,ID Card,6118024,2027-07-22,True
cbaee3fb-6ff3-490f-8c55-e32b181d792c,2778,ID Card,1441631,2033-12-23,True
14b67ef0-4e4b-4492-b879-35f97a6c1e25,2779,Passport,8579890,2035-10-01,True
915f79aa-b6ad-44b5-a47d-4134975dc4de,2780,Health Card,6038399,2035-09-28,True
22a3ef7e-cb67-44d9-985f-f426e160b8d4,2781,ID Card,7205581,2029-03-20,True
5c42f9f1-e88d-4ef5-bc0f-787fffb7a9cf,2782,Passport,7210715,2034-10-05,True
b5d0e8f1-8dfb-4e13-8fdb-e8bfefff498a,2783,Health Card,2523543,2032-12-03,True
8c7e4606-4791-4a82-ab4c-9905259621e4,2784,Passport,5364192,2034-05-22,True
56018e9c-b717-4939-add8-633f139b1b91,2785,Health Card,8025831,2032-01-07,True
3aca8b06-5d22-4887-a528-e8804c3ed192,2786,Health Card,4563049,2027-08-07,True
1a73584a-7a73-44eb-8a2b-c59df76dfeb5,2787,ID Card,1276685,2031-08-29,True
cea55816-4ac5-48a4-a898-67b40b9d8e82,2788,ID Card,6444504,2027-10-10,True
1d3c5552-4842-4148-b190-469edd0ec83b,2789,Passport,3675808,2028-12-19,True
4e2f4ff2-a210-4d4e-8698-3dd021f89c24,2790,Health Card,6911996,2030-08-14,True
0c6a32a7-1ccd-43eb-b206-6d3381d0beaa,2791,Passport,1716943,2032-01-30,True
be36e8db-8c12-4df3-9dd1-4ac0009ffd68,2792,Health Card,3402259,2033-09-08,True
dfb86a53-19fa-4086-9b77-0bda9d0b15a4,2793,ID Card,8110961,2031-11-21,True
b15a25a9-63db-4830-bb31-d973b849f2de,2794,ID Card,3164660,2032-08-20,True
efda0616-c0b8-4e4f-bcb4-18246188b351,2795,ID Card,6494386,2035-08-10,True
02994f2b-116e-4f2f-be3a-45c61389ecd1,2796,Health Card,5617444,2035-10-09,True
a0e5c1be-8ebc-451d-b3ce-18721683811d,2797,ID Card,6248725,2029-01-23,True
822956b6-18f6-41d6-9ca3-a3b7a55457c6,2798,Passport,3993644,2030-08-30,True
019b33dc-e7e1-4076-bc42-ac2e1efd6c88,2799,Health Card,1299111,2031-02-08,True
bcf3ae5b-cca7-4a8b-b87e-f884b78b399e,2800,Passport,2708210,2033-08-22,True
d6e880d2-0bd9-4694-aa2c-8c8246540e4a,2801,ID Card,7274124,2032-02-22,True
4c6a2738-cd82-4e2c-89eb-6666d0460d81,2802,ID Card,7130354,2029-12-22,True
935c24d2-e936-408e-a57d-c60e9bce95b0,2803,ID Card,2222307,2029-07-10,True
6e4f3203-34cc-4d44-84dd-f7b6f4781efc,2804,ID Card,8929188,2032-05-31,True
3877bd64-ccc6-4d21-8621-a7bde22d33cc,2805,Passport,8765115,2033-10-06,True
89bc1114-a977-446f-b24a-40e2a7f51ff6,2806,ID Card,6807853,2029-10-13,True
1b75b8ab-3240-4878-b47a-51db27342694,2807,Health Card,5773015,2034-05-06,True
d6692e2a-cec9-4f1e-bc86-fbdb52f907f5,2808,Passport,3544873,2030-01-04,True
fc9bd549-80e4-4328-8027-f21c4cb03270,2809,ID Card,3954509,2027-04-25,True
fe5e82b5-8159-415c-96a3-2989d67580f8,2810,Health Card,7342745,2035-03-05,True
0e8c4fca-29df-4ddb-b51d-21afc835e459,2811,Passport,6486659,2030-04-23,True
a9c8a7cb-fd0f-4e52-94b1-01b39616d7b6,2812,ID Card,1349785,2030-11-10,True
eeb941c4-7349-4a9b-81c5-6fe2de5f4791,2813,Health Card,2606571,2027-02-22,True
33864e59-4a2b-4712-af4a-97c4345a2145,2814,Health Card,1105513,2034-10-16,True
17618632-b7c2-49d0-bb7c-9b97a827770d,2815,ID Card,7095727,2031-04-23,True
b0c4ef46-72f6-45d8-aa5a-c41d10711c71,2816,Health Card,4503390,2030-05-11,True
b0170b97-0018-4463-9279-cdbfc00b02a6,2817,Passport,3564731,2034-12-09,True
21cb708d-52d2-4aa4-9928-aeb161e7a9a3,2818,Health Card,4965911,2027-04-07,True
2946e04a-0ded-443a-b308-a62992a07eb3,2819,ID Card,7844524,2034-06-19,True
604395c0-dad4-4398-a8d4-f0ec786b2ba0,2820,ID Card,7565447,2032-01-25,True
17e24977-f5d3-492b-aebc-829de9173cd3,2821,ID Card,9127187,2028-02-22,True
f321c346-1762-460c-8306-9a9972878434,2822,ID Card,7152939,2029-01-31,True
67b1d8db-6c35-4891-b415-d33b8fea0e60,2823,Passport,5493198,2031-05-29,True
e8ae1f2c-098f-460c-b0b9-f4b4c5b69ac0,2824,ID Card,6333691,2034-09-30,True
d7b6a753-ea37-4029-af82-11dd2e86488f,2825,Passport,2082413,2031-01-28,True
3196f17c-8d69-424e-ba1f-41c09d3c3298,2826,Passport,9747543,2028-11-26,True
57ba0512-6fe3-49bf-9ade-417f04e05d46,2827,Passport,3545801,2027-02-25,True
63c86d79-2d11-4017-8d51-7dc1659ddded,2828,Passport,9358998,2030-02-18,True
409a0041-a31c-48aa-9778-c9048649432d,2829,Health Card,5512873,2028-11-14,True
e9af0dc3-8a89-4eab-84e3-1a94f2437147,2830,ID Card,3211369,2028-11-11,True
3986d93e-7da4-4dea-95fb-b45aa6cfbce3,2831,Health Card,1249873,2029-05-14,True
ad91caaa-3fdd-414c-b3d8-84eec68da2ac,2832,Passport,5792767,2035-06-23,True
08672f01-0250-4066-ba37-7d8d94e289ae,2833,Passport,4601863,2028-05-30,True
f0f6bbb3-4925-49e2-a44e-8c070a614f81,2834,ID Card,4411105,2027-08-08,True
4ebef94f-c551-4c1c-83ee-aff94d2526d1,2835,ID Card,1023728,2035-08-22,True
57d4802b-8d4f-40f8-86d9-1ac20e5b53c5,2836,ID Card,7156036,2027-08-30,True
6b43505d-2221-4719-b00c-ae50a30f5b98,2837,Passport,7012344,2031-05-17,True
5d0def7e-85e2-4ea6-bae8-11d431e0f101,2838,Passport,9878788,2030-12-27,True
5340b277-7f52-4205-b448-1ed5d7bafcf2,2839,ID Card,6063223,2029-07-16,True
9e025aa4-917d-4953-a18e-6862f641a773,2840,Health Card,6579100,2027-07-20,True
dc38ba22-2e17-4bd8-a177-9a76e506b865,2841,ID Card,1116605,2030-11-20,True
c84920cd-1cad-48ce-a604-3924694f6562,2842,ID Card,9591086,2029-07-01,True
221fe467-db04-4da3-9a22-ba9b4a929bbf,2843,Health Card,3179482,2032-10-11,True
4dba5883-9cdb-459b-adf9-67ae7f5b9402,2844,Health Card,1105122,2033-07-28,True
5ebfb80e-9d40-4ff5-ada5-e0f4c5d84119,2845,Passport,9318642,2034-06-15,True
315b6e4c-de97-4e6d-9733-781f8a6b23eb,2846,Passport,5007359,2034-08-03,True
22a11155-6b5a-4c15-8223-69b21bcd2a8a,2847,Passport,7043379,2029-06-23,True
939fe8a7-d71d-4f22-b0dd-18bc561cea29,2848,ID Card,9311010,2032-07-03,True
4729fd54-4b0e-4a00-ab13-18b0edb9f197,2849,Health Card,9148121,2033-10-22,True
03e3de17-77b1-4012-9685-075f40f01239,2850,Health Card,1141439,2030-02-02,True
ecbdfe1d-56d8-4830-a3bb-27e2024d999d,2851,Health Card,4511766,2033-12-29,True
cc28b0b9-a061-49fe-a692-6186bd540243,2852,Passport,6491217,2027-05-11,True
3bb8791f-01d0-4be4-93e6-ebb500228f18,2853,Passport,2213750,2029-05-23,True
ec584202-6ac7-426a-9e75-00fde4549586,2854,Passport,3354153,2032-05-29,True
5db30395-48cc-473c-86af-b6c63b3c87f2,2855,Passport,9964996,2030-07-25,True
cdec4130-d442-4959-9c4c-bb37e8512bfa,2856,Health Card,8128521,2035-11-13,True
0d2e4c5e-36d8-447a-82a6-4ff5ad6e4b79,2857,Health Card,1035923,2034-07-03,True
d0b0d66b-05f4-4ee5-a810-31323a6707e2,2858,ID Card,1386732,2030-03-25,True
ce7bcf81-7f89-46f0-8fa2-2e307b61f656,2859,Health Card,9319378,2032-10-30,True
228764cd-bef6-4376-b84f-bffd6766a4b0,2860,Health Card,3786364,2032-11-26,True
6ecba02e-9736-44ee-813c-a7ac53cbee89,2861,Health Card,4080221,2034-01-31,True
506c8aee-6b5d-4501-a9e4-0475d57c5256,2862,Health Card,8437228,2029-02-11,True
03fc01d1-4b54-44ec-afe9-dba6d9ddb939,2863,ID Card,9629957,2029-02-17,True
43dde9d9-cc6d-4964-9442-2facf677565a,2864,Passport,7627237,2032-01-29,True
a35f09f3-541f-49cc-9840-19b8f53bd4e1,2865,ID Card,2573155,2028-11-28,True
209d3ac9-5ae5-4ae5-9eaa-455510777ba8,2866,Passport,5813886,2027-02-01,True
20265962-93f6-443b-8c16-79b42d493e5a,2867,Passport,9768419,2030-01-24,True
3ae72e1f-abbe-4def-b702-2574e9a5f153,2868,Health Card,8965754,2028-02-02,True
c02b7287-a765-4d6c-9f4e-992ca0ebcc4e,2869,Passport,8465327,2035-01-04,True
774ba74c-caa5-435d-b459-fa854f76cdcf,2870,Health Card,6976916,2028-05-02,True
280a840f-09b0-4851-8408-68de68004add,2871,Health Card,2530412,2030-01-25,True
3c2ba329-0f2d-41f7-87ad-26889bb201ad,2872,Health Card,7267629,2035-05-11,True
e7a229a4-682d-4d49-bdd6-3f3dac241b75,2873,Health Card,2915165,2027-12-01,True
b29298b9-a418-4ed2-9698-b8bc3355bd3b,2874,Health Card,6163151,2029-04-11,True
56e421f2-a7ed-476f-afd1-6aafd9f39ffe,2875,Passport,6219521,2032-03-02,True
22f68097-2638-456f-9071-b2450aeaa713,2876,Passport,5747617,2030-03-20,True
ff0ec93a-a381-4c2f-9992-f8759d746414,2877,ID Card,5437652,2030-06-05,True
d26b481b-deb5-411c-9eec-6e859eaf9e4f,2878,Health Card,3263417,2033-07-22,True
bbc1f951-279b-4dd9-9c1c-341ae036a5d4,2879,ID Card,7581393,2027-11-26,True
edde37b9-2d8c-4943-b67c-dfa869439c1b,2880,ID Card,4024934,2035-06-06,True
a58c6df5-f914-417a-bc57-65e44bf74f10,2881,Passport,6008582,2030-08-16,True
ba841bf5-2175-47d5-809a-dbb9ef501371,2882,Health Card,9205056,2033-12-03,True
3c2b5c72-ee4e-4bc6-b9a2-a98c037577d0,2883,Health Card,3491796,2029-05-31,True
8b473f54-bde0-49f4-a9fe-c32643b0cbb4,2884,ID Card,9520890,2033-05-21,True
996d8204-cde7-4ca2-95a9-11f332f0045f,2885,ID Card,3509868,2034-05-21,True
d74be095-c157-41e2-a299-7156d063df00,2886,Health Card,7268057,2027-09-11,True
c8d57b91-4bf9-44e7-807e-5c844b36af98,2887,Passport,5085146,2034-01-18,True
c0a7cf4b-2feb-4787-8ad7-e0bc5fd592a4,2888,Passport,4465648,2030-07-04,True
cc568d9f-c364-4e83-ba9f-371cb3857ba4,2889,Passport,7366418,2030-07-28,True
8c8ebe7d-3ce0-4316-ad50-8d6d5e9ef8ba,2890,Health Card,7590535,2032-10-30,True
848d909e-ec96-4e7c-8dda-5727e8f0a991,2891,Passport,9396520,2033-06-22,True
20d75319-2f75-47cb-b9b1-878bb9cfc92e,2892,Passport,1742223,2033-10-20,True
e28032af-3bac-41a0-b146-0e6a9bee5216,2893,Passport,9738003,2034-06-23,True
06fb27ce-9fd8-45fc-905b-00623a0f4603,2894,Health Card,4087148,2031-07-17,True
0b0b0bee-caad-4e38-b95d-ef3fb99d2c08,2895,ID Card,7938732,2032-05-10,True
a592148c-6f6c-4e54-b232-3e8c15c23a4d,2896,Passport,4443448,2030-06-04,True
2e1c3888-cfda-4bee-a702-ae96b6ced070,2897,Health Card,9745310,2029-07-28,True
173494d4-19e3-4468-be8a-672f22eecd14,2898,ID Card,2186638,2033-07-02,True
caf6d044-efa7-46bf-9bec-8dbe164f9926,2899,Health Card,3967188,2027-11-04,True
291b0566-9a46-4aab-ac72-798dac35426a,2900,ID Card,3050278,2029-03-23,True
9c4635da-a871-40d4-8a9d-7bf70e01fceb,2901,ID Card,4641462,2028-06-17,True
f7514834-fd23-4b12-bae6-545651d2c7e1,2902,Health Card,1678091,2030-04-14,True
553f7746-ac3c-4693-958c-19a4b3dab380,2903,Health Card,5164279,2032-10-16,True
97b22aed-7744-4bb8-b984-895e24a49fa2,2904,ID Card,8350403,2030-02-07,True
33ac3938-b6fa-4496-8a9b-ab3f05a9251d,2905,Health Card,3931386,2031-08-17,True
86b535ce-f3fc-4648-b143-edde57d23690,2906,ID Card,1054755,2035-11-20,True
dee42e33-5551-4e2a-970d-d28ce5819822,2907,Passport,8960062,2027-11-25,True
83c51b04-2581-412a-93e1-11cd4d608dca,2908,Passport,7762820,2031-01-05,True
81007812-eb4e-4069-afb6-9fd38b76608d,2909,ID Card,5980425,2028-08-03,True
cddbe727-f383-446b-b76a-d6e63d6a0331,2910,Health Card,9022466,2034-02-13,True
7db0bc59-bb2d-41c3-9216-a6030e92b450,2911,Passport,6433519,2030-12-08,True
110230c8-c5f1-4241-b78a-105516d5f2d5,2912,ID Card,6456849,2027-09-09,True
d5b893a9-bee7-4cb3-bffc-7bea281b480b,2913,Health Card,8442756,2029-07-25,True
2c933d1f-07e0-445c-9392-b1fdbe4669cf,2914,Health Card,8939947,2028-08-29,True
0dacf318-9f4e-4ba6-8305-41f7465e5bdd,2915,Passport,9997263,2029-06-18,True
b2edf398-4e41-4645-a4f5-cf1a47c93abd,2916,Passport,2861414,2030-07-30,True
ab65d2fb-6b72-44dd-a345-049f4d04e455,2917,ID Card,6034415,2030-02-12,True
b6772868-33df-468b-aeec-0efecc245293,2918,Passport,3996059,2028-05-11,True
3f3749fa-383f-45c9-9c2a-ab55c0c81858,2919,Health Card,1680944,2032-01-06,True
fe1a49d3-4bb1-4295-ada1-eebcb992e485,2920,ID Card,9053247,2027-02-14,True
25496e2b-45f6-4824-9a36-776d2c3cf5d8,2921,Health Card,8117960,2029-06-02,True
a318e9ee-4617-4aa8-928a-a640d0a10d90,2922,ID Card,2367867,2035-11-02,True
82845332-75c7-4176-968d-21c13bd93e09,2923,ID Card,7871355,2035-10-04,True
b26794f1-0eb7-45b6-91db-34a67c84e410,2924,ID Card,7272866,2034-06-12,True
fd1054dc-b04f-4a14-92a8-ad24b94b159e,2925,Passport,5159280,2028-11-09,True
46a82ed1-ce5f-44d7-9fa0-5b155b83e659,2926,Health Card,6403360,2031-10-07,True
a2e1693b-eb79-458d-9898-8d5b00739b4f,2927,Health Card,9976340,2028-11-12,True
5d3120c9-2c06-4614-a227-2b2f7609fc26,2928,Passport,9744417,2031-10-22,True
ee2b69d1-b774-42ab-ae0d-40fb339a6223,2929,ID Card,4774278,2030-01-02,True
492b0f13-88f2-4947-b8ca-6e85fb822975,2930,Health Card,7859674,2033-02-03,True
65ac268c-3286-4d14-83b8-47a623c922d0,2931,Health Card,2771770,2034-04-01,True
9403a5b7-2754-45aa-862d-89c4d93aa5f1,2932,Health Card,7271724,2029-05-26,True
056c61ca-fd83-4b2f-93f1-48dd9c1175e6,2933,Health Card,3788800,2028-06-03,True
fa2a5352-f893-4f94-8886-e0220bd1299f,2934,Health Card,2189278,2033-10-15,True
14447f08-a513-44fe-bc6a-e582f1d0d3c8,2935,Passport,1797408,2033-05-04,True
152d4889-0e4f-4dbd-a0c8-60c024a7f4c9,2936,Passport,6428119,2032-09-29,True
a36a0ba3-93f6-40b0-bb88-3668e37a9a06,2937,ID Card,4330324,2035-02-14,True
0a1b21ee-2b9a-4819-bdce-b60314e55a0d,2938,ID Card,1763305,2029-12-14,True
52cad7b7-422c-4143-9f4b-f8e0b304c8b2,2939,Health Card,7571499,2030-08-13,True
50c4b1e2-0edc-4443-b98e-c13a2677b9cf,2940,Passport,2027069,2030-07-08,True
bf3ecaf0-1fbd-4cd7-b634-1a1e9bc155e1,2941,Passport,9462360,2034-08-22,True
c6950e77-0d57-446a-a3a3-e916dce85d81,2942,Health Card,7658839,2031-09-13,True
04c6b312-8882-4856-8c87-f28b1292a17e,2943,ID Card,9445180,2031-02-16,True
c697b103-11d9-489e-8cbc-a99e0f605480,2944,Health Card,7248220,2030-11-27,True
293e0128-749e-44f9-91aa-e0bf0664a93b,2945,ID Card,3219474,2035-12-21,True
ddd04915-d68c-4ba4-93d8-8e0f78f92ee3,2946,Passport,7007912,2028-12-04,True
3c2f8a48-8df2-4e95-aa3d-a3e71a26c5be,2947,ID Card,7590324,2028-01-15,True
b3ad2166-f7fd-42ee-9b84-ce256ad20f71,2948,Health Card,6305413,2029-05-20,True
0a77e8fb-73e4-4fda-ad70-c387cb3acbe8,2949,Passport,1366452,2034-12-03,True
5048adcb-29a9-4b1c-a673-c954d682b63e,2950,Passport,5112757,2028-06-03,True
212c4821-11ee-4cf9-8d27-489f838bcb65,2951,Passport,5885181,2033-11-17,True
3b05c167-d583-4d2c-893d-5ae320a5a4d4,2952,Passport,4175075,2029-06-13,True
2e6ec9f0-13c7-499e-a2a0-dcbbf5b6b3fd,2953,Health Card,8595092,2027-07-09,True
9a51e5a5-2a60-4841-ae0f-000dd5fdb335,2954,ID Card,8534543,2032-12-28,True
ab71e281-1dc1-47de-9a31-e091f7b1db0a,2955,ID Card,7783985,2029-07-16,True
44a1774c-e2ea-4680-9441-9580ec962020,2956,ID Card,6707823,2034-11-09,True
3b1055f3-7c61-410b-b91c-052373390502,2957,ID Card,4391950,2032-01-22,True
7c378f5e-3cf6-4586-b56b-e4dc34e985bc,2958,Health Card,9196239,2028-11-21,True
9bc52900-4e4e-4ad8-be3c-691b34e35d91,2959,Health Card,5094370,2033-05-01,True
fc82ccd0-2a69-4a6f-868d-1c1ab6fb47e4,2960,Health Card,1919544,2031-02-02,True
5c5f5813-cb1a-4303-ad20-b4b0fa6a45c7,2961,Passport,6662881,2034-12-20,True
2f55c498-c61a-45c3-a7d8-d2d8a8cf15c6,2962,ID Card,9747003,2034-11-18,True
0153624b-ccb2-459e-9d4b-dea24bcbe4a0,2963,Health Card,7365654,2028-01-09,True
0617c3ee-0373-49ff-b5df-30ceea23e5c6,2964,ID Card,4605744,2027-06-21,True
c3edad38-135f-4e2c-b148-9203fa29ca6b,2965,Health Card,6042985,2029-08-24,True
340e2329-d2de-4474-a137-b136808daf9b,2966,Passport,4282150,2030-10-24,True
d3f1b8d7-c181-4632-b245-94da3c2a1add,2967,Passport,3205081,2034-02-10,True
ff16d1d1-5a4c-45c9-aaf3-b12682105f7f,2968,ID Card,5480013,2034-07-21,True
87f31d15-eb9e-4c0d-893b-5ec75ec9f60a,2969,ID Card,8004296,2029-11-12,True
1f8e661b-d62e-4e26-bd07-a3f6ff3d104c,2970,Passport,6318821,2031-11-14,True
cf206f85-4d41-4512-8aa8-9cf2f374cf7d,2971,ID Card,8279546,2030-12-20,True
1e4336d7-8b28-4e73-ba48-eaa025a01a49,2972,Passport,1302558,2032-08-06,True
f76f14be-aea8-493d-b4c8-4e369e744600,2973,Health Card,2830968,2034-06-18,True
3adad051-549d-41c8-966e-47c80ca3b50d,2974,Passport,2592285,2031-07-30,True
63323aea-335f-4ec3-a42d-d7fd722fdafb,2975,ID Card,7299570,2031-03-30,True
afb81c88-2d22-4f1f-aa0c-c32319abaa4a,2976,ID Card,9600563,2035-02-08,True
0b5a625d-8503-46d1-bed7-36166952f744,2977,ID Card,7486991,2031-08-20,True
34cf88f1-9d33-4118-8611-9cd4c875c40a,2978,ID Card,7530039,2030-09-06,True
4649871b-48c5-4f51-b185-9e35f7e8c7fa,2979,ID Card,9001038,2033-01-08,True
e13a8cd1-c1e3-4ae6-8856-04e9fff7a0f7,2980,ID Card,6359590,2035-01-22,True
969f4de5-1d54-4ec2-9b0a-00f978b71b47,2981,Passport,9835366,2027-05-07,True
c764a085-23e8-4326-b377-45d450f0870e,2982,ID Card,3755588,2028-02-24,True
4e105255-991b-4cb6-89d4-935725c9b64b,2983,ID Card,3593860,2033-04-02,True
e9f2406f-bd18-486a-9d9d-cfbd6b097e00,2984,Health Card,1352656,2034-02-23,True
84fd0561-c90d-4580-bdf5-3a7391ddc5d9,2985,ID Card,1172792,2034-08-22,True
282d3222-7303-4932-81d7-7afbdd7c6dc9,2986,ID Card,8553528,2027-09-23,True
c0007383-db8a-48bd-aca8-dc96f8388263,2987,ID Card,4259535,2033-03-06,True
5d1ebdd1-1f3f-463e-823d-455d926d1972,2988,Passport,8875687,2032-12-31,True
770c951c-8963-4059-9f00-63a3ca888ad0,2989,Passport,5041370,2029-07-18,True
258a83af-b07d-48e1-ba9e-e0e73aef3858,2990,Passport,1467428,2030-03-19,True
aaf9a434-27d7-4f47-8495-a4cd9deeaaa0,2991,ID Card,8434381,2030-03-15,True
46337d4a-01b2-4307-bf4d-4235938e5fe9,2992,ID Card,9549984,2031-06-03,True
c58da833-c6dd-4217-a221-4238aa30bbf4,2993,Health Card,6849946,2034-08-10,True
453fc2ba-6f7c-464f-b236-e7872f5e28d6,2994,ID Card,5006998,2033-12-31,True
c7b0142f-dbe1-46ca-be74-541112e756e5,2995,Passport,7791507,2032-12-31,True
fee9e551-7f92-4a44-ab1c-5a293d30d2cc,2996,ID Card,5035748,2033-01-30,True
4556f792-7d1b-46bb-a22e-940265c52b05,2997,ID Card,8745638,2035-09-11,True
359f7ec8-d4da-4daa-a571-26208a3bbc0f,2998,Passport,3279640,2032-06-25,True
372e95b2-89b9-4044-af30-1f08eb179e9c,2999,ID Card,4573342,2029-09-06,True
34652424-270a-4563-a336-f2d7f70fbc9d,3000,ID Card,4919882,2029-03-09,True
0c4ab1be-2e94-4503-921e-120d1c68b626,3001,Passport,9093110,2028-04-14,True
41875a4b-210b-4814-8eb7-ec5a41e044e3,3002,Passport,7044657,2030-04-14,True
2b6fd984-b37b-4e94-9494-dea8d3fecd49,3003,Health Card,3400424,2028-09-05,True
8f35015b-f072-456b-b019-69cd731c535c,3004,Health Card,2185404,2027-06-24,True
57a3c848-f877-4555-8890-ec8fdaa75907,3005,Health Card,6644244,2029-12-22,True
b3fad78d-d04b-40a2-ae62-44310ac670c7,3006,Passport,3186524,2030-05-26,True
6e64b1cc-8c01-40fe-86db-31e8583bf29f,3007,Passport,2131073,2028-04-02,True
16b8d11c-4e99-4217-afda-1755c1525ee9,3008,ID Card,8281843,2029-04-25,True
2c3dced4-3bc9-45db-af09-7082a0196f4a,3009,Passport,7072971,2028-05-29,True
b1d2dd07-21db-4a27-9da2-f7b080d04e53,3010,ID Card,3086382,2035-11-07,True
edbdf615-9e1d-4d35-bf1a-ace427348296,3011,Health Card,7815243,2031-07-17,True
aaf65b6d-3d62-4190-b37c-9a45c3956138,3012,Passport,1716471,2027-08-07,True
b606b560-4113-4077-b3b2-0edda631dd8e,3013,Passport,4970034,2032-11-15,True
1864b34e-3d17-4b01-befb-42aa8334d6ef,3014,ID Card,7711183,2031-03-29,True
7f36ca4f-4e0c-4936-ba1f-be1cf30943da,3015,Health Card,7285417,2031-02-12,True
5d6dcb63-78d1-4c09-8b9a-ce51d11ad1f7,3016,ID Card,9686552,2031-11-09,True
db29a9e6-e787-4b46-a365-97ef94398054,3017,ID Card,6079674,2031-06-28,True
b9a2938d-6127-4c57-91db-ace45753e2e2,3018,Passport,3687434,2027-06-08,True
c554665d-28fd-4dde-8b3b-b69f4e7b66e4,3019,ID Card,1526062,2035-05-05,True
266ed643-6718-4bc6-9f74-6c4c3f870d42,3020,ID Card,4532359,2032-01-18,True
38d12e96-48fc-499c-a22f-236ca0c57840,3021,Health Card,6359454,2031-01-22,True
2691d25c-6a62-477d-9577-f797e4f5e012,3022,Health Card,8240722,2034-08-02,True
8de39465-4c7e-4078-a5c6-0b63c46a2cf5,3023,Passport,6700238,2032-04-08,True
96f127f3-f71a-4053-9c98-2d4f5435aecc,3024,Passport,9358491,2034-10-20,True
b9e7f186-810f-434b-9da9-c002c928ed4a,3025,Passport,1660990,2028-03-02,True
8ac1e057-7d60-4dca-be1b-0588c0904226,3026,ID Card,4136929,2027-11-27,True
01ee2acc-1d6a-47d3-9d0c-c6fe02315e4a,3027,Passport,1513689,2027-04-29,True
5d8414d9-41cc-45b1-9b74-98846655cd19,3028,Passport,6425567,2033-08-28,True
71c5d6cb-7733-483f-a680-dcf3bffe3864,3029,Health Card,6520568,2030-09-05,True
cde36fbc-11c5-4f95-9ac5-48ddf4a39272,3030,Passport,2203822,2035-08-29,True
956c9b86-647b-4cc2-a18b-c060541bf4d7,3031,Health Card,6981043,2034-12-12,True
e1ce6113-3d8b-4899-8190-a76a39155c6d,3032,Health Card,8721807,2029-07-24,True
eb313dff-cf33-4464-b092-ccb9e9bd991e,3033,ID Card,5663760,2029-03-03,True
b2dce2d1-5b45-4b65-a972-1284086be6c3,3034,ID Card,8704798,2032-10-19,True
a9337d44-c6c3-4a1d-a88f-1c7e06c57aef,3035,Passport,5141393,2027-06-19,True
8caa4a16-8c88-4a20-bdb2-1507b8644312,3036,ID Card,9193650,2031-01-22,True
3f905875-15da-4244-9ebe-b34d4bedf18d,3037,Health Card,1506540,2029-05-23,True
ccf5077c-8655-42c7-b121-4ee65f577312,3038,Health Card,8127845,2027-04-07,True
9da1978b-8f42-450c-9156-9eabab48146e,3039,Passport,3709547,2027-10-19,True
33cffd5e-8d8f-40d7-89ab-002dc0e1730d,3040,Health Card,6262162,2034-09-17,True
a4c070dd-6ee8-463e-81c0-c5422058608f,3041,ID Card,7478441,2033-10-28,True
5a46b9fa-ef39-43f2-b158-7769350bd091,3042,Passport,3109201,2031-12-16,True
7dc0cec7-6599-4c76-ae29-2d6d98593e4e,3043,Passport,1799825,2027-04-13,True
aafdce9e-4b9f-4f11-8795-20a960c735a4,3044,Health Card,9958405,2029-11-01,True
63ffbc51-db83-4af8-b07f-6e975b520240,3045,Passport,6798059,2034-11-11,True
6d24880d-a6c0-46fc-9412-e503b1bebcd7,3046,Health Card,2944133,2033-05-22,True
41773b03-fdb4-4e62-9a85-c624b8edf6a2,3047,ID Card,9891093,2031-11-26,True
59027d75-3e0f-4d2f-99a1-596dc540adf4,3048,Health Card,5441903,2032-02-02,True
110ad5ea-5bfe-4999-bfd1-cf481ee2a2f0,3049,ID Card,5817622,2031-12-21,True
95fd2aab-4010-42ce-9a3c-a68199a9002d,3050,Health Card,3836168,2030-02-24,True
2121523c-c1da-43b1-8aad-42366daff063,3051,ID Card,5833366,2033-08-08,True
fcbc5650-b023-4577-a497-8d3e072c58ef,3052,Passport,4709388,2030-07-14,True
f563cb8d-df7f-486c-b528-e7908ecdbaf6,3053,Passport,6812785,2032-09-04,True
a20868c2-7b6f-43e2-a89c-2a6abf875ae0,3054,Passport,9643979,2031-02-21,True
4d842ec7-cfb2-4ef8-a249-44a5402ee49b,3055,Health Card,5134172,2029-10-13,True
64d87ca3-cd7e-4fa2-bbc9-a58ac86abef4,3056,Passport,3244338,2032-05-14,True
760c3ad5-0212-4eb7-9ca0-4e7ca9392236,3057,ID Card,1959560,2034-09-13,True
4d21f766-fe7c-4b7e-9b5b-34e39194121d,3058,Health Card,4269561,2034-07-13,True
283a6177-b5ef-4716-902f-00d2f1eb3f48,3059,Passport,9084651,2029-10-13,True
98a4e932-7121-4bfd-994f-7230bb62b205,3060,Passport,1875516,2034-01-13,True
248729df-3f50-45e8-b260-6978e77be786,3061,ID Card,1559774,2031-02-08,True
b50ea383-76ea-4f76-8bf3-53347496cd71,3062,ID Card,4412835,2032-09-02,True
d84eb68f-13ec-4148-a0cc-27c576990d34,3063,ID Card,5866513,2034-12-18,True
7e3aa658-5458-4b20-81d1-4aef4bc333d7,3064,Passport,8948950,2032-02-16,True
4673cf80-2d93-4d41-bfa5-560a985753f4,3065,Health Card,5705104,2034-04-22,True
6469d31c-4dea-454b-a1ab-a5a6c76d58c4,3066,Passport,5936140,2033-12-08,True
5fe72098-85eb-4a87-8f00-d940578ba15b,3067,Health Card,3066331,2031-11-08,True
b2671021-6593-4a2b-8cac-c4d94ea7f275,3068,Health Card,2909105,2030-07-28,True
4eb7c38e-12ab-48ff-9869-0e98f97ab95d,3069,Passport,6428988,2030-06-24,True
b22f973e-9918-4f92-b035-5e7bdc77412a,3070,ID Card,2016807,2035-05-13,True
2b4698a5-6a61-43a7-b0e0-38ab6a4e9596,3071,Passport,4414523,2032-11-26,True
9b573d2b-a5bd-48b2-ad31-24e3dfd05c3b,3072,ID Card,5652771,2030-11-28,True
a1a638c4-d529-4df5-838a-eb6484844e4c,3073,Passport,7290738,2030-06-02,True
0eff48c5-ddfe-455d-b849-1c4f69b5b0e9,3074,Passport,7705233,2029-11-27,True
1dee190b-d55d-4b4b-9888-31e40677f7db,3075,Passport,7082090,2029-10-27,True
d1554a3e-907d-4a8b-8de8-b09ca5cef1e1,3076,Health Card,9237620,2032-03-16,True
d0406912-4f9d-4f64-81ca-86a97adb2f54,3077,Health Card,3972429,2030-06-17,True
7fa5f655-8715-4884-a6dd-f1ab133bd557,3078,Health Card,6851830,2032-04-06,True
0c90abbd-8f28-457c-9e9a-dcde4cb9709f,3079,ID Card,8237992,2029-09-12,True
0a8b8259-3db1-48ba-b7a6-a46287aeb2d9,3080,ID Card,6149975,2028-08-01,True
94d2ebc9-200e-44e2-bf19-c4665c028d30,3081,Passport,8983396,2030-03-01,True
bb95e877-ee7e-4249-b333-8226bea78535,3082,Health Card,8564978,2034-03-19,True
36808098-0eeb-42ba-af93-adf40d0e091a,3083,Passport,9605859,2035-11-06,True
73632766-be29-4624-aa09-6f1e2a38f792,3084,Passport,4044489,2028-08-08,True
b4572c19-3cfc-4e2c-9716-ea3ebbd0dd5f,3085,Passport,4246751,2035-08-26,True
12d3b1bd-bb0c-4bc2-bbae-155eb0a25da7,3086,Passport,9487826,2030-07-15,True
d8bbd219-7153-49ff-b3b0-9d514aaf1d67,3087,Passport,1361433,2033-05-06,True
a107e936-753f-413f-8736-b480310acd00,3088,Passport,2361928,2030-12-08,True
4030ca3e-87e3-488c-b183-f0c26b5e058a,3089,ID Card,6095108,2027-04-30,True
4104b097-4910-45ff-b64c-cc36cdb47d06,3090,Passport,8901859,2029-08-14,True
07385da6-0f40-4970-97cd-1b8555496225,3091,Passport,1315114,2033-06-14,True
350daad1-8a95-4fb9-88d7-06ad45d9537f,3092,Passport,4655430,2029-02-13,True
5cf052a2-17a4-4e4a-9c16-5dbb9e538a84,3093,Passport,7290545,2034-09-10,True
c92b40fb-4f14-4090-ae32-ed0e6bf86ed7,3094,ID Card,7641575,2028-06-23,True
4b38516d-8e73-406e-8b54-24b92f96c303,3095,ID Card,6312552,2032-09-04,True
ed486361-d256-4b7c-9b0d-214e4209a675,3096,Health Card,8221508,2030-06-18,True
acf3bbe8-d9c8-45a3-b776-1368a6611224,3097,ID Card,7727928,2031-10-09,True
ace8a415-cd7f-4db3-b08a-ba1596a64167,3098,Passport,4862804,2035-06-03,True
06612db1-1399-4b97-955c-b5824a8dba56,3099,Health Card,8531109,2028-04-26,True
90009c36-2da2-499b-bf87-12b245101d88,3100,Passport,1397381,2027-07-24,True
a57c3d2e-728e-413c-b68f-f9e5a6eccfe9,3101,ID Card,4604918,2028-03-29,True
d0e37f7e-d996-4f50-8527-8e393f0c592b,3102,ID Card,7687460,2032-11-19,True
b247bfe7-5a79-46af-9372-1e822991a5cf,3103,ID Card,7935543,2034-06-17,True
c214d136-a0e9-4b85-a91f-5974f19e27f8,3104,ID Card,3185934,2029-09-03,True
976559fc-bc5b-42c0-a8a0-8bd36035cb02,3105,ID Card,8586677,2035-02-22,True
a8d5bc99-e318-416f-bc32-6cad2dd86791,3106,Health Card,7783484,2027-08-21,True
fc1cbcd4-56c7-4af2-ae16-7311ecf2aebe,3107,ID Card,5969276,2030-07-25,True
88ec2c6b-026b-45a0-8079-03ab1b052e88,3108,Passport,2372390,2035-02-04,True
4e78ff9b-36cb-4486-950f-24327bf695c8,3109,Passport,3558377,2029-04-09,True
b79114b9-76e2-44dc-85c3-9949f308553a,3110,ID Card,6619000,2032-09-09,True
741a203a-1dbb-4f34-972d-1a65061f2ce4,3111,ID Card,2936364,2031-06-01,True
f45fcdb1-d94d-4d41-b3e7-1976368d66d3,3112,Passport,2606798,2031-04-25,True
59da167f-17b2-4a0c-b2b9-f7b750b83142,3113,ID Card,7161118,2035-02-16,True
d813b4a8-c4da-42b5-b8c9-4c99fd810b40,3114,Health Card,4066539,2035-08-24,True
fa61f119-7917-4623-9434-f024fd1fa69b,3115,Passport,5516711,2031-03-01,True
e6c0b9a9-5a57-4132-acf2-fc14f5c0500e,3116,ID Card,7127312,2030-08-14,True
792b5000-d905-4c1a-b4e8-c40e07b7c955,3117,Health Card,7463493,2031-08-30,True
febf76e9-a867-4523-b0b9-cc56eeeb48a7,3118,Health Card,2268142,2028-07-28,True
42a663d7-604f-4fd0-8303-86f36b16f40e,3119,ID Card,7923986,2031-04-14,True
927bfc55-15a4-4739-aac4-ccc07e29f39a,3120,Passport,9070118,2035-06-08,True
82405bef-7960-4a2e-b6bc-b98bac89d7a6,3121,ID Card,5060423,2029-11-27,True
86f54f7a-9636-44d5-a4a7-4d7a472362eb,3122,Passport,3492013,2035-05-01,True
c1086614-dc1b-4f06-bcac-6a7cec46e426,3123,Health Card,6970053,2033-08-09,True
16df802f-068b-47dd-a276-73c40e49c50b,3124,Health Card,4957828,2033-05-17,True
06068a18-b065-4435-a920-b3129640c3e0,3125,Health Card,4276383,2034-12-30,True
22b56c43-32b5-42ec-b6b6-6b4db9f63b70,3126,Health Card,9838662,2028-08-05,True
69df994f-8f27-4758-a401-3e157e7226a0,3127,Health Card,2612546,2032-03-02,True
b5e83d8c-2134-498b-a502-4dd5ceb86750,3128,Health Card,6633478,2027-09-23,True
4910677c-a63e-419a-9b57-14202e548ff5,3129,ID Card,6145078,2031-09-21,True
39950c79-528f-4f9c-9232-5d57b717b089,3130,ID Card,9417096,2031-04-07,True
7d0d1b75-9a63-4459-8a94-bf8647ca6ca0,3131,Passport,6813661,2031-05-21,True
f109d0e5-ae52-455b-a2fa-1027e2c9ad9b,3132,Health Card,4561404,2027-10-01,True
870826f9-a150-48f8-abae-390f53a8004a,3133,Health Card,9028976,2034-06-03,True
cc5cb96c-1b47-48e4-99f6-795ca7c15193,3134,Passport,9630430,2031-05-07,True
8ad0cbda-272d-4975-924f-a45d2598817e,3135,Passport,8384503,2027-05-09,True
5280a733-3db7-40e0-90f3-0df00d9c1969,3136,Passport,8714550,2031-02-22,True
81b769c8-2dbf-40f0-96c3-2011a5e8a4a6,3137,ID Card,6694152,2030-01-14,True
9b33c7e2-c4fd-4250-8ff1-95beca8713e1,3138,Passport,3572026,2028-05-19,True
6cc82d74-2e64-4c8c-9778-bdd134956f0e,3139,Passport,5387301,2031-06-27,True
45312951-3461-4ae3-9704-9663adc9ed77,3140,ID Card,1161485,2034-01-26,True
c59b5d99-0c4b-4373-bb93-b2ec961e5519,3141,ID Card,8731135,2029-08-17,True
621c47aa-407d-4271-87f1-63b7ea9a30ae,3142,Passport,2056052,2031-06-03,True
e04fa941-4edc-4dd2-bbe8-8a2853f02aae,3143,Health Card,8658424,2034-11-23,True
3efefe67-fc55-4b8b-8bd2-70b27f675ee6,3144,Health Card,7688232,2033-04-27,True
1cad4c02-8e29-45d3-ba13-1fd235fd1154,3145,Health Card,9730972,2030-11-02,True
1c2d9e5d-dcb0-4182-9028-504c150a5fc3,3146,Health Card,8507248,2035-07-31,True
a0e3ee7c-17bc-4609-b005-8ce78f76cc02,3147,Health Card,1917502,2029-11-02,True
ea991313-f0fb-4105-8489-a790c44d84a3,3148,ID Card,2020484,2034-12-02,True
a206dd0d-697b-4883-a035-ed5e7693e6c5,3149,Passport,8605485,2033-04-12,True
c419c3f2-36f0-49fa-8eab-ad0ef85846d0,3150,Health Card,8229133,2031-11-11,True
d7e63a45-6d58-45b0-8f62-da0f91fab988,3151,Health Card,2460642,2029-12-20,True
7dc3e2d8-66b9-4406-ba59-efdfc26f7ca7,3152,Health Card,9965824,2034-10-26,True
9843cc7e-e965-44d4-a0ff-5a220db78ba9,3153,Health Card,8149225,2033-11-09,True
5796c156-88a6-4944-8484-36561f77a6f5,3154,ID Card,2409868,2032-11-13,True
720deb69-7856-4504-af99-9c7fdd54aadb,3155,Health Card,3768624,2028-02-23,True
58c56262-e463-4482-be10-8f7d3d4c1491,3156,ID Card,2881320,2029-02-14,True
258b4dca-8342-4033-9595-5bf49121b71c,3157,ID Card,3522699,2027-09-06,True
d30ea343-5003-4c64-b858-8dc39814f623,3158,Health Card,9458138,2031-08-24,True
5c046fc9-1549-4615-8839-00f2c90c8c76,3159,ID Card,3532443,2033-06-19,True
7a18a2be-67f7-4c93-9b8b-3f4de50a4e1d,3160,Health Card,4148999,2034-11-13,True
b20c7a11-1c05-40ff-b378-6ca016981263,3161,Health Card,8016577,2035-08-30,True
54ad8683-be1e-4e54-aff3-48ff9ce3c5a1,3162,ID Card,6497045,2030-01-24,True
300533d9-12db-412b-96fd-ece25ded7adc,3163,Health Card,9233769,2028-02-08,True
7e3f9a60-92d2-44be-af60-67ab8cd295fa,3164,Passport,4769322,2032-05-10,True
60a2f2f8-1dde-48b4-b0b9-0a537b043591,3165,Health Card,3038146,2033-12-05,True
44cef3df-43a1-4658-a3dc-876673a03197,3166,Health Card,6837798,2028-10-20,True
20dcab21-be01-48e1-87ed-4157b742fbef,3167,Health Card,2697510,2027-10-25,True
a0409130-3b5a-41c2-9980-11e65c89086e,3168,Health Card,3431920,2034-12-10,True
8be74ae5-c5dc-4509-9edf-d5c6a48a3059,3169,Health Card,1503812,2035-01-05,True
18ecc24f-cec1-40c4-891e-46d7229e548c,3170,Health Card,1041548,2034-10-07,True
071b4869-99c7-43b2-81fc-5f9750e60998,3171,Passport,7625530,2028-10-31,True
47874f50-9568-43dd-abf4-7744ae071f62,3172,ID Card,3449844,2029-09-10,True
d62afedc-40f9-4250-acb9-c7fd7be41f4c,3173,ID Card,7711484,2031-03-05,True
f18e91f3-7b28-4c8a-9278-bea78f8a6916,3174,ID Card,1323181,2028-04-08,True
4792222b-44f1-4488-849a-7501647ce933,3175,ID Card,2921122,2030-06-25,True
99e637fd-b2a0-43f0-925e-89a7091c3329,3176,ID Card,5857090,2032-12-06,True
f4f1e0cc-ec4c-4f8f-811a-3a0d29f9ca6b,3177,Health Card,1580628,2035-03-02,True
5f61f487-fff6-4dc1-9b78-3b36cbde0b5c,3178,Health Card,6601100,2027-02-09,True
0a95ddd9-fbf5-4e0c-9e70-40bd3e7e9bea,3179,Passport,3355743,2032-01-22,True
162be751-b00a-428e-a52a-015f3279dc1f,3180,Passport,4622931,2028-06-27,True
48b38a90-2c09-4ac3-90f3-d923a80c87d1,3181,ID Card,5937873,2027-04-20,True
07001c03-e5bc-4599-a6b8-46b3bde88f5c,3182,ID Card,6111322,2033-05-03,True
bddf5caa-e20b-4fe6-9be0-f139fe44bdcf,3183,ID Card,6606623,2032-12-29,True
b315dfe9-4514-4a48-afc3-d8b2ca1fb887,3184,ID Card,6746018,2033-04-26,True
20b9423c-af09-43d2-9f76-8c1e21aa66de,3185,Passport,2626574,2035-08-25,True
fd4e8c1d-f71b-41de-aa1e-9d0bcb732f70,3186,Health Card,2285723,2033-02-05,True
3770abe2-09d6-4208-ac38-757877cd1f76,3187,Passport,2018782,2031-11-17,True
0ec058db-8513-4a56-b61e-9a0e62f0d71c,3188,Passport,8538814,2031-07-31,True
fe983096-e397-4242-9db9-4a8bcf5a199f,3189,ID Card,5265493,2034-09-20,True
f77a39a2-af8e-4235-b753-90f5e976e54a,3190,Passport,6843377,2030-11-20,True
56703a6f-db7a-4c52-9707-98a4cb55e010,3191,Passport,6903532,2034-06-20,True
8b27978e-dcc5-41c9-ab33-e1933cf7a7f5,3192,Health Card,3455846,2028-02-15,True
e467a610-f261-4c01-a258-fc13613a5837,3193,Passport,8288478,2034-12-27,True
fbdef7fa-3910-4386-b429-67838d67d066,3194,Passport,7258985,2035-11-04,True
dac222dc-dc99-44e0-8b5a-827ec0831dc2,3195,ID Card,3314842,2035-10-14,True
6bb9bdb7-b95b-4e65-9fc2-e176a944e308,3196,Health Card,6738529,2028-09-08,True
9b853cf8-7aa2-4302-a14d-c513a4bdf9e3,3197,Health Card,4463706,2027-07-06,True
d5b727be-855b-418b-a36b-6176c5ee68f9,3198,Health Card,6692871,2034-01-10,True
23487b18-8e3a-4c18-8769-796a86f5a7f8,3199,Health Card,2877726,2034-12-05,True
007dce31-4118-4161-b61f-954d568c1e29,3200,Health Card,8172885,2027-03-16,True
66082026-fb01-453a-90e3-d91122fef07e,3201,Health Card,6582515,2036-01-14,True
81fa4587-6915-46d1-9f50-a546d0a08a62,3202,ID Card,3765960,2027-07-15,True
e15123c1-cf04-4b48-9bd7-ed694210b228,3203,Health Card,5294057,2030-11-13,True
05d30ebe-ee28-4593-aa9a-09b599d507b7,3204,Passport,3966750,2031-10-21,True
7667fff8-3a96-4da0-bffc-2bf61849d1d3,3205,Health Card,2560208,2034-01-04,True
50bd43cf-dc39-42b5-ab08-affa6e2e7219,3206,Health Card,3829473,2034-04-25,True
a569277d-2e20-45e5-8096-0e4b113f1cb0,3207,Passport,8051327,2030-10-11,True
d9fbeea6-12b7-4a40-aea0-06a800705eb8,3208,Passport,6918095,2031-03-12,True
0bcf1505-cfe6-4130-9870-bb670bde7334,3209,ID Card,3812338,2027-09-14,True
96238f72-d792-40a7-a0f0-875b89f3d052,3210,Health Card,1710089,2031-07-26,True
2c6531e3-add7-4cef-8018-f50827ca27e8,3211,Passport,3962152,2029-06-08,True
9ccb1cca-0c48-49cc-a900-c6120417da1a,3212,ID Card,4772651,2036-01-20,True
9761bb98-d525-4235-9e6d-42f7e8ff4d91,3213,Passport,7234874,2034-06-05,True
1b233885-587c-449c-896c-b12610f7301f,3214,Passport,4663689,2030-04-22,True
a3ebade1-cc56-4304-8125-54c696eac8d9,3215,Health Card,9898341,2027-08-21,True
6106f6ee-6054-47a8-8c9e-a9f3253f70d7,3216,ID Card,9134014,2030-10-15,True
830a2c36-cd1b-4eba-b342-a485b05d93e6,3217,Passport,8809139,2028-08-20,True
74a9c814-ecfb-4ccf-8deb-a1961aee64d0,3218,Health Card,2868638,2031-11-16,True
237b4031-69d6-42d1-b97a-405f55d6884f,3219,Health Card,1792459,2031-11-19,True
7ef1fe83-83a8-403f-bc1d-dbb77f0560af,3220,Passport,9773717,2034-07-02,True
1ffdfaf9-0cd1-4cf6-8fa7-ac48181069a9,3221,Passport,9196477,2031-09-09,True
9d67fb34-c578-4b52-855b-3d73518c86fb,3222,Health Card,3105405,2027-10-12,True
53eb3a77-f2a9-44ca-b937-c06b200817b0,3223,Passport,6213813,2029-08-07,True
7cafebd0-dbf6-4ad3-9a2a-d4a960e78833,3224,Passport,6335359,2032-09-20,True
70f3dbb6-f6ed-4cb0-9487-db0d0d6e6b41,3225,ID Card,4309251,2033-06-11,True
04a123a3-e646-4bd2-b787-13feccebb618,3226,Health Card,5282325,2033-10-27,True
bbcf5ec8-13de-40f8-93e1-ff1f60f04fca,3227,Passport,7806336,2033-09-06,True
cfed146c-8265-4621-b214-3bfd44d55723,3228,Health Card,5346133,2032-05-15,True
ef1788fc-cf4e-4ba6-85a5-18e4f2b1bf19,3229,Passport,7190776,2033-10-03,True
13506568-0ca5-4e30-adf8-ce65654b414f,3230,Passport,9508998,2035-03-28,True
a9c3fbab-5a82-40f1-a949-f6fc1ffacf36,3231,Health Card,3940901,2027-01-27,True
91ea59de-a492-4a98-b304-aa3ddab9ba27,3232,Passport,5432488,2027-10-13,True
f8d0f763-1426-4ad3-bd03-e3ae75e73e33,3233,Passport,2144822,2035-07-14,True
70b582cb-9191-492c-8c83-75bf067d1cbc,3234,Passport,2226526,2030-09-03,True
b2e0da66-5a82-43cc-8bd1-e0fede8a8674,3235,Health Card,8941650,2034-01-01,True
b7004104-b91f-4917-8cf8-e9439d7b3f0f,3236,ID Card,6499692,2028-01-07,True
666d7e0e-5785-405e-9799-ba9e6a03448c,3237,ID Card,7497739,2032-05-01,True
7c8c6d8f-4c70-4deb-a5d3-6371506b8a9a,3238,Passport,6797605,2028-12-28,True
e56f2b22-8d21-4819-b482-2e789dcfefb1,3239,ID Card,1335326,2032-09-22,True
100e5533-5315-428f-91f5-db8a5ddb630f,3240,ID Card,2559656,2033-12-25,True
9bf520ec-a64e-4207-b4dc-30312ab6c01f,3241,ID Card,3239204,2035-04-22,True
a0d171bb-9c86-4a16-9a50-ce5a2a66991d,3242,Passport,1159600,2029-11-09,True
449e07c6-3137-4b72-8861-f98130468621,3243,ID Card,9045704,2032-09-20,True
ba1b4634-a9e3-4a0e-ab81-bb6afe00f302,3244,ID Card,9214991,2032-01-17,True
460ff8cc-8fd9-4be8-b301-4577b812bc53,3245,Passport,9350666,2030-11-08,True
95a6f0f7-a86d-4fe1-8bb1-e6fd562ce163,3246,Health Card,6008795,2030-01-15,True
1a93abf5-7b38-4007-9216-743246206f34,3247,ID Card,7104840,2029-02-08,True
4d45ae7d-d947-4c57-80e3-6d34201aa35c,3248,Health Card,4667743,2028-09-06,True
56706e30-8241-47d2-98ea-9996f2f9e3cc,3249,Health Card,2623808,2028-05-27,True
91f51cc7-8285-45aa-a754-96677a857c96,3250,Health Card,3740163,2034-06-29,True
34d59356-8528-44e6-83cf-ae5d3d740a78,3251,Passport,9546670,2027-12-29,True
96faa784-1057-4096-a19c-55bc3fbd8c86,3252,Health Card,1155416,2035-07-24,True
b10186e6-5e4d-4002-9c0d-ac45eb06e293,3253,Health Card,3021610,2035-10-06,True
eea61602-1e08-42f4-9f49-7bc3168420e4,3254,ID Card,9619778,2029-12-03,True
4f838175-2c73-4b2b-810b-e0cc77166a86,3255,ID Card,6554019,2028-06-23,True
bbd22de3-46ab-4227-80e1-a0147e97c593,3256,ID Card,8346008,2031-08-09,True
1a50b8e5-a942-46d3-97b3-97d713e01245,3257,ID Card,1310347,2027-05-20,True
7278fad5-0a39-4bc3-9035-9e680b952d0e,3258,ID Card,5530531,2034-08-12,True
67688650-66e5-4750-bb7c-41466f37d2c5,3259,Health Card,9527118,2034-10-16,True
3e64a1d7-9173-4839-9478-7ef155a12938,3260,Passport,5929442,2031-08-19,True
22b335ea-24a3-4ad3-ba35-58ca1bf1da80,3261,Passport,5591554,2031-04-21,True
063a1e60-3a6b-48aa-8c62-702d79b0f880,3262,Passport,7115335,2033-11-09,True
2a3a521b-cfb8-4ebc-b63e-ebc8812a7e68,3263,ID Card,8760526,2028-11-02,True
9cd33bf9-cf9d-4272-8797-5c36bf8fda22,3264,Health Card,1953207,2029-08-25,True
a2bf6a27-ec57-4668-9e64-fbc544781858,3265,ID Card,2713702,2030-06-27,True
b5fa515c-001e-46bf-b550-55f1f64541a1,3266,Health Card,2879693,2034-10-05,True
a04dbba9-5dcd-482a-b52a-620576f3b7e4,3267,Health Card,7102696,2035-01-01,True
4111eb9a-3c97-41fb-8fef-4ec6f3e34c65,3268,Health Card,8510078,2030-05-10,True
0a57d5cb-f1ef-4552-a441-5d2b5325d519,3269,Passport,6279985,2030-07-07,True
02ed4640-1ffb-48d8-b1fc-25f5cf9010e6,3270,ID Card,8351655,2027-07-09,True
980b7caf-d9cf-48db-9120-10051e49d5e5,3271,ID Card,3168957,2027-06-05,True
6063f4ed-0b73-45b7-ad89-96c101215b0d,3272,Health Card,5597326,2032-11-16,True
c22f6573-3027-40ee-a6ac-af5ae9532478,3273,ID Card,6477492,2028-05-22,True
65d929a8-5a81-4e73-9dc7-0b1d31b239ad,3274,Health Card,4053793,2027-12-26,True
036f41be-d9c9-4428-931f-172488085c77,3275,Passport,4172939,2032-05-04,True
2fb90e88-5482-4189-b7c8-0805175d098b,3276,ID Card,5486654,2029-04-16,True
467dd426-0d56-443c-82b3-e9dfc4329a10,3277,ID Card,4529120,2035-08-16,True
ec1790a1-3ad7-47be-98bb-959b28c108bf,3278,Health Card,8692226,2029-08-16,True
435ee2f9-d964-4909-bf49-8bfedd15c887,3279,Passport,7666504,2034-03-14,True
8cccd34c-63be-4de1-ba5f-8428ee30f516,3280,ID Card,9290933,2028-07-09,True
dec05c9a-755e-41c2-89d2-f2cc6ee4e427,3281,Passport,1734254,2030-09-29,True
8e3f39db-2187-459c-a670-5b0bf6f9b133,3282,ID Card,7174067,2033-12-21,True
1be4a607-d799-4802-8583-cbdf040136e8,3283,Passport,8621688,2035-01-30,True
051bc93a-fda5-47d8-b84e-4cf57b96511c,3284,ID Card,1052948,2035-11-05,True
6173b076-fd7c-4f4b-8ed1-33742e981635,3285,Health Card,4713827,2032-05-04,True
e0f6c5bc-f256-4f15-9d1e-f3eaaf01395e,3286,Passport,9541628,2027-01-31,True
99db5664-c2b7-4ca3-8530-6bc312228c5c,3287,Health Card,7101843,2033-06-13,True
23051c67-c04a-4c35-91ca-a5abb988cb66,3288,Passport,7104780,2027-10-18,True
e53716be-7499-44d8-99c1-b34c5b33bb00,3289,Health Card,6883883,2033-11-03,True
4a33e028-80d7-40a7-9bea-9ff6f24a4b5e,3290,ID Card,9866567,2029-07-18,True
bdbc8982-2a4e-47b5-bec9-8bdb6aaae247,3291,Health Card,6145002,2031-06-11,True
1e8aee67-c66e-4d7f-8999-5405aa6811c9,3292,Health Card,6972523,2032-06-01,True
3829ba90-e2cd-4d8f-95dc-983fb09dd95f,3293,Passport,6602248,2032-07-01,True
9cf08ecb-96f3-4d53-b6c5-093f0dcfa6f4,3294,Passport,8184678,2031-10-26,True
059d107f-855d-4b6c-8ecf-f954f5127623,3295,Passport,3436108,2030-12-18,True
7ac89f51-1053-4385-b6f0-7ce6ccccf82c,3296,Passport,3744921,2029-07-15,True
0a538922-b865-4183-9051-8df66e8c7420,3297,ID Card,2193558,2035-12-20,True
b7792683-edd6-4528-8623-7b324698b85f,3298,Passport,3812864,2030-12-14,True
751eea97-0b40-4834-a2f3-0e7a6fc402a6,3299,ID Card,1440790,2030-06-09,True
a3e96025-a274-4bfa-a559-a037a81573b3,3300,Health Card,1733281,2029-01-18,True
eb7043d4-45ac-432d-beae-69f11bc03cc0,3301,ID Card,5979712,2031-06-05,True
b80ce9c6-0ab9-4964-ac64-2ee5f1864619,3302,ID Card,2987220,2032-06-21,True
5994bbb3-a3c4-4b84-a00a-bdd760741843,3303,Passport,8595901,2029-03-09,True
33668397-932d-4460-af9f-811f7c26ce43,3304,Health Card,1510476,2031-11-19,True
5a77af57-b5e2-4eaf-9287-fb3527d86239,3305,ID Card,4756051,2030-09-02,True
ccefb75e-778b-4ef0-b629-751c79cdc68f,3306,ID Card,8942140,2027-04-22,True
2fd40d0a-3dc2-4ce2-bfb5-29ab32749437,3307,ID Card,2725980,2027-12-11,True
db141b31-09ad-403e-b2f9-2e8da812850f,3308,Passport,3922586,2029-10-20,True
196c9483-ab0d-4ded-a343-151bf6b17064,3309,ID Card,2147574,2035-12-16,True
85e451b4-6b5d-49bb-ba97-30bb827ca809,3310,ID Card,2310130,2032-04-16,True
6db8321b-5dd8-4722-b11f-8de96713c64d,3311,ID Card,3545004,2031-05-29,True
a4b94d31-523c-435c-abdb-bd9a48d40fb2,3312,ID Card,3008729,2027-07-31,True
afc019c6-b58e-404a-926c-3cae14fad5a4,3313,Passport,6551443,2031-10-06,True
5ad4c9af-6c64-426d-89ed-18d73bed6ac2,3314,ID Card,3944439,2034-02-06,True
b04c8200-12a4-4fd3-89fc-03ffc1275331,3315,Health Card,2081436,2027-09-11,True
f2ff9004-f9f7-45b5-9229-a377f95243f9,3316,ID Card,5484368,2029-11-02,True
a141e184-cd62-4bfd-a52b-32e9f6051f82,3317,ID Card,8013907,2032-05-04,True
dfd398e4-669b-472f-8b26-eb0de7ce9d6a,3318,Passport,1038517,2033-05-15,True
46817011-a9c4-4e45-a65a-78c6430cd8c1,3319,Passport,2629728,2033-04-17,True
6ac8d638-b6db-4eca-b661-3ebc274c2ad2,3320,ID Card,4989990,2035-08-28,True
763138be-bced-4136-8315-39e88ee26bba,3321,Passport,1874427,2027-02-04,True
80d766d7-cdf9-442b-b096-a3ae8b1d85fa,3322,Passport,6515991,2032-01-01,True
0e22e628-7837-4631-aa54-ade952685fc2,3323,Passport,3324295,2033-10-31,True
92e8a52e-6ce8-453b-8cf1-2264693defc7,3324,Passport,6344982,2028-02-25,True
5db86624-a5f1-4a9d-ba1a-48ac413486c1,3325,Passport,7682946,2035-11-27,True
55fce517-516d-4f5e-b675-0a14b038581c,3326,Health Card,5459666,2032-08-08,True
40bced84-b6e0-4a1f-a0f5-72c91c724739,3327,ID Card,3788529,2035-09-17,True
a3c4196d-1b9e-4f70-bd76-5ccdd7cc48cb,3328,Health Card,3777916,2029-10-09,True
9f41d860-91b2-4278-a05a-0b3e9d78816b,3329,ID Card,3771229,2034-05-06,True
953cc698-d24a-4b44-94ff-98d1ec41c6c6,3330,ID Card,1569147,2035-08-14,True
2e4dc473-d580-44f6-ab51-2a09a400a147,3331,ID Card,9338509,2032-03-13,True
b7998c14-fdb4-4c60-b21e-aa411c3bd495,3332,Health Card,2565965,2032-05-12,True
e0de5944-70ae-4c01-b255-71b83a5cd59a,3333,Passport,8083744,2028-06-26,True
3039449e-d163-42d0-a031-59adedf1571f,3334,Passport,3174825,2034-12-29,True
da4134ec-fadd-4776-99cf-45668ca1b244,3335,Passport,1120935,2029-08-10,True
814e6ced-9f05-4859-98cb-35d72e63fb3a,3336,Health Card,5940303,2034-01-08,True
299497b6-b874-4d77-84a9-5d020ae3e7d0,3337,Health Card,5048451,2035-06-13,True
2832f730-54f9-454d-afad-22665d6e0bd8,3338,ID Card,9387209,2028-11-28,True
9e4962b4-e289-40d2-9947-a90bae759bd1,3339,Passport,5142780,2028-07-19,True
fd6118c9-be8c-4314-b294-5799ecf5dece,3340,Passport,7387029,2028-09-17,True
0d66aacb-d1d9-4eb8-9b77-dceb45fa45a0,3341,Health Card,6716431,2027-03-06,True
4016f2ef-bf9a-4e98-9438-22099e528e50,3342,ID Card,6920110,2028-02-27,True
2a41b9c0-abd2-4520-b2d6-f8deeaedc3fd,3343,Health Card,5691060,2030-04-18,True
8bef0d3d-0ad8-4a04-8bb3-d65d2db3d02d,3344,Health Card,1492174,2029-06-01,True
88421004-b812-40f7-9696-7cfafe6a872b,3345,ID Card,6714079,2032-05-27,True
9b46c2cb-9985-42a9-b18a-04b11a9e98ad,3346,Health Card,9986025,2030-10-14,True
6999d223-96e4-4f90-8f8b-5308a4ab28a0,3347,Passport,8417846,2035-01-01,True
5cc78df4-1403-414a-9c30-16c41bb93985,3348,Health Card,6844592,2030-03-24,True
5a1bec05-4300-47da-b4ee-8f6c024f824b,3349,Health Card,8662665,2030-08-02,True
ec930684-278f-4d0b-9fff-38f5adc5ca29,3350,Health Card,4939447,2031-07-24,True
90662c22-c1f3-4d05-b827-95f63eb2bb04,3351,Passport,4184180,2035-02-11,True
629e4003-1b82-4b89-8cff-ddf76ba758ee,3352,ID Card,2607773,2031-03-28,True
8bcf1d57-5c2b-47ff-aaae-989851da8a46,3353,ID Card,9729693,2032-08-15,True
af237132-7f9a-4149-a57c-dcba126aaf24,3354,Passport,3219946,2032-04-03,True
71ee6380-58ff-4c84-b9b6-890ac9ac61d0,3355,Health Card,6620005,2034-11-15,True
f8e9a93d-67ac-48fa-9ccd-0f2c1fb66b90,3356,Passport,3860080,2033-05-13,True
e8c7e3c6-28bc-4424-8432-28ce9514b924,3357,Passport,1636529,2035-04-15,True
4f0a6b91-8e8c-4a16-8bf6-1185463466db,3358,Health Card,7913716,2033-09-05,True
169a04c0-12c8-40d8-953b-b1acc25a51ca,3359,Passport,8691110,2036-01-04,True
84158fae-f3b3-4e7d-9ecb-289602846695,3360,Passport,2304032,2027-11-09,True
2ed77fcf-50a8-4dcc-b403-a3164b356782,3361,Health Card,2599415,2033-08-15,True
b3252ffa-a608-43a7-bae6-4b746b2201b4,3362,ID Card,3015353,2029-06-04,True
07685365-20a4-424e-a747-9426045f2f10,3363,Passport,5266892,2029-05-21,True
d6549132-d189-42b0-a20f-b39bce7edfca,3364,Health Card,9290041,2034-04-30,True
1c01c2b1-1bdb-46b0-86cd-beb2279ddb52,3365,ID Card,5112611,2032-03-22,True
6ff4b260-8a7a-406c-9274-3b52b0b414bc,3366,ID Card,2498940,2033-03-31,True
57ee7422-4c50-4f60-ae14-64c19ea87163,3367,Passport,8042641,2034-06-18,True
36cf73ce-5788-4551-b07a-7f577d36c4eb,3368,ID Card,3601781,2029-10-13,True
4854dab8-3b4a-4912-ac5f-610ba772b10f,3369,Passport,3180556,2028-12-09,True
09cbf33e-d9cd-48dc-aa4c-0e15362e10c0,3370,Passport,8574058,2030-09-18,True
d16bb17b-e338-45c6-89b8-524fe89724ac,3371,ID Card,5428958,2029-01-17,True
2d2a0236-cb66-45fc-9ffe-03febc086452,3372,Passport,8864150,2028-04-21,True
26bcad6c-abe6-4def-8654-f6d3c80ff6e2,3373,Health Card,2267949,2034-07-16,True
b5c1b5ca-64dc-4049-bbb4-81b31ad4083b,3374,ID Card,8007428,2035-09-19,True
765c0bc0-bb2f-4029-9124-ba468b0cbfa8,3375,ID Card,7010306,2030-06-28,True
e1700859-fc5f-4465-b8ee-f0b7c7ce9bff,3376,Health Card,7563817,2035-10-24,True
63c852ed-4055-4e91-b2a8-2ec6ae5752af,3377,ID Card,3289465,2034-02-17,True
aa5cd91b-19e7-4157-a69d-b365cff8040e,3378,Passport,7494383,2028-03-05,True
959a52c0-1cf3-4e24-954a-a196e9161bf1,3379,ID Card,4266584,2032-11-26,True
36cfe24c-e42b-436f-9157-ab73002e8867,3380,Health Card,5490735,2033-09-21,True
e2bacbe4-0a2d-450c-85e7-171bc40d6661,3381,Passport,5341669,2027-11-22,True
102f85a1-390a-4e49-8fff-3fcbc9a577f0,3382,ID Card,3473928,2027-10-23,True
7bac321c-3844-44d7-bed1-0ed4ce11aadd,3383,ID Card,3931096,2032-06-17,True
e5c4566b-b122-40f9-bfd3-7ef17ddb9d8b,3384,Health Card,2783136,2028-06-29,True
a79e95eb-857d-4d24-b0b9-ca29e04506c2,3385,Health Card,3775406,2031-06-24,True
b5209026-5add-40af-934d-0dfc944d37ca,3386,Health Card,2868771,2033-01-27,True
976a708a-a144-4206-8df9-450b195e6eb5,3387,Health Card,8921222,2030-01-31,True
4eb5bb18-0ad1-446d-8b82-81ad7f54e06f,3388,Passport,6316669,2029-06-21,True
1aa494aa-bfbf-4b99-8b8d-c855112e519e,3389,ID Card,1153390,2028-01-02,True
064c855b-170e-4dc6-980b-465502efa44c,3390,Health Card,4734621,2033-05-19,True
a73c0811-b077-403c-aaca-bb121ab20236,3391,Health Card,3966432,2027-12-01,True
28839aad-47a6-4dd4-ae4c-4c56c2bc81a4,3392,Health Card,2131406,2030-08-03,True
b08e7b89-8bd2-4f45-b42c-0a00fbf11e8c,3393,ID Card,1468548,2031-10-24,True
7a289df5-1091-40bb-b6db-c30859aa862e,3394,Health Card,1504307,2028-01-20,True
309112ff-0fbb-4ccc-935b-b074f46dfd52,3395,Passport,8442451,2033-01-18,True
98588661-c608-4707-b7b5-043f43575cfa,3396,ID Card,1196675,2033-01-04,True
2d2a00f2-7c6a-4953-b9df-56e2d10c2128,3397,Passport,3509470,2029-07-13,True
336370a3-b096-42de-ae2e-467db7b3d239,3398,Health Card,8477642,2034-07-03,True
3e0aa784-b67e-4c8b-9ff3-5b5ce333e833,3399,Passport,4818338,2033-07-05,True
a59bd138-c100-4474-b2d4-c499285f9072,3400,Health Card,7460875,2028-08-01,True
cda675b9-cd9c-4b06-8b69-afc36614d5c5,3401,Health Card,5654236,2033-09-19,True
29c4cc14-26c3-4832-a1ed-9ffef4ef0d02,3402,Health Card,3229587,2032-02-22,True
4773ba6d-07d1-487a-8a34-038c2c3390c6,3403,ID Card,9214598,2034-07-30,True
939d5a53-44c0-4b39-92d1-e8997e0c0c9e,3404,Health Card,1012765,2027-06-18,True
ff17a5f8-7f82-4aa4-8e1d-98d6d33cd0f8,3405,Passport,4269640,2031-03-06,True
fb88edb7-8d27-4705-af4c-84f9cdc83b43,3406,ID Card,6043997,2029-07-27,True
d6e9fe2b-4e7e-449a-8084-90d0c9d3c82e,3407,ID Card,7286822,2032-08-27,True
58141472-b521-49a5-a0bd-8847f607458c,3408,ID Card,3162645,2030-03-18,True
83f59951-c271-4829-85bb-d2c083fb31eb,3409,Passport,9886287,2028-08-08,True
e9e6264c-8e4b-40f8-ab80-9ce7a7f69f74,3410,ID Card,2851184,2031-03-29,True
0ca00f95-cc12-44a0-82a4-a5ba4ab0881b,3411,Health Card,4853116,2032-03-17,True
1076f755-9535-4b78-b004-a0c5ae85fe71,3412,ID Card,5755759,2034-01-15,True
2797f8eb-d6bf-41cd-ae72-e0dad4ed198c,3413,Passport,8178776,2033-04-23,True
d0f9a24e-f400-45cc-8d11-102219b7d3d2,3414,ID Card,6275358,2035-06-13,True
1fb563b0-5ebc-4d95-b3ec-d3b2762a0ba2,3415,Health Card,2106718,2032-09-06,True
9d7d838a-811e-4791-822e-52744597bde3,3416,Health Card,7011136,2032-01-28,True
d69ceb04-bc57-43f6-a05f-30c45612bf05,3417,Passport,6060760,2032-02-05,True
7a151b61-2cf9-4948-b8be-882582b22a74,3418,Health Card,1566158,2035-02-27,True
26779719-2be2-47e6-9492-933d56c50385,3419,ID Card,1666669,2034-06-13,True
55685cc6-c9fb-4c44-83c5-b798110dc1d0,3420,ID Card,1669632,2033-12-20,True
74919df6-b335-490b-90c2-7917cb99df46,3421,Health Card,8102897,2031-04-17,True
04cdaedd-b890-42e8-9a3e-d03392ca26d7,3422,Health Card,7245420,2031-11-06,True
223b8aa6-71fc-4f9e-aad1-cb54a25d3cee,3423,Passport,9234088,2035-05-17,True
df39b616-041a-4fd5-a58a-a7a4087ffa3e,3424,Health Card,5179415,2030-09-28,True
52be2664-b2c5-4082-967b-ba34705fb3a7,3425,Passport,6619050,2030-10-08,True
6bdc2705-a128-49b6-ac24-db0ee9c38873,3426,Passport,8868295,2027-09-18,True
927f9fe6-c3f0-4e16-9f1e-7f8cd0344898,3427,Passport,3653263,2035-04-16,True
cd332eb0-f3f9-4408-8c30-bdc4ea1efc27,3428,Passport,5817090,2035-06-11,True
98dfe470-615f-4cf8-bed5-25880bcd08ed,3429,Health Card,1121446,2028-06-21,True
169c0b5b-312e-4b04-9f3c-b254412067b1,3430,Health Card,9184758,2036-01-17,True
fe3d47b0-f5dd-409d-bed0-27ea57a83218,3431,ID Card,7679026,2032-12-09,True
f3fee7a8-11be-4af2-8180-dda56c37b1f2,3432,Health Card,2991963,2031-08-28,True
a0e7d4c2-1022-457f-a984-eebcff8378fe,3433,ID Card,2307437,2035-04-28,True
d31c7cdc-dbd5-407a-bf88-f4ad2b12c70f,3434,Health Card,2514145,2027-08-14,True
e9011890-c031-4dbf-8837-5f0e4f560b5b,3435,ID Card,9777981,2032-03-21,True
da07b361-b23d-4588-9d5f-bc709711c22d,3436,Health Card,6295840,2031-11-23,True
69b79fb1-c280-4252-b82a-a535527099b4,3437,Health Card,6617465,2029-12-16,True
e279cc6a-76d1-417d-bf00-474a7c3981b0,3438,Passport,9710880,2030-08-19,True
863357d8-966a-455b-9081-b20f86bbd888,3439,Passport,1211072,2028-12-31,True
22558857-59ef-4b95-a610-c294d6be93e6,3440,Health Card,6832233,2032-05-13,True
1a41aee7-c2ae-4c68-9d98-fb42f3fac0ef,3441,Health Card,1461050,2027-03-31,True
ed5a6d70-8e27-4547-b491-1a3ecb6137a5,3442,ID Card,4830927,2030-01-11,True
96d79d77-3e4b-4b80-a260-6196865b0c8b,3443,Health Card,4009163,2034-05-15,True
4de40db7-2bfc-466b-be23-7048712fd04f,3444,Health Card,6049258,2029-04-11,True
ef98c447-6205-47bb-be9b-6566d709995a,3445,ID Card,7466719,2030-11-02,True
fffce998-a3fe-4342-ba84-963a47f4f9f5,3446,Passport,9383829,2032-11-11,True
956b1760-7a1c-4e11-af98-96f77aff6995,3447,ID Card,7536521,2034-05-23,True
6396ffce-d89f-4b14-aee3-c781b054b01c,3448,ID Card,5320549,2029-10-24,True
4be37ccb-c4b7-4563-8636-d40649780564,3449,ID Card,4476250,2034-05-18,True
0d331563-f8fc-456b-9046-34934be10365,3450,Health Card,7916390,2031-12-24,True
bc9025e3-c329-47ae-9b52-d9b8ff4c826e,3451,Passport,2317605,2033-06-18,True
15148461-19d1-4623-ac6b-b0e7b13225ce,3452,Passport,4693370,2029-05-18,True
85d0b08c-b8f7-4067-99ba-4d00e3e57bd0,3453,Health Card,5769472,2031-08-30,True
1198580b-e01b-47ba-9558-15edaa72d8a8,3454,ID Card,9671232,2033-01-13,True
72411558-4fa5-4986-aac6-3d9a66ecc3bd,3455,Passport,2899043,2027-02-02,True
82864e18-f084-4d76-8726-8567574f2fdf,3456,Passport,2382447,2029-08-08,True
c29dd0b4-cb4d-4946-b1aa-8e9b89bc0f05,3457,Passport,3323100,2035-10-05,True
50931d26-7911-4642-b732-173422cb4210,3458,Passport,3350754,2035-01-22,True
454e0246-9209-4a37-962e-c7eaa7302f5e,3459,Health Card,9365711,2035-12-22,True
b16a7918-b4c3-419f-bec8-547b665f89ba,3460,ID Card,9592659,2029-12-09,True
4d93f114-ca9c-463c-bc21-f0db88fc4f12,3461,Passport,2025480,2027-09-19,True
b2ce2f8d-3da9-407e-bd63-9da3887c0322,3462,Health Card,2807166,2027-05-03,True
7ebab590-48a8-4e02-9916-12012e22164f,3463,Passport,5483706,2027-06-04,True
c34339bf-f96d-4197-8631-0291917abb70,3464,Health Card,7465302,2034-11-26,True
6bc4137d-0a61-4ce7-8fbd-5d7dad3f0ed6,3465,ID Card,8209896,2028-06-26,True
f8ed98c6-97c5-4396-ba21-194548fec5af,3466,Health Card,3057230,2028-03-25,True
b5a218dc-e256-49ae-b6d0-dae1b8346e43,3467,ID Card,7830132,2030-05-12,True
ad5379b2-fed5-4eb2-bdb0-f65359f3249f,3468,Health Card,6362459,2035-08-27,True
c3e16115-b8e3-4007-8288-bc1e4e22f1db,3469,ID Card,1310405,2036-01-01,True
7d37f1c5-cac4-49d0-a89b-237a670c2e91,3470,Health Card,3158608,2028-12-08,True
a6a3ad56-bfa5-49ce-8c71-68b4b16ff1f0,3471,ID Card,2219504,2033-06-11,True
924cf4d8-4477-4f94-ac1e-67237549eeae,3472,Passport,6426804,2033-09-02,True
ece31c40-3771-4f77-a360-bb5e8be43299,3473,ID Card,9179693,2034-11-27,True
3dd38450-42cb-4942-979c-55cafa4201a4,3474,ID Card,3717039,2033-08-03,True
de2e8208-68d1-4f6d-a347-f3efe61d1ea5,3475,Passport,3564723,2030-12-08,True
35493a3f-6363-4e62-8f24-011ff486d19e,3476,Health Card,9904534,2029-05-05,True
dc161bab-8427-43bf-af29-c2073ce25153,3477,Health Card,3013563,2029-05-07,True
c3078a53-c5ce-4b54-b349-73cc8cac8ab5,3478,ID Card,1140066,2034-04-15,True
860d678a-ed69-4505-8ea0-be75908fbaee,3479,ID Card,8069385,2030-12-25,True
5d346f75-1bbd-4a8a-8218-fb8731692c92,3480,Health Card,2289400,2027-09-16,True
5d942672-07bf-4eb1-8db8-18e0d2853c6e,3481,ID Card,3752460,2032-08-06,True
bb04ef90-98fb-42fe-a803-503c78ea6837,3482,Passport,6157956,2031-03-17,True
416b05b3-0b89-4bec-890d-70406885a17a,3483,Passport,6288567,2035-10-22,True
39993332-791d-49d4-bb48-864ed92628d2,3484,Health Card,8771186,2031-12-11,True
8bf2f9ce-8b9c-4aa7-bb31-ca45277e2162,3485,ID Card,5139231,2029-09-19,True
093e9f3d-1704-49e8-a862-1fc91cb4d612,3486,Health Card,1888652,2035-02-12,True
d24917ed-c80d-44d8-afb4-23bab431f092,3487,Health Card,2518776,2032-02-24,True
6526a07e-d70d-4d35-b643-1ba40e32599d,3488,ID Card,7689555,2032-12-29,True
2b7c1f33-0c9e-48c3-8dc6-87892e4d8141,3489,ID Card,4412649,2030-04-14,True
89bdbbff-765d-4304-8996-bb74d16c3434,3490,Health Card,5273427,2034-11-22,True
43dd1bdf-1cf3-4ebf-9110-426a15df668c,3491,Health Card,4620157,2034-05-10,True
bc2339c3-ec1e-41af-ae0f-92e31ea6bb3a,3492,Passport,2813934,2028-06-09,True
f26dc8ff-9a7f-48f6-a7fb-a9f01041af02,3493,Passport,1258712,2027-10-23,True
41596ca2-bab1-49fe-a7da-a4168de03c42,3494,ID Card,3281589,2031-12-02,True
fd7a5dc0-afcb-4204-8d01-3fa89d3042c9,3495,ID Card,7744163,2031-01-02,True
be4e6802-818a-4d66-bae9-cdc52b6699eb,3496,Passport,3651096,2027-12-09,True
eef7ca55-1df5-4671-9685-b9c969e65b6f,3497,Health Card,7221322,2030-02-26,True
ec954f05-ef04-401b-a2f6-0aa6fbca6b2a,3498,ID Card,9953323,2034-09-15,True
771cc02d-5af0-4560-ae8e-e0ef81ae6661,3499,ID Card,8868291,2032-04-24,True
9391bc89-1748-4073-bb36-c0480f1675f2,3500,ID Card,3336116,2035-09-03,True
f445c44a-1e9f-4cf8-afdc-267eec25352c,3501,ID Card,8684238,2033-05-10,True
62f45dcb-2a2f-4792-af75-42d3a69f883c,3502,ID Card,5439488,2033-10-21,True
35fa720d-4236-4f83-b825-43537a28f9ba,3503,Health Card,4540763,2032-03-24,True
3f37195e-45a5-417d-a6ca-4bd5f1cdaa7a,3504,ID Card,9808025,2027-12-10,True
41a9fc51-eec2-4ace-aec2-b1d5b251c2fb,3505,Health Card,5444987,2033-05-26,True
78f30be8-21c2-4fa0-9200-4bc2c267ee1d,3506,Health Card,7559919,2033-05-01,True
2a1ad50e-e1b2-4d81-9ba6-137c9ec9c63c,3507,ID Card,5733618,2028-06-13,True
a20e485b-b186-4a7f-8c37-db41f9e9bc9f,3508,Health Card,8230778,2032-07-06,True
9988cab9-9a91-4cd7-a7e0-2315a5ab03e3,3509,Passport,8005228,2033-10-28,True
29ce886e-5a44-4c03-9dc9-e02fcd5530fa,3510,ID Card,1126881,2035-05-06,True
d76b067d-6640-4b6e-b7e7-41ca826c1293,3511,Health Card,7006883,2033-08-25,True
83adfb2a-9f33-4193-bf4b-f2b222347168,3512,ID Card,9271653,2035-04-18,True
d47cb4d4-b9b9-419f-80c9-3f4aaf9642a7,3513,ID Card,9888670,2028-02-10,True
81d959d3-6478-4885-9115-6a1ffd9a2b90,3514,Passport,4698506,2030-09-02,True
56f49b1d-5802-4603-8637-1dc8d3c33f15,3515,ID Card,7693666,2027-03-06,True
fe1b0504-aa76-45c6-8202-0b9e04276842,3516,ID Card,1081033,2030-05-11,True
3e2f9975-445e-4666-91d1-ab67861cf42b,3517,Passport,4817753,2028-03-18,True
2b635b91-a1a7-4004-a4d0-464f0b02b67a,3518,Passport,6470905,2032-11-03,True
06608865-20af-4b2c-b44e-d2a7cc27cb54,3519,Health Card,5761920,2031-07-07,True
29325465-b9b1-4daf-a4e8-27566910df0a,3520,Health Card,3846518,2029-01-11,True
433a4f56-c358-483d-8861-fe4d76a5f948,3521,Health Card,6679158,2033-12-05,True
71dda566-6009-4fd3-9d57-d3d7c9e2b25b,3522,Health Card,2648805,2033-12-11,True
ca5a3c48-71fd-4adc-a1d2-9a1ed9a125e9,3523,ID Card,4006010,2034-04-21,True
74647187-6ac1-4214-aa45-902cfc89223b,3524,ID Card,9703123,2034-12-03,True
22fd68d3-b049-4a01-b54e-e9b13c6f5b6d,3525,ID Card,2855636,2027-05-14,True
3e585b67-479e-4006-9970-7b3b1627a126,3526,Passport,4737082,2031-07-06,True
0fe6c8d7-1958-4e11-9aa8-c989f1cf69e8,3527,Health Card,7032532,2034-08-20,True
89a77654-3172-4f72-b57e-32d6a91b1ef9,3528,Passport,1483926,2033-03-18,True
ccf91d2a-c02a-49cf-8712-5b5afdd95c7c,3529,ID Card,7530101,2028-06-23,True
b400a884-813d-486c-92de-7831af4bab67,3530,Health Card,9432259,2029-02-04,True
e9c637e5-605f-419d-8832-7111989a2a13,3531,ID Card,4436099,2034-08-26,True
dca53329-7ab6-47ac-a452-0cc3d5e46c57,3532,Passport,8469929,2032-04-27,True
967697ca-603d-476d-a583-84cac0ef3517,3533,Passport,9168625,2032-01-26,True
3bfbd7e0-1b6b-433f-b16d-11ae5b119de0,3534,ID Card,7491246,2028-11-12,True
5ce40016-b80b-4ae4-8483-3eae81280dce,3535,Passport,1355521,2027-05-29,True
206d860e-5dd0-4e98-b106-8bd2f581238d,3536,Health Card,5909804,2027-11-21,True
78b299f7-c1fe-4017-a63b-66f4f79ccc94,3537,ID Card,2656280,2032-06-28,True
81b712be-9299-4e19-bf99-d630468bb9b2,3538,ID Card,3284988,2034-03-02,True
d9899c85-1aa8-4a19-9a84-954d728e6cd8,3539,Passport,7874023,2032-08-13,True
a9431941-a9d4-4ec1-ae3b-41e6bae92ff7,3540,ID Card,2761190,2033-06-05,True
5d5f730c-0dd6-4099-99da-f070336d8a4b,3541,ID Card,8983603,2030-02-10,True
685360b8-0dd9-4853-9ceb-84da23c63d9f,3542,Passport,5850428,2028-04-18,True
9a341e0e-d291-4ea0-9673-81bb55005f7b,3543,ID Card,4038742,2028-12-30,True
f0a5fb69-9b91-4603-a3d1-98ba8fa5fa59,3544,Health Card,3439083,2030-07-21,True
062277ab-4dcb-44bb-ba18-df3ec6aac0b2,3545,Health Card,7773708,2035-05-20,True
bbb34b44-9880-4510-9922-1f1d04db4b1c,3546,ID Card,1876795,2029-06-10,True
90ec2ac5-be97-4b06-8544-3f2bc100e73f,3547,ID Card,6555328,2028-09-03,True
64d7cde5-5c61-43f0-b5ba-81370792f03c,3548,Passport,6724745,2032-10-27,True
f030aefe-c669-44bd-8f57-a7addceda0cd,3549,Passport,3772293,2033-06-16,True
7c6a08fd-d39f-4348-a0e0-daa7cd35fe62,3550,Passport,8794381,2032-10-21,True
19fe29ef-96d9-496f-aa2b-956518b49919,3551,Passport,2047230,2027-11-24,True
18f11185-1e7e-4216-8593-187ae308b8fc,3552,Passport,3749090,2027-12-27,True
680fa667-4c31-411c-b848-718c4d003246,3553,Passport,9194090,2027-10-02,True
907fdf4c-93b0-4b5c-a0aa-059c263ed474,3554,ID Card,8943808,2035-07-16,True
c78242d8-659d-49e1-a227-026e91564437,3555,Passport,6197659,2032-08-22,True
4f10020a-1605-420d-8e88-5be9636ced1b,3556,ID Card,4005495,2034-08-26,True
2db8b502-eee7-43a5-a33b-c977264cbf47,3557,Passport,6118132,2030-01-07,True
1c5ec8d7-07f0-47c8-95c3-a7bc550b396f,3558,Passport,2898129,2035-01-06,True
3f396175-b36e-4dde-9a60-732f8c7ca112,3559,Health Card,9935779,2032-02-08,True
d20c84c4-4d28-49a6-ad42-a32e6ae0b4b6,3560,Health Card,5340961,2032-10-29,True
2aae2b16-c5dc-4d16-8cb3-49a79516364c,3561,Health Card,6887395,2027-04-13,True
1d5e3757-7b4a-4f78-afd1-a0e4427ee8f7,3562,ID Card,5982012,2033-03-25,True
16a9bfc6-bebd-435d-a22e-6936af5c8203,3563,Health Card,8867197,2030-07-29,True
f65806d1-b117-4fe6-b7ec-d494b5609ea6,3564,Health Card,4982663,2034-07-16,True
0c37ca6f-9512-4428-b592-31f8b4115cb8,3565,Health Card,6841802,2034-04-03,True
331da02d-cb5f-490d-816d-0dc83bb31724,3566,Passport,9872850,2033-09-23,True
4a059b63-8107-48b1-a49a-7508ffbb5381,3567,Health Card,2924863,2028-08-02,True
63ae1234-feb3-4b44-99ab-61b9276624c5,3568,Passport,3623010,2029-08-31,True
5f68a450-b114-41dc-be38-ed1d57c94603,3569,Health Card,5899822,2027-07-23,True
680afcdf-1952-49c2-a983-57187df01af3,3570,ID Card,7978597,2028-09-27,True
faf48c52-dc52-4fca-8cae-b3f430b018db,3571,Passport,2116075,2028-11-25,True
e15b9e25-50f2-4ba7-899d-052487ff0c5d,3572,ID Card,1424226,2028-06-07,True
6bcc394c-0595-42e4-84f7-13d67eb8e461,3573,Passport,9422880,2031-12-26,True
8b286d66-06cf-459d-88c0-9dca569c6977,3574,Health Card,2038406,2028-10-14,True
600a50d5-eb99-4b92-8ec5-f9002f2300bc,3575,ID Card,9414107,2034-03-02,True
32a40fcd-df9b-4f80-b228-e0f8dec5c92b,3576,Health Card,4872864,2027-10-02,True
5ed6df2c-eba0-4475-b131-2119d682b6fa,3577,ID Card,3384317,2028-08-03,True
e72936dd-89e4-4dcc-91a0-d5cfbc709a9c,3578,ID Card,2561134,2027-06-30,True
5bbbb733-09ce-41a3-a3ae-b77a1314c146,3579,Passport,9021437,2028-01-26,True
80ed442a-76ce-4d78-9fc9-00d3d87b2072,3580,Health Card,7881383,2033-02-14,True
d07adb33-24be-4df8-afa4-a6e3ecf2a1dc,3581,Health Card,8989855,2032-12-24,True
9f4dd4e7-8c95-4130-b038-8ae19b753d5d,3582,Health Card,7091014,2035-04-03,True
0ea9e57b-fcab-49c7-a7fb-74e57169d52b,3583,ID Card,2652600,2033-08-25,True
1a061a33-64ea-43f6-83ae-e57c6f2a1447,3584,Passport,6722604,2031-01-29,True
c0cdfa07-d5d8-42cd-87a1-ca4f7c875d5c,3585,ID Card,9655705,2029-02-02,True
4a3947bc-b0e1-4b90-aca7-2a96e128083d,3586,Passport,8657685,2035-08-15,True
a3e184d7-2a41-45c0-be53-1cb771ece4ce,3587,Passport,4118169,2027-07-25,True
b14de7b3-a991-4892-982a-4be67d5b00fb,3588,ID Card,4140177,2035-09-27,True
bc7991b9-d2b4-44bb-aae4-ad71cf7344fb,3589,Passport,8172252,2031-10-17,True
faec1191-0650-47e3-851b-f4eb73922bf8,3590,Passport,7878457,2035-05-23,True
7258e173-76cb-4abd-8a10-e6deb7230b3e,3591,Passport,5105104,2034-03-13,True
9b863737-1d34-456d-a460-a33c2681973c,3592,Health Card,6803196,2032-04-21,True
301d9f0a-654d-4e55-aaf3-b4ddd0a49449,3593,Health Card,1191056,2030-07-13,True
f8bb7185-7a19-4ac5-a5e1-ecbece48cdeb,3594,ID Card,9610142,2029-03-16,True
a7223046-dbc3-4cc1-9691-9c25ccd69c88,3595,Passport,6605566,2032-08-17,True
43b1ae22-57f5-4138-b700-4d7320649610,3596,Passport,3314919,2031-03-23,True
851d25d5-d10e-423c-8ee6-876519ccbf53,3597,Health Card,5935851,2032-05-22,True
2d251e4c-1be5-4fb9-b7c0-32b34290c1aa,3598,Passport,5245117,2032-08-23,True
51e460db-1532-43ea-98e7-e9a8d8603899,3599,ID Card,4671855,2031-04-01,True
6191ce50-9229-4cec-b5e6-2414c58a8b7f,3600,Health Card,6375540,2032-07-16,True
5e20083e-bdd4-4bcb-b1ac-7ad18ef07157,3601,Passport,5046189,2031-09-01,True
fbf75e37-a94c-4719-b9b6-82a1c67b5f3a,3602,Health Card,1511622,2034-03-31,True
188adfb4-170e-4dc8-ac6d-2313391d8a49,3603,Health Card,4212673,2031-11-09,True
d7078e94-1775-4646-9c6b-e0b06715f0c1,3604,Health Card,6225783,2033-03-03,True
9a88e944-b66c-483c-bfc9-f274f2cd0be4,3605,Passport,4839485,2027-04-13,True
31676b13-a045-4bfb-8327-740915cc332f,3606,ID Card,7425929,2033-07-20,True
e4bf4ee3-4b61-4089-9253-1d4a0c817dd7,3607,ID Card,7642162,2029-11-11,True
99b2b3da-f9d2-4783-8a59-d3fa770e00ab,3608,ID Card,3012746,2033-10-03,True
23038af4-08c8-46df-b217-7d23a2e2998a,3609,Passport,2253734,2030-01-03,True
51e2bc8c-b346-4699-9a16-785432145248,3610,Passport,3537137,2033-09-06,True
9b2ce343-574c-4349-8761-c12facde7710,3611,ID Card,9165416,2033-12-13,True
e9b1fda9-3edb-45b9-a322-771836c9fa29,3612,ID Card,2083105,2035-04-14,True
6ebd7197-ca6f-47d2-8016-7e197fbb6f4c,3613,Passport,3639037,2027-05-08,True
5e5bbfc3-de4c-4353-94e1-6a3e0e7631f7,3614,Health Card,9745536,2033-11-03,True
1d6d8c10-7eaf-43ab-91ff-9cd2b349e74b,3615,Health Card,4892689,2032-02-07,True
cbca5d31-b11c-43f2-9c2f-f9f049d8977b,3616,Passport,7222054,2030-10-04,True
ae5f0950-06c5-411b-91c6-d99a800cc5c5,3617,Health Card,6639939,2032-05-17,True
8403dc7c-8ae4-4e7f-b4a6-6c397dc1b638,3618,Passport,4272647,2033-04-08,True
7efb9358-ea4b-426c-afbd-669670e3a699,3619,Health Card,7095532,2030-01-25,True
50bb2b13-b13e-4801-af51-ccdacfdc4bf3,3620,Health Card,9016709,2032-12-04,True
a3d473e5-2272-428f-86fe-00d21a650820,3621,Health Card,7599704,2028-01-04,True
8d1656bc-f504-4914-82a9-91669de26564,3622,ID Card,8593147,2032-07-17,True
c0f71067-2b0a-4038-909e-02e611c82a1d,3623,ID Card,3689565,2034-04-20,True
e8f22e67-90f2-4dd1-a9b7-26a955636ac0,3624,Health Card,9026414,2032-01-10,True
92a09753-2e0f-4c7c-a679-06d44079d1fd,3625,Passport,8660348,2028-08-03,True
7c8e3514-8eed-44fe-beee-41604cee2f15,3626,Passport,4272346,2034-09-29,True
26ed1078-0a00-48e4-8457-9c861135cb77,3627,Passport,7772666,2028-11-04,True
32ed8dcb-2034-4be3-8882-c304cffc27de,3628,Passport,3633013,2029-09-24,True
175aa953-3735-4019-85e0-e180a28ef223,3629,Passport,7093673,2028-02-01,True
5006d4d4-7dd6-44d9-b720-c414470f7a4d,3630,Passport,7020261,2029-12-30,True
3d0b1874-2a51-414e-8316-c3c4504d002b,3631,Passport,5793754,2033-07-01,True
3a63fa92-4b6e-4946-bc5a-7bc314efb352,3632,Health Card,9498992,2032-02-17,True
8c4f76aa-f611-4e1a-b58b-1c363f2cee08,3633,Passport,1544783,2029-10-08,True
4774b30c-6804-4dcb-80d2-e803048b11d2,3634,ID Card,8465940,2028-08-23,True
1eced17a-59f6-4d13-ba56-6b8173e006c7,3635,Health Card,5783248,2030-06-22,True
f93f2bd4-cba2-427a-bebe-7e97d60aee43,3636,Passport,2993618,2029-03-04,True
ec519d29-3e4f-492b-ba54-1f7bee0fe019,3637,Passport,7097257,2033-08-14,True
b76794d3-8ad2-49a6-bed2-6131897971f4,3638,ID Card,7552013,2028-06-18,True
ac42c426-46c5-4241-a1f5-28a4b92873bb,3639,Passport,3831644,2030-06-25,True
575234bd-414f-4ec0-92a3-bff868ef93f8,3640,ID Card,8244679,2035-09-02,True
5f535f12-25f6-4847-8729-251c4c9d4951,3641,Passport,1341450,2033-09-15,True
ecdcea11-9f58-4e5d-9695-330582264878,3642,Health Card,2807578,2034-05-04,True
9b9efcca-b6f9-4c5e-8416-a589f95aeccf,3643,Passport,9841765,2034-08-08,True
190e33c1-4cee-426a-b524-cabde756ee4b,3644,Health Card,2414754,2027-03-23,True
b5636582-c6f7-44f9-945a-e92a2b7ca9be,3645,Passport,9610758,2029-03-07,True
e524548a-7048-42a6-8294-42998b93a004,3646,Health Card,4856267,2035-01-30,True
9ecf2229-06b3-4f95-afad-001a9d533b5f,3647,ID Card,2151961,2030-11-06,True
9921fe67-08ad-44f0-b195-9527496cfe9d,3648,Passport,1854783,2033-04-19,True
c69902a5-e263-402b-ab95-66a86864ae69,3649,Passport,3621034,2029-05-23,True
499b9453-5783-4695-9490-5d8a8db8caca,3650,Passport,7967421,2030-08-07,True
1d2a8158-e3d0-4408-a05a-76bf954e9db4,3651,Health Card,7825348,2027-05-27,True
6df4bf47-2cff-422a-9ec0-f9fdb269164d,3652,Passport,5529738,2033-07-28,True
4e812d4c-02aa-471c-b809-96abad894e81,3653,ID Card,6913879,2028-04-10,True
097d5a0e-d288-46c3-bb44-10369c79d5f8,3654,Passport,2871747,2030-10-24,True
8458e8d2-eabd-42ed-a744-69d32bb626ac,3655,Passport,7892499,2034-12-27,True
cd6f1e03-3865-4d00-b6b0-0e8e327904f3,3656,Health Card,6850972,2030-09-25,True
78b8f8be-8050-4cb6-a42d-cc3008efb905,3657,Health Card,1065536,2033-06-12,True
8f70ff78-e036-4eab-a63a-b66d630dbd91,3658,Health Card,6768698,2029-11-21,True
caf8a373-7268-4a53-ab1e-cf64cd2f93fb,3659,Health Card,8792138,2032-06-08,True
ef71543d-831c-4f08-b15d-e0b6cde952ee,3660,Passport,8965779,2031-06-29,True
29acca92-1453-45d7-bd0e-bda430678060,3661,ID Card,7185784,2030-04-20,True
81504a7b-2b06-4137-acb6-da602ac3f591,3662,ID Card,7200736,2033-11-12,True
9c5b74d4-5f18-4af6-ac3e-87c419e0cc7c,3663,Health Card,3733360,2030-04-13,True
9fbbd755-232b-4094-9e74-6a20836907eb,3664,Health Card,7569779,2028-08-09,True
f069cfe7-cd88-45e8-9c8c-3e261edd6898,3665,ID Card,2546043,2034-02-20,True
ab0f64c4-9fa1-416c-b5b5-d1ee1b89c34c,3666,ID Card,9761490,2033-11-10,True
8f565aca-2ce5-4d76-8006-5c9e09236cf2,3667,ID Card,4464797,2034-09-11,True
0259ea8f-b6ce-4b8a-ad09-9d64c9c97b3c,3668,Health Card,2333351,2031-03-11,True
8613cf7e-f5aa-480b-bcd7-0c82eec7cd4e,3669,ID Card,7238633,2034-09-06,True
247f4f69-ecee-4069-98df-3a9646212e75,3670,Health Card,5226056,2028-09-08,True
41f6a687-9794-4e45-83d3-8ac15668e82e,3671,ID Card,9992288,2035-09-16,True
d3441968-754f-4c4d-9df4-b088d2cbac43,3672,Health Card,1721766,2035-09-27,True
ce8d83ef-6dab-46cb-8383-870e0543b99f,3673,ID Card,4118539,2030-02-19,True
549012de-0f21-424e-9b75-a1639d8b4690,3674,Passport,4063330,2034-07-21,True
bc0a5c15-91da-4ad9-a458-068de451ff7f,3675,ID Card,7665049,2033-01-19,True
9d1ae885-3e70-489e-a71d-80aa8e181268,3676,ID Card,3757453,2031-08-12,True
a9aaba33-92e0-4c9c-a80b-933043c9bc55,3677,Passport,2325745,2032-07-05,True
7287902f-e166-4b28-a86f-44410bbf8e6c,3678,Health Card,9548878,2029-03-12,True
5dcba9a3-e2a3-48cb-b005-7a2a5d37c0bf,3679,Health Card,1109003,2030-06-01,True
e8b054bf-197e-4c4e-a95b-d645b24f714d,3680,Health Card,4996226,2027-07-28,True
6f85c937-bddc-4070-b8f4-3ca193ea4ab7,3681,Passport,3969648,2031-10-12,True
6eed3411-93c0-4231-a5f8-37154757830a,3682,Health Card,7903739,2029-06-03,True
62f146da-e294-41dc-aa06-7bac4c0d0987,3683,ID Card,4338569,2035-11-20,True
c59f54e0-7e43-46f2-9b3d-9f320096c449,3684,Health Card,9911525,2031-04-28,True
55d70e62-7cfb-4cd3-85e5-00d75d935ed4,3685,Passport,4908108,2030-05-20,True
e3a40379-bf8d-4436-b542-258799a77eca,3686,Passport,5011523,2027-10-25,True
265d0b84-1799-4f07-8f93-211ccda6bd3b,3687,Health Card,2614538,2027-07-19,True
7957d1b7-662f-4378-b61b-87571ff4f65c,3688,Passport,3139180,2034-04-12,True
f9d6742c-fec2-4724-975d-1a65338d3d0a,3689,ID Card,6979271,2031-06-24,True
ac4a571a-4b95-48ca-933a-75df9757f13b,3690,Passport,2849116,2033-12-04,True
6b2de0c8-3969-404d-bf94-81ff6d6d2fb8,3691,ID Card,2167917,2031-04-28,True
7d788907-b6b8-4a8a-8946-647835dae909,3692,Health Card,6596513,2033-08-29,True
a24d35b4-5af2-4a21-a928-f41e8a63a07a,3693,Health Card,3050258,2029-08-03,True
100441d6-c495-4db3-a70d-616447656215,3694,Passport,9399033,2032-12-16,True
ee85a472-62e4-41e2-9779-371d392e12f0,3695,Passport,6418017,2032-10-27,True
fad38ef3-37e5-44e5-80f3-5d51b53a53c0,3696,ID Card,4963267,2028-08-12,True
675ffba1-9348-49cf-99db-e560d933fd23,3697,ID Card,6240251,2032-03-21,True
26925e50-9691-44b4-88df-99064e9e6086,3698,ID Card,3194863,2028-03-24,True
efe13293-ff43-4536-95e8-bc240b7faa71,3699,Health Card,7741877,2029-01-29,True
48a399ab-9337-4667-8c92-3781672c1997,3700,ID Card,4388985,2033-08-24,True
71ee8101-8368-4e21-9e8c-163d1027594e,3701,Passport,3676542,2033-03-21,True
cf2db071-8f73-4ed9-8b23-8d9e75728f77,3702,Health Card,3528416,2032-08-31,True
ddc0489d-c3a6-4fd7-8853-0775cd25131d,3703,ID Card,6009547,2030-11-24,True
ca454184-ff19-4c18-964c-ba55c13211e8,3704,Health Card,3070416,2033-05-07,True
f2fae4e1-e871-455a-944e-8d1d8b491e5c,3705,Health Card,7956405,2030-08-08,True
ae978d98-843d-4b54-b995-0e7cf82f2867,3706,Health Card,4527057,2033-11-04,True
55541c84-ae4f-40af-880f-0c1889f0ae38,3707,Health Card,9658208,2029-11-07,True
a3804817-d0d0-4703-ae21-e553282d7dff,3708,Health Card,9723951,2031-03-04,True
dc79b097-8563-4fcd-abd8-2a6b432e2673,3709,ID Card,9178034,2030-03-23,True
7e53f617-e6a8-4d73-9322-98e78053628a,3710,ID Card,9451702,2035-09-28,True
8a061db8-5b2d-4977-8b84-a52d2dd2a1a5,3711,Health Card,8250681,2027-01-26,True
5239aef8-5e61-41f4-a834-d3a35e5855a4,3712,Passport,6377591,2027-10-21,True
46e1b81f-99ab-4fe3-b001-3725f836da8e,3713,ID Card,8352911,2029-02-25,True
bf6ab823-9e70-45d4-8656-f5865dab32f5,3714,Health Card,2931994,2029-09-13,True
05dcd070-57df-47b5-b862-32d99c0ffefd,3715,ID Card,4970464,2031-01-26,True
4cc0677b-2e39-43bc-a0f9-2adb981e44e6,3716,Health Card,5948269,2032-07-17,True
b9944a8d-206f-4ee9-8846-769e06387846,3717,ID Card,6297000,2030-01-20,True
6ad1fe3d-73e0-4309-80ee-9e0abe7db1ca,3718,ID Card,4115348,2029-09-22,True
6ab4c72c-5400-4b9f-beb6-1c992505fa20,3719,Health Card,2298813,2032-11-13,True
8ab63d4b-a225-4525-a584-e70e78c7c72b,3720,ID Card,9773020,2032-07-15,True
b247c60d-3488-47e9-9d38-d93cc504448e,3721,ID Card,2322626,2032-08-30,True
45022593-6378-4851-8304-fa474eb63eee,3722,ID Card,4852041,2030-08-10,True
069ea061-c0a6-4621-a4e5-3c32cafc23cd,3723,ID Card,1639037,2029-10-25,True
d5df6ac4-1f58-4aef-8b9c-0696abeab26b,3724,ID Card,9406467,2030-12-04,True
7c4c2bf3-a5fb-4761-b99a-1d7bb0e3a939,3725,Passport,4884428,2030-02-20,True
95569bac-e467-4995-b28c-6529c1240065,3726,Health Card,8641501,2030-03-29,True
ed863f65-8e19-4361-9804-c710ecad48d7,3727,ID Card,6664373,2030-02-19,True
b3655055-e9c4-43ca-90f2-1fccc41d04af,3728,Passport,4205095,2033-05-17,True
50a73cc2-3d9d-4059-bcb5-fa1055551e56,3729,Health Card,9650857,2027-11-16,True
1d56ea68-1372-47d6-96eb-8f182f1c1232,3730,Health Card,2332803,2033-10-04,True
7f76039e-bfdf-4247-8343-36ad23e45e3d,3731,ID Card,1241933,2035-11-09,True
0acb37c5-e660-4cec-9805-2bbb6eb9bd72,3732,Passport,4945856,2033-09-22,True
e7e1eb4f-fa88-48f0-9125-d7fca6cefaf4,3733,ID Card,2207127,2032-02-24,True
0bb97fd0-bb3f-44bd-b99a-e91129485ef5,3734,ID Card,4135248,2029-03-11,True
b53de511-3951-4646-9b03-5f6ca4368f37,3735,Health Card,3559243,2028-09-01,True
b6d45521-8cc6-4072-b36e-ef4169e15b5f,3736,ID Card,8320038,2032-04-01,True
497373a1-825e-4eb1-a314-b21314f9ac4c,3737,Health Card,2914499,2035-12-20,True
e59943b8-8f90-40ed-a8f5-b898b8b7112c,3738,Health Card,5062465,2028-04-01,True
f9ad8603-0743-4920-a4f2-d22e6bacd4a0,3739,ID Card,9702585,2027-02-11,True
cca8cc6d-2721-4515-96e6-eb46bae2ff19,3740,Health Card,6779634,2032-05-11,True
a001f493-57b5-4219-acab-38e57d4c7005,3741,ID Card,9929043,2035-08-29,True
c9d749ea-129a-45b7-a730-17bb05f1737e,3742,Passport,3210900,2034-06-03,True
056f54c0-b1a7-4781-80fc-cc143a58c3b4,3743,Passport,1026833,2032-09-06,True
c379d841-ea22-4c71-948b-16ef60667ca9,3744,ID Card,1608140,2028-06-11,True
b676c086-1f92-4c80-b1af-f5fc62687e2d,3745,Health Card,1399442,2027-02-09,True
a7cd357b-6fb4-454e-8364-32cf6a7632b6,3746,Health Card,6940508,2034-01-05,True
815a75b4-b51f-48bf-a3ca-5b78977d9447,3747,Passport,4188176,2035-06-22,True
39981cbc-11e5-4296-a94d-637256a3ee4c,3748,ID Card,4888722,2027-03-18,True
874965de-5937-4a5c-952d-ecfa2e40f770,3749,Passport,5793450,2030-04-04,True
f3333163-1141-4695-b6e1-509e1afb8353,3750,Passport,4309066,2033-05-19,True
c5a9fc70-86de-4ae8-b42d-4ee2d18c58e8,3751,Passport,3014307,2027-07-24,True
a1eae34b-1282-4bca-bf5c-5cfa1cd989dc,3752,ID Card,3420915,2033-04-24,True
b022a72b-ed80-4866-8760-a489ed7816f7,3753,Passport,5408283,2031-07-06,True
cd458089-17ef-43e8-938f-ccd3a24686e2,3754,ID Card,2407116,2035-12-09,True
ee9e3f00-00fc-48f2-bdf6-af071dbb18ab,3755,Health Card,4103186,2033-06-10,True
afd79745-2d58-4324-bec0-c949403df855,3756,ID Card,2727622,2030-03-24,True
6bc4c65f-a1c9-4a26-8230-f17cfc957db6,3757,ID Card,9106259,2028-12-20,True
15233aa7-2b92-4b5c-9433-50c11bc9a530,3758,Health Card,6767516,2035-07-04,True
e4e5eb8d-27cb-450b-87b9-6750fd796fe7,3759,Health Card,2405962,2031-08-15,True
de45e20b-badb-4b45-b7c7-842ab778dd59,3760,Passport,1547965,2032-05-05,True
f7bc6755-1ffe-45d3-b02a-6665f7ad784e,3761,Health Card,9715801,2028-11-22,True
536f032a-a9a0-4bae-8527-c67e2be635e7,3762,Health Card,8596860,2034-01-17,True
284d149d-9fe3-4a87-9f9c-7b1a3dad4958,3763,Health Card,2816597,2033-06-05,True
d18357ed-7e21-4f96-82b8-59dd2514f275,3764,Passport,1569884,2032-05-11,True
533828bf-0139-45ab-bb6d-dc9b9c9fd4dd,3765,Health Card,6029150,2035-06-27,True
c0940b42-3545-40dd-b93f-a1308b2a4418,3766,Passport,1520852,2035-06-29,True
00c65541-d729-4fe2-80a6-5a8f595f6eeb,3767,Passport,6485202,2033-10-05,True
5262a6de-13c9-42ab-bd77-5dc07eb10464,3768,Passport,1167829,2031-12-16,True
ea6caa37-5986-43c1-ad45-dc30b98cce37,3769,Passport,2052249,2028-10-05,True
61cc8647-327d-49a9-a845-42a2fae93f1f,3770,ID Card,7065687,2035-02-12,True
47b94a0d-27ff-4166-b478-9669b06711c3,3771,Health Card,6008474,2029-12-06,True
8fa064ff-5f70-4780-8921-4531129a9859,3772,ID Card,2092847,2033-10-07,True
95ea49a8-6096-4819-a4dd-9eab96f374b1,3773,ID Card,9416642,2028-06-06,True
e7572ae3-ed28-4b4d-aadf-e45a0b9874d1,3774,ID Card,8462309,2032-02-22,True
571b8e01-a6eb-47d1-82e5-1734873e4d46,3775,ID Card,9631800,2027-09-13,True
558b4a98-0cbd-4099-ac16-17db091d5f19,3776,Passport,6075097,2034-11-09,True
83d54e4d-4907-4591-97c9-0a6e1820b101,3777,Passport,5839404,2028-02-26,True
d4e5553e-64f1-478c-9867-3360c5d2421a,3778,ID Card,1835757,2029-07-16,True
bc486ae6-dd97-4eed-95ce-9aadbe6e38ec,3779,Passport,8423968,2033-09-27,True
6ccda128-a8a3-4e3d-8d61-f5452a16de01,3780,Health Card,7725116,2031-02-20,True
8d6dd181-3183-432c-abe6-a3bf4d1d02e8,3781,Passport,2464293,2031-04-10,True
57081efb-9eef-4f5c-8e70-05c9574d3772,3782,Passport,2799092,2029-09-01,True
5723b7ff-8913-4d14-9bcf-58c8707ff0e2,3783,ID Card,9984492,2031-10-04,True
5ac7eade-e190-4da5-81af-cd16c300bc26,3784,ID Card,6313663,2032-01-04,True
9a4ba5d7-b189-4747-85b7-d658c45602c0,3785,ID Card,4573464,2028-12-02,True
cc5786f3-26c8-47c0-949b-4be86ee123db,3786,ID Card,6194331,2028-03-13,True
5e320d73-87da-4ec1-b7c6-7cb669825bd2,3787,Passport,7789202,2032-01-26,True
157dc39b-2627-48e4-bd2f-d7cf07e29fca,3788,Health Card,1533830,2030-08-02,True
dd0d6e64-2a74-4f0b-abd3-633e556449bf,3789,Passport,2531292,2030-03-09,True
06242898-8798-439c-a0db-1edcaf46e5d8,3790,Passport,2681075,2032-01-02,True
87083066-687b-4cfe-8293-4486d312a2e2,3791,Health Card,2638020,2028-09-13,True
55983e83-432c-49b2-89e0-1a4d2371d77e,3792,Passport,4289027,2031-06-19,True
37431b14-be4f-46ac-8143-7d4d30f6112a,3793,Health Card,5026389,2034-01-25,True
85c44e61-c1b4-4e1e-9df9-1eda3f81b4b6,3794,Health Card,2087787,2031-12-12,True
97fc1f04-08ca-4046-8604-e2ea9304a7fa,3795,Passport,9327031,2034-10-14,True
ee90edd9-db47-4086-8920-4a1088e4d470,3796,Passport,3670201,2030-06-12,True
6e13e609-4516-4e9d-a7d3-ff6721708e34,3797,ID Card,7110343,2029-03-11,True
e826aedd-926d-4ff3-ba68-69ace8a482f2,3798,ID Card,3750857,2031-08-13,True
3c457df5-5f86-492e-9fa3-84a8092ff787,3799,Health Card,1526035,2032-05-08,True
11f4a713-cc62-4842-b10a-1d29f5f79072,3800,Passport,7231935,2027-07-14,True
060dbee9-b036-4d43-ac3c-b9179963a508,3801,Health Card,4245237,2028-05-11,True
6eb64a4e-43b7-4739-8201-4b582a06e97b,3802,Health Card,4158534,2031-07-04,True
5bac4661-268c-4f0f-a7b3-9b54dc813691,3803,Health Card,3036018,2033-04-04,True
98c3bc54-c198-427f-8336-557a29833753,3804,Health Card,4865314,2029-03-09,True
738725a8-2620-452b-9775-76f81539252a,3805,Passport,1126348,2031-07-23,True
28c1e028-0701-47b3-90a5-30b783c25b16,3806,Health Card,4875255,2027-07-11,True
e077f106-e0ae-42fd-9315-3314010e689e,3807,Passport,8973071,2033-03-01,True
02888c16-312e-4079-be46-2b703115477f,3808,Health Card,1376634,2030-05-11,True
34238460-d25c-4f33-96ff-2bedf82d9f1d,3809,ID Card,4177274,2029-08-10,True
437d1dcc-4683-4db6-bed0-175f21353a15,3810,Health Card,7826235,2033-07-26,True
f4b7c5fb-1673-4b4a-a160-d0220ad767ce,3811,ID Card,9656022,2034-10-16,True
3569ce1b-f04f-4699-96a9-863df4264818,3812,Passport,7172399,2027-09-30,True
50efd54c-138d-4506-b8df-0d8e80a29b3e,3813,Passport,7742114,2030-05-12,True
f5060d26-61a3-4223-82cf-40a810ca6dec,3814,Health Card,8256480,2028-11-03,True
31c32399-ac5d-4c53-b501-08fe120fa8e5,3815,ID Card,1956216,2033-02-22,True
09254d64-0775-469d-aa87-b435187fb879,3816,Health Card,4602843,2035-12-14,True
c8dee566-b934-4be9-bd6a-683de8a726ae,3817,Passport,2214045,2034-04-14,True
7259777a-4967-4b57-8a6b-6a3ef533a157,3818,ID Card,9811691,2033-04-12,True
6bab526a-e273-4dc1-91f5-4e1058cb9c36,3819,ID Card,3048158,2033-01-08,True
3974411f-490a-42b1-975f-da2e79b269e4,3820,Passport,3551854,2027-07-12,True
05566484-5503-4bcb-a56e-7796cce51352,3821,ID Card,5175695,2030-10-30,True
dc5d2a6e-6e18-4d09-824f-a5c2b0df4504,3822,ID Card,4966780,2027-03-10,True
19589e9a-8fb7-4096-a356-5ed935c0a0a4,3823,Health Card,8947696,2035-10-12,True
efa069f4-4418-4334-9476-deb5d4b81314,3824,Passport,9455879,2028-02-22,True
99fff161-fd3b-441e-8d46-a9855b0a1c56,3825,ID Card,2310860,2030-12-21,True
7db6412e-9771-4552-b36a-1b8dfb2866fa,3826,ID Card,4051839,2035-11-20,True
01f4f983-9dfe-483c-9a1f-e386e41bcbe4,3827,Passport,7440209,2032-12-02,True
a941d5c0-34c8-4ed1-a53f-a962cb66b0fb,3828,Passport,3677979,2031-11-25,True
e2bf8ab4-808f-43ba-8e6d-2228f3b36976,3829,Health Card,2214195,2029-01-01,True
1ffb244e-32ba-46d4-85c9-908d279a8d04,3830,Health Card,8074948,2030-10-23,True
fe5cdd95-6772-4e03-b283-87c9f78114df,3831,ID Card,4810365,2027-05-21,True
b0693f41-287b-4c95-b1ec-1eb965e0b39c,3832,ID Card,9856654,2032-03-17,True
21ab4efb-f2a3-4f1d-af39-3026ccb05678,3833,Passport,8384686,2027-09-22,True
08219091-85e5-4fc0-b340-0438e108139f,3834,Health Card,3848643,2034-11-02,True
44a46940-78c4-4fd1-9f2a-ee8f9f2a25dd,3835,ID Card,6731496,2030-11-09,True
a6a627c1-66cb-43bf-b92b-d1c2d73a6649,3836,Passport,7406929,2032-11-14,True
b8a2f675-aa50-45f1-ba3e-91d7d9342848,3837,Passport,6393909,2030-10-05,True
e8125172-e4ce-49c0-b31c-0aed256f1fea,3838,Passport,5032448,2030-04-02,True
7494b589-1abf-44d5-8237-5f957b168c29,3839,Health Card,9095576,2028-05-09,True
b43478ae-a65d-4d94-8e43-625126df8b00,3840,Health Card,4216238,2036-01-16,True
174084b2-63e3-4e39-a6b2-8418e725c738,3841,ID Card,6077622,2034-08-02,True
eaa696bd-2cf6-4852-853b-f15601085037,3842,ID Card,6257423,2033-04-30,True
4658805d-06d4-4510-8c15-243ee47385ff,3843,ID Card,9568263,2035-02-16,True
de48c3b7-4812-440f-8fd0-7af3e5c26543,3844,ID Card,5868647,2031-03-09,True
d07b4c43-4f64-4e48-812f-b8b3020e6282,3845,Passport,3338921,2033-09-15,True
bda645b8-65f5-4ab4-81a8-a4b3f5280133,3846,ID Card,3058437,2035-05-17,True
f290baa0-076c-4793-817d-0a8bd8c1f88f,3847,ID Card,4460558,2032-07-19,True
914e098c-2b11-4648-8911-4c3c7c4ac430,3848,ID Card,3524270,2027-07-08,True
36206d9c-3682-4ed1-9219-a14c6c0c76f9,3849,ID Card,6453718,2035-07-31,True
157d2542-55c7-41d0-a5eb-81f6ef62bc74,3850,Health Card,1204243,2027-11-18,True
338e1e8a-b23f-4466-8e20-8dbc4834dbc9,3851,Passport,1322347,2032-10-18,True
75c8f03c-42a5-4eac-b91d-8abd083c567e,3852,Health Card,3002079,2034-06-06,True
46433bac-f7b6-44a8-9a7a-f0a1a5a5b6b3,3853,Health Card,6224240,2034-01-01,True
2f2c7a18-328e-42c7-9abb-94dfe9cffce0,3854,Health Card,4270130,2033-06-08,True
83914c0f-c2f2-4df8-afdc-cac132965cac,3855,Passport,5029653,2027-04-03,True
ca5cd9a7-de3d-4186-a887-998b9efcbb73,3856,Passport,7074733,2029-06-30,True
589a4055-2bce-4ff0-a096-eeef0e6596fe,3857,ID Card,1758238,2033-11-08,True
a888b8e9-b2a9-489b-ac53-69531614ef5b,3858,ID Card,6511239,2028-06-15,True
e40449da-3f95-4db7-a8b1-935e5c4610cb,3859,ID Card,3825794,2033-01-16,True
2319dba2-a29e-447e-9fb8-d8c145b4fe73,3860,Health Card,6989196,2030-05-27,True
4527c859-8bc5-4e9c-86b9-6d84b323fb14,3861,Health Card,8440053,2034-10-21,True
09f29877-0c8c-47b8-bd16-8dbc0a983775,3862,Health Card,3530209,2033-07-29,True
92ed43cf-5a37-449f-bb10-d8f311dbde88,3863,ID Card,6825565,2032-11-24,True
302c4401-abdf-4479-a5b9-32f9cf6ccd89,3864,Health Card,7941172,2031-08-23,True
1f0b81be-6da3-4c1e-b4d6-139e24f1456b,3865,Health Card,6534989,2032-01-26,True
99f8f83a-6f82-43af-bf3b-0c1d0f5dd4fa,3866,ID Card,7120709,2029-01-13,True
8852b4fd-cded-49b8-bafa-5b6ed51d2c86,3867,ID Card,2020888,2032-05-19,True
ba72c1e6-cebe-458a-8d38-6e46bc093311,3868,Passport,6454653,2031-02-24,True
72e64387-2a26-4733-ba5f-ce083a49711c,3869,Health Card,6467163,2029-02-17,True
2232840e-c0f0-49e8-88b1-86c9df8216e7,3870,Passport,6794693,2030-11-19,True
5db6a711-99b5-41a2-902a-562a6f4927d4,3871,Health Card,7723574,2027-07-27,True
d81b2ebe-d65a-4001-a80e-2f1d8f79b45f,3872,Passport,5022523,2030-09-01,True
02bcb6e0-ce17-4c0c-b20c-cb539fe9f54b,3873,Health Card,8391339,2035-09-24,True
8ff12bc3-5d9a-4c78-ab35-af458bca9b02,3874,Health Card,9410469,2027-04-06,True
7f090b5f-3994-4106-814c-834e37deb7a4,3875,ID Card,2030245,2035-05-09,True
53d772cc-8502-4154-b290-c05ca7b56691,3876,Health Card,3592584,2033-08-19,True
ee0ad829-8026-4b6e-99af-042f12410d0d,3877,Health Card,5657374,2031-11-16,True
8fae1be7-21be-437c-98f6-d1a49c9ebaec,3878,ID Card,2493471,2031-11-12,True
bce41a31-6855-4d7c-a2f4-b115765f7026,3879,ID Card,8225004,2030-10-23,True
1792ae05-4ac4-4469-86b0-dc445c5c6464,3880,Passport,3048268,2028-10-15,True
735c7dd2-da3d-4e7f-b963-10cfaca25b17,3881,ID Card,6730054,2029-01-24,True
7e7ab909-a469-4de6-b321-ded211d11f49,3882,Health Card,2373417,2028-08-26,True
b5854da7-64e3-4d57-a4bb-3341f4bd3404,3883,Health Card,1338236,2029-09-05,True
df392ec3-0871-40ef-a013-18ab9c7518b8,3884,ID Card,2324967,2031-05-07,True
01855e36-ec2f-4a52-96d3-0ed738c38c61,3885,ID Card,3667588,2033-04-09,True
c1c8f689-d11b-4d39-9870-1cfedbb71cb9,3886,Health Card,2992801,2031-02-12,True
eed7380d-f52c-4832-a2ef-27d9771491cb,3887,Passport,9827252,2031-10-19,True
c59081bc-58af-47b5-8956-d540f7bdb1e9,3888,Passport,9641619,2030-08-26,True
aff06285-c510-4faf-9038-9615e12f3bf7,3889,Passport,2154768,2029-09-29,True
5fa4d631-e9cd-401d-b811-4177e1ec68ec,3890,Passport,2848552,2027-04-17,True
18587fc8-864d-47b9-a361-e50b105e5ccd,3891,Health Card,5350352,2027-09-27,True
2a42fb22-6d18-495d-b111-dce37dac1b3c,3892,Health Card,6275647,2033-08-01,True
ade39654-9462-4e6c-b10b-911972cd381d,3893,Passport,7727618,2028-07-31,True
1917195a-a03b-4e5c-bdb7-30d61f8ff0fb,3894,Passport,2106555,2030-01-16,True
4be11284-c252-496f-90fd-94f74654824a,3895,ID Card,6328540,2035-05-05,True
dac51af4-27c9-4a2c-bcd1-bbe82916e295,3896,Passport,8859601,2032-10-07,True
1eafdae2-7b01-49a4-819b-57c304e4b31a,3897,Health Card,8485288,2035-11-20,True
e07de574-b6cf-4914-a2ba-e37e2248c942,3898,ID Card,2690662,2035-07-10,True
84092e95-d926-4e49-8596-7cfe5cfab182,3899,Health Card,2596046,2031-11-04,True
95f2c56a-b703-4fd5-aef5-2926d53f210a,3900,Passport,7875107,2035-10-31,True
6472007f-d3d3-4d65-aefa-600babaeab87,3901,Passport,4984839,2032-03-27,True
f67ddb7f-3b63-408b-bef0-41bd67dcece5,3902,ID Card,2393459,2034-06-12,True
1f41e536-66dc-491f-b579-7e2076bd181b,3903,ID Card,4276309,2034-10-19,True
4c2da18a-cbd0-46d4-bf0e-793541067c60,3904,Health Card,6853535,2032-07-11,True
87510277-ec06-4873-a046-f329649d642f,3905,ID Card,8704748,2028-10-02,True
df8156f7-7c22-45c7-8a71-6bd0ad307b7c,3906,Passport,1191537,2033-03-28,True
095a1213-f0fa-4470-b3c0-18c76b994bc4,3907,Passport,4665179,2034-05-02,True
9c0fa114-b822-437d-b8cc-4ab5cefaaa21,3908,Health Card,5466231,2034-02-14,True
ca8bcbb8-de08-4f9c-88cf-35eb148e2908,3909,Health Card,9906947,2033-12-07,True
2fd9a755-9c97-475f-9889-8c470c03e0b1,3910,ID Card,6203081,2035-03-11,True
b29e712c-403a-4e66-a390-d0b3a050d31b,3911,ID Card,3060727,2031-04-21,True
3407ba5b-1098-4751-b262-92fd05952ac0,3912,Health Card,4443770,2032-08-24,True
a7658ad3-ed58-4e9f-a78c-68fc3ef8894b,3913,Health Card,9295233,2031-07-08,True
2cd432fa-1a67-4c2a-9b20-ceec7b2bc85c,3914,Passport,2807431,2030-05-13,True
a1961183-b9c3-4400-beeb-6986c506b318,3915,ID Card,7133435,2027-10-09,True
7ad0610e-11d7-4ff4-8e8c-b8537e2c35c0,3916,Health Card,1913462,2035-12-28,True
b96d0aa5-f854-46a5-ae10-44edee213c06,3917,ID Card,1949141,2031-12-06,True
dea99f86-a7fc-467a-9fc3-513bb9f15a5f,3918,Passport,7912924,2035-07-12,True
926eba3f-74d2-469b-b297-02f10273115e,3919,Passport,2311524,2034-10-02,True
55428519-07e8-4fc4-ad4b-7c938278464b,3920,Health Card,6210727,2032-05-11,True
1232205d-932d-4c0c-9bdb-92b76baaadea,3921,Health Card,1726964,2035-06-03,True
de1f0775-da12-4220-84ce-13f6c64f80ac,3922,Health Card,6594211,2029-07-04,True
0ff079e8-14df-4f9e-9848-df51ea78ddfc,3923,Passport,4745205,2028-02-19,True
01679730-e19e-41c0-abcc-96c86c3ebe43,3924,Health Card,7393881,2034-09-05,True
cc5f1ada-121d-4022-b710-d77fbfa69c9b,3925,Passport,3774365,2032-11-29,True
4226302f-c069-4ebe-85e2-0f704b2093f6,3926,ID Card,8028230,2028-01-30,True
b815ea71-ee47-4e43-9d2d-667419ca21f5,3927,Passport,5145071,2032-08-13,True
ccb3ab35-5955-4034-bd64-1986168a9ad3,3928,Health Card,7046072,2029-08-30,True
e402c0c3-a14a-4084-b3fe-83cfc3268deb,3929,Passport,9201260,2031-06-20,True
cee162d5-d8d0-493c-a9d8-57cd5a18ee2b,3930,Health Card,1702931,2032-11-13,True
42b57589-815a-48ce-a617-3060bd3a1b30,3931,ID Card,6748628,2034-10-25,True
7cf375a5-5add-49d3-ac49-ea316bf1943a,3932,Passport,3346552,2028-01-10,True
6da9d6f0-7c5b-4b58-a047-a77ce74675e6,3933,Passport,2901967,2035-01-05,True
8c7cef0a-1c1f-403f-8024-3703f8b29552,3934,ID Card,9111405,2035-04-16,True
07060b12-4bcf-493e-9418-8d1d036f3d90,3935,Passport,3543307,2033-12-28,True
57071b90-5979-48e8-be8c-5f51581fd449,3936,Health Card,2818199,2034-12-03,True
7bd41caa-0b9d-4a36-a1ca-736a2a04eb0a,3937,Passport,8893811,2030-07-03,True
51369fa7-9bcb-4865-8c7c-20193d83523e,3938,Passport,4424575,2033-12-04,True
cafa3b32-e381-4d1e-8ca3-14f7a93906f2,3939,Health Card,2918323,2032-08-22,True
8414cd3c-905c-4d11-acdc-1df7bb2f4bfe,3940,Passport,7171874,2029-05-07,True
d2bfe22e-2972-4b86-a75c-57e05dc36cba,3941,ID Card,3052551,2031-07-25,True
eb1a1de1-075c-4bb1-8c3a-83379ad92f95,3942,Health Card,8175693,2035-07-09,True
d0d9058e-ce2c-41e4-a931-8b47e1164b09,3943,Passport,8505826,2035-09-01,True
73560d63-51fc-49d2-a477-e85801393bfc,3944,Health Card,9520860,2036-01-22,True
3965efa7-d0ee-419b-827d-c42d0e827970,3945,Passport,4371983,2032-10-22,True
0eaba833-352a-4598-97b4-f2dca9b1c750,3946,Health Card,3165082,2035-12-09,True
866f63d8-da49-4635-aa66-e0b4b4aadc97,3947,ID Card,4123885,2029-02-04,True
ad87a22b-02bb-4500-a307-ce301dc4b04b,3948,Health Card,9075274,2030-02-19,True
9d384d4f-a1d7-4cd8-89fd-8a3067261bd8,3949,Health Card,3204193,2034-04-17,True
a524cd55-a1e8-403d-b5a7-2576fb436aba,3950,Passport,3258213,2028-08-18,True
739b651e-0a37-48ad-ba04-c5fe6b2c6ba3,3951,Passport,8810447,2029-06-07,True
32badae9-a86b-49a9-8bd9-80e01d186c74,3952,Health Card,1423539,2027-08-15,True
7c220a9e-fdef-448e-b16f-c99b8024e337,3953,Health Card,3940842,2035-02-26,True
8d3e2888-28e1-4d78-a5f9-a67c58177d38,3954,Health Card,8528324,2030-07-19,True
77b60d11-a5c4-4710-b717-a5d6a3366b1b,3955,Passport,9974899,2027-04-21,True
411106c5-884c-46b4-90d7-0b53345aa2e3,3956,Health Card,3352975,2031-02-13,True
e2534250-56af-4eab-83b4-4404cac65217,3957,Health Card,2536279,2031-01-29,True
80564ea0-4513-4097-b949-405c6d205d8e,3958,ID Card,3725357,2034-03-12,True
c4262eae-5c6e-410f-a834-c9bb3682438b,3959,Health Card,2340626,2035-08-27,True
31124bdd-0c38-4970-9a7f-047a50cf3b0f,3960,Health Card,4394796,2034-05-08,True
caca7aa3-94ea-4be9-83dd-8ce2748174b2,3961,Passport,6242524,2027-11-14,True
82007c7c-1e46-41fd-9be8-afdb0fabbc17,3962,ID Card,4456429,2032-10-23,True
8f8a1424-8eac-4e73-bc5b-169bd0d1e45d,3963,Passport,6104736,2027-07-25,True
d2eb2fb0-3698-41e3-bb1a-4f57d2fb4d10,3964,ID Card,1912905,2029-12-09,True
7fd4a6aa-eca4-4613-aaca-492ccf654585,3965,Passport,4862319,2028-10-05,True
1fb8a1bb-41cc-4746-9887-b1fb06a960b7,3966,Passport,2191289,2032-04-12,True
02ebfeaf-9f45-41b3-a287-e484ec308950,3967,ID Card,5697775,2030-05-21,True
72d4061a-35b5-4054-88ce-921908ec3e33,3968,Health Card,1372716,2027-03-13,True
b25d10d0-8aae-423b-8dc5-bae36e1e84c5,3969,ID Card,3687235,2031-01-10,True
07a4a866-4bf9-413e-a595-c1592b9d996c,3970,ID Card,2491262,2035-07-20,True
ba60bbc3-f6e7-4c85-9373-752d9e30ee56,3971,Passport,9729681,2034-04-30,True
51861a13-5d5c-40c8-9fde-362b9c43f9fe,3972,ID Card,3076801,2029-06-06,True
a55c7fa7-7066-460a-9d15-ae46377b53d8,3973,ID Card,2169848,2031-06-23,True
56f4681d-7e3d-44a0-9971-f74c261ad53f,3974,Passport,6022723,2028-07-07,True
5d4d2847-0f74-4391-b4ac-61e0b1647f7b,3975,Health Card,8827185,2027-04-21,True
66fe3dd0-b001-4508-894e-1a64ff17adee,3976,Passport,4581350,2035-12-15,True
2f40cf51-863f-4bb5-b792-ac6ef4540ce0,3977,ID Card,5855339,2029-07-04,True
47d58bef-3b4a-4b4a-8b8d-1bb66e8a7362,3978,ID Card,9647017,2033-07-18,True
ca5e7dc3-b613-46c0-864e-74986c4f37d4,3979,Health Card,2457879,2031-05-06,True
798d9e1f-d3e5-4179-9ec0-bf718aea4531,3980,Passport,2154961,2028-01-14,True
afda0c81-02f0-4d63-abf0-65d9889c9a37,3981,Passport,3127392,2027-11-06,True
4dbd3e4d-1422-420e-a658-3060976fde9a,3982,ID Card,2116699,2032-09-17,True
077a8551-3a00-4c49-80e7-67b1807223f8,3983,Passport,7241485,2033-01-26,True
e971e185-1096-4656-91e3-301d04da1dd6,3984,Passport,8457012,2030-10-07,True
2791418c-f9fe-4d37-9696-81f7f966778a,3985,ID Card,2641214,2030-03-30,True
57472c0c-9d45-4203-a63b-33e29b4d456e,3986,Passport,3718338,2030-01-11,True
bdadcb87-90e3-40a0-9c30-4fc7f30181bc,3987,Health Card,2024064,2035-05-02,True
ece5c312-393d-4686-a224-9d82a5d74ba8,3988,ID Card,3428178,2035-10-16,True
b11a9f30-4a22-427d-9e9e-b9b579d27e5f,3989,Passport,8501200,2032-05-20,True
73e968e4-cf48-4657-99dd-9ff98a8d1ee2,3990,ID Card,3868752,2028-07-29,True
df1cfeda-aa36-414c-b442-233377a6132b,3991,Health Card,5368163,2035-10-26,True
e3c6d32a-90bc-4d04-a7c9-c5558fb7750d,3992,Health Card,2436373,2028-01-24,True
c0bade84-4707-4ccb-90eb-ab8081c52e2d,3993,Health Card,8610323,2035-02-13,True
e9d2615d-c0bd-4bbe-bfae-7bdd384377af,3994,ID Card,5742834,2030-12-13,True
dd126e1e-99b5-4a31-8d1d-3cb62bfdbdc9,3995,Health Card,9809208,2034-11-20,True
67116ee2-902a-4d4e-b499-e9037a5e3821,3996,Passport,2344811,2029-05-07,True
bd79f97e-6958-4be1-bb78-2de15fd33a54,3997,Passport,1293816,2034-10-29,True
a39fae64-d450-4346-a80b-d0e145c43500,3998,Passport,8230607,2031-09-18,True
df8339fd-565d-407a-bd7b-44f9bf81679f,3999,ID Card,3849438,2027-03-08,True
cdd6ea3c-c02a-482e-b74b-285897734a83,4000,ID Card,3549158,2028-11-13,True
458a64c7-9c6c-497d-b689-d4735845299d,4001,ID Card,2073144,2030-01-19,True
449937a2-eb0f-4827-a93d-a346c2129531,4002,ID Card,9369186,2028-02-07,True
f2683204-f305-4f59-9c26-622ce17269e6,4003,Health Card,4195353,2030-10-06,True
2b2590f6-e064-4808-be27-2221f221951e,4004,Passport,7728460,2034-03-12,True
06f6da45-039c-4d4a-bc1f-4ae472d20783,4005,Passport,5063929,2035-11-23,True
39b7c443-dcb7-488f-a4b7-c5e3a1691218,4006,Passport,6783022,2035-02-18,True
21197599-8ca2-456c-9825-6a59e0f1a673,4007,ID Card,1038770,2031-05-30,True
a49259b9-46d7-4645-8ca1-3df243bfd80d,4008,Passport,9971364,2033-11-09,True
517de0a2-da1c-495c-95c8-544b0316411d,4009,ID Card,7669267,2030-08-18,True
cc417401-2048-4a66-b462-fac25ba63488,4010,ID Card,1923431,2033-10-11,True
4f50f82b-260e-45bf-8528-aa31b6dd49b6,4011,ID Card,5796480,2032-08-05,True
32fb9ecc-4a9c-4afe-959e-78beaebe5922,4012,ID Card,7750938,2031-03-12,True
eb941307-e4e1-4b3b-b0d6-cb34cce0cf1c,4013,Passport,3359425,2031-07-14,True
5a00a488-72b6-4ee4-8091-329fc6f61b2a,4014,Passport,7544348,2029-10-03,True
064bd920-695b-4708-a4c6-f5db4b4d1e4e,4015,ID Card,8534159,2034-05-24,True
bef79c05-b8e1-428e-816e-45f188ccbdff,4016,Health Card,9510633,2031-11-16,True
7f165abc-d87d-4074-aea3-069c617f99ce,4017,Passport,3847127,2034-06-22,True
c08ba865-1b75-4981-b690-e9f89b5fc05b,4018,Health Card,9156568,2033-05-10,True
9679fd4b-a19a-49c6-a4d7-fbfe9462a8d1,4019,Passport,5214186,2028-07-30,True
a940ee30-103d-412a-ad6a-226b66decba8,4020,Health Card,8625608,2028-07-05,True
f08b36f7-fc7a-4b9d-baa3-ef45277a6ecc,4021,Health Card,3393380,2028-05-19,True
5ecb5337-3248-4717-a44b-4778117989ae,4022,ID Card,6606869,2035-12-20,True
70fe3ebc-a81c-4706-9136-3e09d7258fa7,4023,Health Card,6353863,2034-05-09,True
f588df99-a4e9-44a8-9242-d2fa3b478fbb,4024,Health Card,2467453,2027-06-10,True
40bd00f3-0ac1-49a1-bfc8-f603cff73de2,4025,Passport,4884079,2029-04-12,True
ea2f0bdd-6322-4fe4-9bd1-dc8eb5cbf123,4026,ID Card,9718404,2033-06-18,True
0999cffd-89bd-43cf-925b-057a7bd8702d,4027,ID Card,7846338,2031-12-23,True
1d90dc8e-71ca-469b-825f-61efff33acfa,4028,Health Card,7845086,2036-01-06,True
e4dbdd4a-02ad-4fd9-a116-ca3316cbd0ab,4029,ID Card,8293806,2036-01-07,True
e310423d-b16c-447b-9c92-3c1b65c1ab4d,4030,Passport,5833051,2027-01-31,True
b3475901-61eb-49dc-8032-08a135ccbafb,4031,Health Card,8254424,2034-01-08,True
17405d33-982f-4ec0-a1ba-862163a56267,4032,Health Card,7242171,2033-04-16,True
83dfd0d0-9cff-43f7-8ad5-803603f42dcc,4033,Health Card,1372273,2028-01-06,True
4d0749b0-7ef9-41e5-acbd-6f35e9b668e6,4034,Health Card,1730712,2029-05-15,True
74efa804-213a-47ed-b7b2-505c298ec0a7,4035,Passport,9043474,2032-07-04,True
02719957-5aa5-4d9d-8481-4e66907f9e09,4036,Passport,4140284,2028-02-22,True
46fcec00-7810-45c8-8012-fe55dbcc3872,4037,ID Card,7392062,2029-02-07,True
337b8eff-8f86-4de3-96c6-f4fc8ad8dfa2,4038,Passport,2970036,2028-12-20,True
c826103e-17e3-4c37-98bc-0f923333eed6,4039,ID Card,7005127,2027-06-06,True
5a080042-99a3-4418-9237-23c68352287c,4040,Passport,2652240,2030-02-24,True
a4a3787c-deb0-4da6-b3fd-55ae5aff75fc,4041,Health Card,9302960,2035-12-26,True
da849d83-fc33-4bea-bf5d-b4263b4901cf,4042,Health Card,7680347,2027-06-08,True
9f462113-e001-4b22-9e10-e18163a9fafd,4043,Passport,4809240,2031-02-27,True
dabc3788-955b-4bee-ba87-e88168e1f4bb,4044,Passport,8067888,2035-07-25,True
5b0718d3-8167-4372-8dbc-4bca38d8b7bc,4045,Passport,4264077,2030-10-28,True
e06b4778-f908-497b-9466-4c4f8d572e58,4046,Health Card,9713148,2030-08-13,True
2c2a0aad-bad8-44d6-8707-12c2671c940c,4047,ID Card,3652938,2031-07-06,True
1f608a71-bc30-469d-a6dd-2f428aa4cf7e,4048,Health Card,7212609,2028-03-11,True
659992e3-2913-4f09-b40b-205b6b5f7938,4049,Health Card,2459272,2027-05-11,True
eccd68e6-a41a-4ba7-8bfc-8c419754e208,4050,ID Card,5031131,2029-02-28,True
b19a76b1-bf09-41ac-a4ba-e0408de7e570,4051,ID Card,5231564,2035-02-05,True
a48db2df-3aea-4014-a48c-a6bb13105d79,4052,Passport,2081332,2035-10-17,True
6cf42af1-c878-4e2b-9ad1-ab1081bff081,4053,Health Card,3117555,2030-07-08,True
963f215c-66c3-4fd0-a4f6-8c722c6072b8,4054,ID Card,6484504,2029-05-02,True
2f49fd8f-53d7-460b-a4e7-2fc7fc632fca,4055,ID Card,4485671,2033-03-08,True
ce6c7efa-fab1-4571-87c7-356d84540991,4056,Health Card,7383724,2035-07-07,True
e24b5be0-4f1c-4aa5-bff6-e70e603b9074,4057,Passport,9483009,2030-07-14,True
7920d496-edc1-473f-82b8-fab88e96182a,4058,Health Card,1852176,2027-10-20,True
00cc0561-3f49-448d-8b60-482fc21e82e3,4059,Passport,4891717,2033-05-08,True
0f5a0ac9-8bea-4208-94b4-f1b288f99e83,4060,Passport,8325671,2035-12-26,True
0d9c10cf-e3a7-4293-82df-b839ee50c5c3,4061,Passport,6391477,2029-03-25,True
18b43b49-0282-455b-bf15-0f2284062730,4062,Health Card,6148158,2034-06-18,True
9ff379e3-e034-488d-985b-715bb12cc470,4063,Health Card,3498787,2030-03-05,True
a319f54c-eb6b-4399-822a-6e8a44f920e9,4064,Passport,4850958,2029-05-03,True
8248a71f-e031-4e75-b05d-fe23dbc49253,4065,Health Card,4132057,2034-04-08,True
e0138e7f-46b8-4cea-8d3a-9900ac89e407,4066,Passport,6615459,2034-12-13,True
8ab18405-6eb3-421e-a23d-c2cd04adafe6,4067,Passport,7716873,2032-06-27,True
9f39ec46-9a56-46d5-a01c-d4ce0b109d7f,4068,ID Card,9739769,2029-04-15,True
369502d7-ce58-4b39-9dd9-65cb0bd45a0c,4069,Health Card,1209371,2033-06-08,True
ee261478-57f1-411e-a9b2-14632ef312cb,4070,Health Card,5711707,2031-04-27,True
fc4635f3-813e-40ac-b14a-4193ea202443,4071,Health Card,6019496,2032-09-30,True
7f3d90d8-33fe-42d2-978d-b035927d1fe2,4072,Passport,1555300,2034-12-28,True
24388127-eefc-4811-8a0e-bbf6ae5755e5,4073,Passport,5045671,2035-03-10,True
5aa7c548-1d71-4d1a-9808-82b2e679316d,4074,Passport,3019183,2034-08-05,True
da93b09b-38a6-43e6-8a15-595a173df13f,4075,ID Card,2329497,2033-12-12,True
f9e5822f-c3ee-4599-9e60-8c59ea538340,4076,Passport,1655655,2036-01-20,True
cc36320c-d6b8-4e7a-8b76-01f945e7c84a,4077,Health Card,8398322,2027-02-21,True
d330f220-12e6-4c18-b426-b67792979aa7,4078,Health Card,7916048,2033-05-02,True
434b5834-5a44-4df0-8a1a-d91f8ad6f0e5,4079,ID Card,5953627,2031-08-09,True
873eaea4-12b9-442c-8590-c3b6d764b255,4080,Passport,3839406,2030-07-02,True
2e7b9f22-53f2-4395-bec9-dee9b7f91cc6,4081,ID Card,9884248,2034-05-18,True
fc2e56f9-60e6-4ddc-a3ac-1641ef5f114a,4082,Passport,8520463,2029-10-20,True
b409a75b-8f26-4bed-b974-77f32ae8651c,4083,Health Card,8128407,2027-11-07,True
cdff4b22-8ead-4685-a0d7-964298411ba5,4084,Passport,6130872,2035-05-27,True
a5670006-dbdc-42d2-bd88-5dffe6632ff0,4085,Health Card,2135940,2033-10-30,True
f2a582fd-8f63-4d8d-b521-bd9b95affcc1,4086,Health Card,8933170,2027-03-10,True
207ed588-aaf1-4d9c-a97c-48931cc95ef3,4087,ID Card,2755212,2033-01-25,True
c5a1f4bc-2f3d-4293-baf4-eb41d9fb1001,4088,Health Card,4711880,2032-03-24,True
bf4cc9e1-f680-456c-bc54-7f35081df90a,4089,ID Card,3822445,2033-02-26,True
c963bf06-4676-4b4e-aa2d-a198789e6555,4090,Passport,9126820,2035-01-07,True
c9ac3bfb-ecaa-441d-86f9-93687b015cfe,4091,ID Card,4390164,2028-02-20,True
82955c03-0b72-47a5-bcff-540a93bc1e06,4092,Health Card,3090334,2035-03-11,True
1224bbc3-e2f4-49b2-86ae-13a76eb42d15,4093,Passport,1388765,2027-12-22,True
1ca8458c-7a18-4ea0-bc8a-7b37713c7729,4094,Health Card,5536127,2027-12-06,True
98f17263-2f22-406f-b996-e0180cfa8bac,4095,Health Card,2548955,2027-01-26,True
cc0e68a1-5a1f-4d48-b361-b21c9c1361e7,4096,ID Card,9884313,2027-02-13,True
3e8a0704-fddd-44ef-a9db-77173e441c63,4097,ID Card,3095054,2035-11-19,True
1ef6b804-431c-4164-99b8-46c5daeeefa1,4098,Health Card,3762235,2033-12-29,True
9a7cfd7a-3448-445f-86b4-d6c867b2e09e,4099,ID Card,6277903,2027-07-31,True
68a708f2-31c9-4310-9219-1b7773e406fd,4100,Health Card,3712728,2033-07-02,True
c867c61a-256b-4aa5-98f9-e028756a7a76,4101,ID Card,3502010,2034-07-01,True
7a65ea0a-d141-46e9-bfdb-2dc7d6e87b7f,4102,ID Card,4434845,2034-01-09,True
9e176815-be92-4a6d-a35a-473ee276d02f,4103,ID Card,4964777,2030-09-04,True
7ef38ade-9a4e-4b10-9f40-e70bdcf9ad74,4104,ID Card,6871422,2027-06-18,True
459517ac-e4bc-4f8d-a7fe-4abb953b8410,4105,Health Card,5863557,2031-06-28,True
09c351e3-d6cc-482d-af10-fd369d2b0275,4106,Passport,6880040,2030-02-12,True
1cc4f457-b382-4c93-bb16-054d469c0c78,4107,ID Card,1848848,2030-03-25,True
a11b4afb-e350-43f4-abb6-d8104a550d9e,4108,ID Card,9388005,2032-03-23,True
51dbb19b-3bf8-4a92-9048-d17fe586c081,4109,ID Card,7849830,2031-07-02,True
4c7016d4-46c9-4bcb-9768-03a79b255015,4110,Health Card,6606638,2027-10-14,True
1a8c9aad-3552-4d06-bf6c-2b3c433453a1,4111,ID Card,2368828,2028-12-29,True
ab6bf84f-0223-4496-9c77-fade93ffd3e6,4112,Health Card,8815027,2029-03-12,True
41512179-6619-492a-b583-05f3b5f73054,4113,Health Card,4405039,2033-04-02,True
6f0e17e5-7e60-482e-b63d-1e4f11cc98a9,4114,ID Card,2584333,2033-07-20,True
1f25c5b4-43b6-4d2e-8de6-becb2d4a9c44,4115,Health Card,2695683,2027-11-26,True
dfa32022-1747-4180-b298-7210251e8d8e,4116,ID Card,1320498,2033-07-05,True
751db230-8792-4bf3-814e-8106b937bd81,4117,Passport,4365451,2032-02-27,True
acbbf89a-17c9-4835-a388-97040e58a340,4118,Passport,5978975,2031-09-19,True
88cbe9ad-2c3c-4f52-844f-a11d2cb60ea6,4119,Health Card,7525835,2034-08-02,True
42b9bf45-0f59-496a-a1fa-b38cfdd02e9f,4120,ID Card,7988890,2031-10-04,True
4ffeebaa-dfeb-4208-82c2-0721279083c8,4121,ID Card,6778317,2033-06-15,True
36ab1aa2-5b6a-4b80-8975-6e3a1d9649e7,4122,ID Card,2748980,2035-06-16,True
77b58a4a-c09f-48ff-bb75-af9a62924e35,4123,Health Card,4796820,2027-07-23,True
cdc2b905-c489-4513-bc13-8bd869ac5c77,4124,Health Card,4080360,2035-04-24,True
2e5ebaa9-efc1-4e58-9039-c9bb838ef66e,4125,ID Card,8129844,2028-01-05,True
1cb680cd-d57e-4023-a312-c6d3a1353e61,4126,Health Card,2885390,2032-12-11,True
0cb0dd0a-65a8-4e56-875e-f4a85dfab3b0,4127,Health Card,3561739,2035-11-01,True
247185d2-951b-4159-b571-a9ad694bfb62,4128,Health Card,9388377,2034-01-21,True
03b18544-4b95-41ea-b05e-dd80e9b8ef4a,4129,Health Card,8373140,2027-09-08,True
67f30aa7-76f3-4118-b848-23c331432a84,4130,ID Card,4229563,2036-01-15,True
66f268b2-ce1a-4924-a1b1-595e7b148248,4131,Health Card,6937297,2028-11-23,True
ea0c307b-7dbe-4999-bfb7-048de2327245,4132,Health Card,4600613,2030-05-14,True
d0f8f3c2-4088-4fae-91c7-773f8ce40220,4133,Passport,1340993,2034-12-16,True
5681da2b-7e78-46a4-a792-aabbba8c9b9b,4134,ID Card,2841760,2035-02-18,True
3f8f305a-8f14-4f32-8f46-24b7159840a3,4135,Health Card,8863734,2032-11-13,True
5609488c-3fd0-446b-94df-30605fc98881,4136,Health Card,8403201,2034-07-16,True
739503c7-d3d7-482c-8649-cb5c18cc7540,4137,Passport,6976443,2029-03-05,True
bd037f5f-19f4-43c2-a1cc-5ef7b65bdc36,4138,Passport,5112159,2035-02-18,True
2e5dec72-a902-490a-89d0-317e44da8365,4139,Passport,2684504,2029-09-14,True
e8c9b90f-fe62-47e0-bf6b-9560224a44f2,4140,Passport,1977949,2032-10-06,True
fece2a2a-530e-4152-90de-ba9dc0cd5afc,4141,ID Card,4023159,2027-06-19,True
10efdc80-0e1c-4e31-b746-0e9448d415b9,4142,Passport,9388501,2027-12-16,True
0f95faaf-7d48-4a46-ad91-234ec24ed46d,4143,Health Card,2365694,2030-02-16,True
ad0ef8e4-135b-4883-bbf6-aa8d52837813,4144,Passport,3678034,2030-05-19,True
f2a67c79-a5f2-40f6-8e13-531a6743d8df,4145,Health Card,2218168,2027-02-07,True
a0983077-2ce2-443f-bfc4-9b127c062554,4146,Passport,3523693,2031-04-16,True
87508f18-5bfa-4d81-84d4-3dd1844af067,4147,Health Card,8191656,2034-04-14,True
7498c6dc-b255-49fc-80a3-bd3320043919,4148,Health Card,2125706,2034-07-07,True
9aec2cfd-fc5e-4d51-9dc1-95f99c43d64d,4149,ID Card,5924249,2032-04-07,True
883009e5-fb74-4f10-8514-6bcdb0d70cf6,4150,ID Card,1297368,2035-05-16,True
ab8fac79-6edb-4c71-86c8-88790ef9afcc,4151,Health Card,2512893,2035-08-31,True
382f79b7-6acc-4588-949c-bf1aa6cfdcb5,4152,Health Card,1891569,2036-01-10,True
43f32119-2837-481d-9e15-75178f2c7f56,4153,ID Card,4021071,2033-03-10,True
10b00138-d4f3-48ec-a0e1-b69d95371535,4154,ID Card,1463194,2028-11-29,True
0e664684-ec99-4092-a66f-a9c1044ff236,4155,Passport,5633035,2035-09-06,True
f5b87231-b116-4bd2-90fd-1a8598632c47,4156,Passport,8430160,2031-01-15,True
3322431c-6705-4157-a14f-8a7c483c8f06,4157,Health Card,5659516,2030-06-08,True
6fa80ce7-ed14-48b9-9fee-eb3a9421bc91,4158,Health Card,3767621,2030-12-28,True
683b5e69-6d20-4659-a9f0-15b96dad3d2b,4159,Passport,2150851,2028-05-18,True
68cb2c55-0356-42a5-a793-df921f3c487e,4160,Health Card,3714634,2034-01-14,True
dd5f1ea1-5299-4e87-b5bd-9f44fc7aa9a9,4161,Passport,3621630,2035-01-07,True
bb039be0-55de-460b-8177-5eecad116653,4162,ID Card,2852381,2035-06-28,True
fad3e36c-e27a-460b-a8ed-8d309f8309cf,4163,Health Card,8668476,2032-10-22,True
f7e8370c-9342-447e-bcc3-4046df1f0463,4164,Health Card,7650430,2028-01-09,True
f5d56a9f-df1d-4270-bfc4-b7f5c09d1887,4165,Passport,9309875,2027-03-22,True
9668d28b-e0d4-442f-8714-ef7d168e0851,4166,Health Card,1493333,2032-02-03,True
cd032cdb-c7d0-45a7-b342-06965e4d7c7f,4167,ID Card,9065454,2034-03-15,True
eb758815-8098-492d-88f2-9aec88014b2d,4168,Health Card,7605559,2035-03-19,True
35cbec1d-0d1e-4ea8-9b6e-d6207d2b9a66,4169,Health Card,9327593,2032-08-15,True
2292887b-d6cf-44f0-951e-be092e87234f,4170,ID Card,2254588,2035-08-24,True
f6fcb88f-dea3-46b3-b981-c19656ae989c,4171,Passport,7855935,2027-07-04,True
3696a890-bdac-4c7c-b036-019f5a11dc35,4172,ID Card,3216635,2028-10-16,True
b464f9cf-c3b5-4862-9ad6-fdc655c9a6ce,4173,Passport,1261874,2032-07-01,True
9d96c5b7-8716-481d-9741-9479c055c4cc,4174,ID Card,8421285,2031-12-11,True
16ef67ba-42d0-4a90-9133-431d8f6fb3b9,4175,ID Card,1332222,2031-12-16,True
11e1fba7-e25c-4f55-b275-40c5447ddb16,4176,Passport,6357314,2028-11-22,True
641ca002-b670-4f70-9794-0de957a97af9,4177,Health Card,5092990,2035-07-12,True
e11a0e36-ae0a-4483-b44e-90cb14c8eb7e,4178,ID Card,6278094,2030-01-24,True
8d4acacd-b34a-4fbf-914b-cd178649ce42,4179,Health Card,4562041,2030-07-17,True
3931bb42-75c4-4691-8397-68d32c7037a9,4180,Passport,1403038,2030-06-15,True
ea7d09ad-2339-40d0-9da3-586147440cdf,4181,Health Card,7244204,2031-08-23,True
9d054e6b-a4d1-4ce0-b5c6-b1f2bf6c2e95,4182,Health Card,7351060,2030-01-20,True
814486e6-2096-4c78-8584-fa74e83d6fee,4183,Health Card,5776026,2034-03-10,True
04809332-868a-4bed-bb0b-50bfaf90356e,4184,Health Card,4970373,2032-01-09,True
9a0eb6f4-7799-48f1-bfe0-edcb8b7768d7,4185,Health Card,1836790,2029-08-08,True
26587b5a-ccbc-437f-a00e-743dff4ac5a5,4186,Passport,9929350,2032-01-19,True
de612283-d4a8-4648-953e-36e32fa712ae,4187,Passport,1876345,2033-11-26,True
fede2fe1-6785-4fa8-acd1-959cc73c73b6,4188,Passport,4064097,2035-12-23,True
f0fa3d0f-45a4-4cf0-82d2-7cdc273da377,4189,ID Card,1114926,2034-01-02,True
397047bf-6a73-4323-8819-9aa4630bb223,4190,ID Card,1428225,2030-09-04,True
6a0fc23d-b387-4466-aaf6-ebf00b1607d2,4191,Passport,8394061,2030-09-21,True
374ac9d2-ee4b-4c53-89d2-86cee5848428,4192,ID Card,2019731,2029-08-23,True
c9124a21-c74d-4d0c-8384-8085c2b42bf5,4193,Health Card,4106860,2032-12-28,True
33d67541-cdff-47f2-a4e6-c90acdb778c7,4194,Health Card,5206887,2034-03-17,True
307ffc15-aad0-48d4-8473-714d8b7b91cc,4195,Health Card,5987417,2032-11-10,True
c479d3a5-1f67-45e3-947c-30d1e7fd246f,4196,ID Card,2060506,2027-09-02,True
643a0f91-b37b-4498-84d8-4e070bc39262,4197,Health Card,1465691,2033-10-04,True
481bc9c2-f02c-4aeb-82cc-3bd3005c29de,4198,Health Card,1692026,2032-06-24,True
a856874f-7fde-40ab-9b49-389085d44912,4199,Health Card,1835342,2028-06-10,True
685604f6-3ac7-4c1c-9104-e3643f4eeae2,4200,Passport,3136422,2032-12-27,True
ab2f31a6-b6ab-41f5-958b-3ee90bf79054,4201,Health Card,8969932,2034-10-29,True
8c7335d8-22fc-40f6-980e-9f8a83233f30,4202,Health Card,9605898,2027-08-20,True
8baf022b-f3c8-420e-8b72-283a0aa5547b,4203,Passport,2165352,2031-02-09,True
d12341c0-b75c-4fcf-85ff-a9beaf08093e,4204,ID Card,4709752,2028-12-03,True
883f9d20-1049-45c0-bf30-3cf858cacba8,4205,Passport,5371534,2031-12-13,True
3b27784b-94f7-48bb-bdf2-8ce33691b9da,4206,ID Card,8341324,2035-01-09,True
c3d75a3f-2805-4808-b92e-1e917170d2b7,4207,Health Card,1598161,2034-07-13,True
a714726f-cd2f-4a6a-91f4-b2107866d99c,4208,ID Card,6867524,2027-07-26,True
bb1761d8-57ce-4c9a-b2bd-9f151e215fc6,4209,ID Card,1103752,2027-02-19,True
f5a0922c-20e8-4068-be1d-98834e243a2d,4210,ID Card,1912428,2032-06-29,True
066d4a5d-8a66-4c82-84b4-a394f88001bf,4211,Health Card,8515389,2030-01-05,True
4d5d5f06-1530-471f-99d9-b333c3026fda,4212,ID Card,4128457,2035-12-01,True
5c12d492-5b3b-4df4-917a-a113e413d988,4213,Health Card,2868705,2033-02-01,True
c0e38026-bfcf-41f3-8f37-ac2301c8eb3b,4214,Health Card,1492294,2028-08-05,True
694a5e65-1439-4909-a481-98ab7d2d3ff9,4215,Passport,6536881,2034-08-11,True
7436c4a2-c399-49fe-91bb-ae9c27399c24,4216,Health Card,5233099,2027-11-30,True
ea86cc9d-2d82-46fa-bea2-272f4ec788c1,4217,Health Card,2225683,2036-01-10,True
c5e8de66-5c36-4d06-b3de-a377220bb4fe,4218,Passport,8263729,2027-02-21,True
725e728f-42ee-48e0-8768-1ef1ff931cd7,4219,ID Card,3015964,2029-02-28,True
89b33a82-e33c-47c9-9ff2-d7a633d45f05,4220,Passport,9055626,2028-05-22,True
cc19d3b1-29dd-4163-9a66-3e9aa9b2c08e,4221,ID Card,2683870,2030-10-08,True
529fd9f2-c17c-4978-a159-d18607eaca3a,4222,Passport,8978269,2033-03-24,True
2710a6a7-cf9a-487e-ba54-3cd279044a37,4223,ID Card,6364466,2029-10-22,True
beb23339-4895-4257-92de-cb9aecf20b87,4224,Health Card,2313572,2027-06-22,True
e9807e79-5a6c-48a6-a7d8-b6ec2dbc3965,4225,Health Card,7124715,2033-02-13,True
d3610ab4-0208-4b48-a2fa-a75888eaf56c,4226,Health Card,7180289,2027-09-24,True
c1a9ee7c-8c10-4a79-96e4-2024387b1411,4227,ID Card,8168294,2028-04-06,True
6b7b8b10-fb56-4e9c-831a-8fc4b121c6be,4228,Passport,1749581,2027-10-21,True
f7fe4387-b0e1-4de2-8911-e92475e2fdc9,4229,Passport,6350893,2035-12-02,True
4f61ef48-ef13-4b0b-aa24-a485c9f7ed9b,4230,Passport,4137795,2034-02-27,True
d3452108-e979-48e2-b694-876bacd8cb86,4231,Health Card,5823047,2030-11-29,True
c89467a5-0833-4296-a09d-63ef9db2a7ff,4232,Health Card,5065260,2035-10-14,True
10c08173-b23f-48a9-818e-6a8e89929a25,4233,ID Card,9753908,2031-12-15,True
820665f3-f4d5-4db7-aff5-2fdab11c24bf,4234,Passport,1871174,2028-02-01,True
27e5c4ab-b9f1-4eb7-95e1-1146766c5af3,4235,Health Card,8753681,2029-12-04,True
425c1d59-54f4-4812-8208-625a5f4e118a,4236,Passport,2270696,2035-04-10,True
2f798f48-ce6c-4d50-800a-d388d700649d,4237,ID Card,4642273,2034-05-09,True
a60fd162-6cad-47eb-941c-931e132bb876,4238,ID Card,4321383,2029-12-29,True
af3c9ff2-eefa-4d82-9586-eb25553726c6,4239,ID Card,3271255,2034-04-23,True
3641c60d-12ba-4dbf-94ce-5e9a5febb0eb,4240,Passport,2431308,2031-10-07,True
177524b7-201a-40fc-bded-7ea4487d30a7,4241,ID Card,1797282,2030-06-26,True
72a63c3d-3a30-478b-b05f-0ba183ebd40a,4242,Health Card,7083327,2031-05-09,True
75aad3b4-87b6-496e-a7e7-cf59cb1d676c,4243,Passport,2148505,2035-03-17,True
48178581-3a5a-4b91-9a94-f11548bf3e58,4244,ID Card,1607387,2032-06-16,True
8769d6ff-cf9d-4343-983c-3e7326e486b0,4245,Passport,2659039,2033-07-05,True
b44568f9-22ba-46d5-88b0-9bfd5ed3fc23,4246,Health Card,9850264,2030-02-17,True
7e554667-4a77-40ff-9096-b33bc3215c65,4247,Health Card,7583881,2031-03-13,True
c83b9698-29d9-4d81-982d-96cb3b60de05,4248,ID Card,1590631,2033-09-17,True
d7e449a2-5ee7-4e53-9bb9-05a245c2f4c2,4249,Passport,1053492,2035-04-01,True
7a0dad22-fcb5-4f54-9914-7992b681286e,4250,Health Card,9247736,2032-12-12,True
b0d87b34-8c6b-4e39-944e-70e61e172fa5,4251,ID Card,7195885,2033-11-14,True
59958979-58b8-4414-8ec8-4a8d1ef026ac,4252,Passport,5973322,2028-10-31,True
264901d2-0f3a-424a-9795-c86e763b7be6,4253,ID Card,8444414,2029-05-30,True
740146c1-3bcf-4057-b739-c24da54d82dc,4254,Health Card,9866916,2034-08-30,True
964188b0-0c65-43e7-952c-9b9fa9d6dedd,4255,ID Card,3169859,2033-03-29,True
374811d9-e58e-41d0-825d-e0fe95b7285c,4256,ID Card,8232314,2034-06-18,True
072f6038-7a4f-452a-97bd-c1b3ecaf44a2,4257,ID Card,8524750,2027-12-09,True
e7b219f1-f6be-4e9e-ae96-9c758434a099,4258,ID Card,6738566,2030-07-11,True
28c2927c-3258-4bce-81c9-e72660b0f38a,4259,Health Card,5927721,2028-11-26,True
e90b781a-5978-4da1-b0c7-b7d2e9aff2cf,4260,ID Card,7671479,2028-02-09,True
f6c94261-cfc1-4e81-b828-3539020fedc1,4261,ID Card,7963763,2028-12-31,True
7cc0cdf5-ea37-4ae0-af45-5f396ee97679,4262,Health Card,4922935,2034-12-09,True
0dfb9829-91fe-4033-886c-bf030260ac67,4263,Passport,3893399,2035-12-24,True
4c1af5d1-22aa-4899-9525-55977bac09ea,4264,Passport,2342816,2031-10-25,True
fb1ec271-d997-42b8-a614-ee9813cffcf2,4265,Health Card,5257192,2027-11-01,True
d8627029-728c-4c80-9374-fbdc5362ea28,4266,Health Card,5906288,2028-12-24,True
458a9206-598c-47b5-be2b-d8e72ef94c68,4267,ID Card,1968200,2027-11-11,True
96b0c444-4057-4c5e-a26a-e2c1a68dae0c,4268,ID Card,5054295,2031-05-10,True
551b50d5-41cf-43e1-a555-10e7ff10b8cd,4269,ID Card,5009243,2035-09-21,True
4681e7de-c01c-41e1-80f7-575c1dce3fe9,4270,ID Card,7494602,2029-05-18,True
03612cdf-a12a-4cd3-9d99-8749e154c501,4271,Passport,8580071,2027-05-07,True
7723307d-1059-4eab-a246-caef16a09607,4272,ID Card,1421433,2029-04-29,True
0e876b8d-3148-4a5a-b573-34ea419ff5f8,4273,Passport,5644923,2029-05-28,True
97a84a11-9660-466b-86cc-2c69018854e5,4274,ID Card,9465523,2032-04-22,True
5d2407b0-419b-4e2c-8e90-05b866bcd9ef,4275,Health Card,4202123,2030-11-10,True
8fd1195c-8626-4e8c-90e7-0d56bbbc9a55,4276,Health Card,8685253,2032-10-12,True
58beee3c-c233-47df-9b34-b8ee581a6a40,4277,ID Card,4556681,2033-06-02,True
069e9fd9-062b-4b8e-8876-8728c4bf358c,4278,Passport,3870656,2028-09-16,True
17f469f3-e104-4bf5-a764-321576fcba0e,4279,Health Card,2459492,2027-05-31,True
885e15ae-f8de-4b0e-aa9f-3287f97f2307,4280,ID Card,4411190,2031-12-12,True
1e317b2e-a89a-4ede-adeb-57047b6481bd,4281,ID Card,7932921,2032-12-11,True
76631b6c-3b44-4a39-bee5-5200bc2637f3,4282,Passport,8792811,2028-03-30,True
c5c20c0c-217d-4602-8a4e-fe7768533f54,4283,Passport,7056835,2028-04-09,True
95b61925-e951-4dde-8a8f-8f281f11b599,4284,Passport,4033893,2033-08-18,True
56128ff4-7e0b-45d5-bc80-86c4e2993fa3,4285,ID Card,4167252,2029-07-30,True
a47056a5-ae52-4595-bffb-9782ff47efce,4286,Health Card,2401311,2027-09-27,True
8d130c42-c0e9-4674-84ec-139598b045f4,4287,ID Card,7409063,2031-12-15,True
f3b61b83-41b6-44e1-b51f-bfb38170a8b0,4288,Passport,7081519,2032-10-14,True
cfcc018b-0e69-442d-b0a3-6280bd0fc97d,4289,Health Card,3768359,2031-03-22,True
6acc6749-43db-43f9-81fd-dee22ac7a55b,4290,Passport,9225496,2030-06-14,True
c2b1d5a9-7c6f-4069-bf3c-4a5e12db8dce,4291,ID Card,2336651,2035-05-21,True
f12f9d1a-0061-465c-b4ce-462c224f1502,4292,ID Card,6617083,2031-01-31,True
284a241a-0a1f-42cd-9d89-882e2c4c2ce9,4293,Passport,8239325,2034-04-18,True
76de4014-2e51-496c-97b7-c440eec3d21e,4294,ID Card,4290034,2028-01-30,True
0df19dae-aada-4066-af3e-afa1ac548587,4295,ID Card,5090584,2031-07-20,True
1f30d60b-b561-492c-b376-0d04dbd58fc6,4296,Health Card,6476933,2033-05-18,True
eba36f41-92b2-4725-9e0b-d70972799250,4297,ID Card,7519784,2035-02-22,True
2593086c-428b-44be-bd6b-a8a03152d86e,4298,Health Card,2347543,2035-01-18,True
660af599-963a-46a5-a73f-cd15b5770ef9,4299,Health Card,4685314,2034-03-28,True
09cb7471-7ff1-4207-9098-dd3276a47a00,4300,ID Card,7296465,2033-06-04,True
029ee62a-4c38-427f-8225-09f6c7f49086,4301,Passport,8579149,2035-12-26,True
cc65ddd8-1d6a-4c92-9546-32734d2f3ed0,4302,ID Card,3044286,2029-06-29,True
674873f0-2732-4d91-a941-cc896c7efabf,4303,Health Card,4932888,2029-12-26,True
3f88b2f2-66f3-4fa3-b06d-a5328b8214d7,4304,ID Card,9107747,2030-09-06,True
527781b7-39f9-4969-87b1-0ff59f661377,4305,Passport,5133427,2027-03-10,True
908356f2-eb1e-432d-a514-e846dc44a92a,4306,Passport,8976902,2032-09-07,True
74d912bc-c9de-4ddb-a398-f8239afe3b13,4307,ID Card,6864077,2032-02-25,True
a4c53373-8584-43a2-a590-866fbb537690,4308,ID Card,3537486,2034-01-27,True
6f265b86-de1c-423f-8bfc-b7f62a5c8bbe,4309,Health Card,1812302,2034-03-17,True
b0da53c2-2751-4176-8bf2-b30793a05ff2,4310,Health Card,9958841,2032-12-07,True
305dfbdf-9868-4ee9-8530-a0cad2b4b535,4311,Health Card,8492534,2028-04-17,True
864c717f-e01b-463d-b762-b90d36057673,4312,Health Card,6821751,2031-06-19,True
f6de9400-f567-4452-9544-fc59048d8652,4313,ID Card,6593331,2031-11-01,True
055a5a37-8f6d-4d6b-933b-2a6a4959593b,4314,Passport,8248911,2033-04-28,True
631fbdaf-7796-4fb8-98a6-f5a8115f6711,4315,Passport,3094568,2035-08-21,True
620f5373-44e3-435d-a225-ab1d62f77e0c,4316,Health Card,2188486,2030-11-08,True
cef564b1-a1bc-48d4-9c27-d4063d600d3f,4317,Passport,6773305,2033-09-17,True
14c955e9-e422-4b4e-89ae-9c4584d6d4f7,4318,Passport,4603879,2027-09-07,True
75c0e0c7-8e01-4b13-91e6-efd593f83ed2,4319,Passport,1091837,2033-07-21,True
2fc63079-0668-4c0a-8733-c190b9ee89f6,4320,Health Card,4728233,2034-10-04,True
781a3153-e31f-405d-9dd8-ed64da62ed47,4321,Health Card,4145310,2034-07-16,True
2944a8da-e315-4a5d-b9b5-31f33c922d30,4322,Health Card,4890997,2027-01-28,True
d7e29425-467c-49cf-86dc-4e20368a8ef2,4323,Health Card,9365586,2029-01-26,True
58a50341-9490-4d40-9b08-69506e992925,4324,Health Card,9577945,2028-08-19,True
e85cc2c4-0ba7-4892-8293-49cd4a990ccb,4325,Health Card,5021190,2032-10-09,True
ad0b34a9-0353-49d4-acac-1600931b19ee,4326,Passport,2631305,2035-05-20,True
f787ecbd-ebd8-4b29-8e7a-e16680736975,4327,ID Card,7181043,2027-06-15,True
f086a735-c4d7-49b4-bbc1-dce36e6f004e,4328,ID Card,8009675,2033-01-12,True
eef3f3a1-45df-4ecc-aa60-346d0fdd1b86,4329,ID Card,8022064,2030-12-07,True
e83905e5-1343-464c-96cb-d1934c8cc1e5,4330,Passport,6040807,2031-11-28,True
38e3aefb-137d-4d49-8ab4-a54bda51290a,4331,ID Card,3988300,2031-12-17,True
701d5b59-0394-4e8f-bfcf-1c202f6f02c7,4332,ID Card,6111623,2032-09-25,True
7b281d30-3e73-4c4a-a6cd-79bc82c0a61d,4333,Health Card,8710037,2028-04-09,True
564ed17d-affe-4702-bc3c-f14da86e457f,4334,Passport,7735141,2027-12-24,True
2732b42c-5e3a-4ab8-bde3-ebd2871208ec,4335,ID Card,9959140,2031-05-22,True
eceab5d6-553e-470b-904b-ba300605ebb4,4336,Health Card,7993342,2033-09-04,True
a2982f45-1c3a-4e0f-93f4-d6f44e87d27a,4337,Health Card,7687320,2035-01-15,True
12e76c8b-1a63-4a33-990a-38821d1869b8,4338,Passport,7551661,2032-07-06,True
1041316d-5efc-473b-9a10-07ba61221271,4339,Health Card,2135082,2031-02-27,True
edbbed73-076d-4400-a983-69742328a5b3,4340,Passport,5005458,2028-10-29,True
f3b80b66-f450-493f-8b36-b3d578ee48bf,4341,Passport,2232048,2035-03-23,True
3b8c7570-bd5f-486b-93ec-1e826c0666ca,4342,ID Card,7461532,2030-03-18,True
b85f96ef-2704-48af-a743-8fc8df87abbe,4343,Passport,7963074,2027-02-19,True
ee10297e-fd3f-49b1-97ea-829f14516ea0,4344,Passport,4770772,2030-10-02,True
9443b575-b927-4b7d-82b6-2305a3ab3b3b,4345,Passport,4811080,2027-02-27,True
ef6409b1-b5eb-443c-96fb-5b7935f0a961,4346,Health Card,3949942,2033-04-18,True
0fffc24f-0802-4d66-8f90-974a315a5972,4347,ID Card,5391522,2032-09-22,True
53db9d10-84ba-47d3-9aca-c10bd9f85c3b,4348,Health Card,7167697,2035-01-17,True
b7551de8-7aea-4532-a89f-bd1a77a9cff3,4349,Passport,2446295,2033-09-19,True
16b31c40-7b34-4295-adb0-046828254467,4350,Passport,5677146,2029-07-15,True
b58bd266-5c2f-4435-a896-fed53a755c56,4351,ID Card,2083054,2032-11-24,True
eb667a30-1f85-4d59-b40b-2548ae9a740a,4352,ID Card,7250229,2027-01-28,True
3ce34401-f420-4ccb-9458-84b09e94a334,4353,Health Card,3440256,2028-11-16,True
3a0dddae-b823-40c7-9110-13dd35354107,4354,ID Card,4931823,2033-09-11,True
b7dce338-dd61-4ff7-9ff7-ebd08e696827,4355,Passport,5819440,2032-04-23,True
e883aee4-f8ff-4e56-a105-10e534e64526,4356,ID Card,7273178,2031-03-24,True
e29624f4-1b23-4ab8-bedf-38808ef79c9d,4357,ID Card,1414870,2031-12-02,True
a5b8867e-3bce-4989-b875-306ead8067f2,4358,Health Card,7976328,2029-04-03,True
e96ec4b1-f3a4-4357-b81f-022af9845ef3,4359,Health Card,5352889,2033-07-22,True
4f42e62d-b164-4098-b6b9-5e0ff7f63f69,4360,Health Card,3608385,2027-04-08,True
ca7511ec-1fe8-4622-81a1-836de5d0c303,4361,Health Card,6389951,2029-10-20,True
88edca70-7e4c-45e6-b33a-c1ad6ac30b91,4362,Health Card,2143155,2030-02-13,True
69f26d9a-6160-41ec-9db1-4bb8378d8e44,4363,Health Card,8662389,2027-08-10,True
93d75af2-2599-46c7-b6ea-482053f2b78e,4364,Passport,1186643,2033-09-23,True
b7f8fe2b-b40b-4a81-b904-fdcffd01918a,4365,Passport,1778859,2030-02-12,True
8506473c-4e67-4510-ac17-9b3efe316705,4366,ID Card,4098960,2030-08-23,True
2fcfece0-6e60-46b9-87a3-605b5ffb99db,4367,Health Card,8113488,2033-01-12,True
65e6d83d-29e8-4372-8a6d-1b89071e01cb,4368,Passport,8760539,2028-11-16,True
6ef5ecd7-57cf-474d-86ec-9fc46a71a078,4369,ID Card,2725392,2032-02-13,True
7f8f821d-8d31-4662-bcbc-da42b596e4df,4370,Passport,8527056,2030-01-21,True
986322db-3962-412e-85b1-14a531af89c0,4371,Health Card,7748576,2035-02-25,True
1f40246e-ac4d-488a-9297-2f2cd826ecd2,4372,Passport,4714750,2029-12-07,True
9cbf8db9-e297-4038-a9a6-01588527f512,4373,ID Card,1400014,2032-03-09,True
18f45808-0f07-4144-b517-d066df4b526e,4374,ID Card,1209570,2030-05-05,True
275b8c3d-4d52-453d-bee3-e4affa208238,4375,Passport,8513716,2032-07-03,True
edf097f9-ff5e-4891-8c30-4c2d0a62984f,4376,Passport,7209274,2034-07-31,True
789dff0d-7d41-4c32-badd-d898abe00d54,4377,Health Card,2869888,2034-03-28,True
7bfe1d1b-801b-4f28-995f-55ce395ab793,4378,Passport,4766120,2034-06-03,True
eb482bb5-7405-4e09-8686-738f9fd87340,4379,ID Card,3500634,2033-01-02,True
d7206dd5-51a0-4c93-8e30-f28f392ee24d,4380,Passport,7669575,2031-10-16,True
09f02147-c0df-40e8-84ae-6def1c6a567f,4381,Passport,4447128,2035-01-30,True
272502f4-e89a-4fb2-97e2-30e41515750b,4382,Passport,7174285,2027-04-01,True
d163f6bf-0b1f-4198-9da0-d3eb250040a7,4383,ID Card,4444205,2033-02-02,True
6b124d13-e2b2-43df-a123-52a7310b5122,4384,Health Card,8236765,2029-02-10,True
554e5123-5aba-4e8f-aa2f-3cea520d3034,4385,Health Card,4214050,2028-04-16,True
2067a727-3ee8-4eed-96eb-6d9f68992aef,4386,Passport,9813824,2028-09-13,True
1682fd61-1335-404f-83f9-1bf600451dcc,4387,Health Card,5317746,2029-08-24,True
ad2b9bf2-db19-449a-8d64-292be6addd15,4388,Passport,9008802,2033-07-02,True
b8c8f6ff-4a09-4147-85e5-93a25f191af1,4389,Health Card,3574136,2034-05-03,True
ee063768-3090-4e40-9fca-6b753fae3822,4390,ID Card,2915209,2027-08-31,True
6302facd-b1b6-4871-9e7e-fb3e8a5e9ff6,4391,ID Card,8600007,2032-04-18,True
6c384c25-38d8-48aa-a926-e2c6943f1850,4392,Passport,4866791,2036-01-17,True
4d40cbf6-22a6-48f5-a65c-e7b71d5b660f,4393,Passport,1022484,2027-12-19,True
6203eac6-f114-4a0e-b5ed-aed8f350ddc5,4394,Passport,3416795,2034-08-24,True
a50f735b-ca3a-4f68-9da1-4fe24805e037,4395,Passport,6939231,2033-09-13,True
394e4edd-f687-452a-9af5-c42ab0c51c62,4396,ID Card,4185000,2031-12-10,True
95b0b175-7d55-42c6-8295-0b4c6385c0c4,4397,Health Card,6314796,2027-04-03,True
e2d89c28-586a-488d-b12f-c664be3c6fbf,4398,Health Card,8094249,2030-06-15,True
511b319a-e189-4bf8-a704-30cddc820230,4399,Health Card,2946290,2032-10-01,True
e52de058-2ba3-4517-9740-b120529b12fb,4400,Passport,8275746,2030-03-02,True
3d7533d4-2ae7-4a3e-b7d8-a07b49d9968f,4401,Health Card,5450683,2029-01-16,True
06fb9943-74f9-4170-a83d-1b7a0c0a2f80,4402,ID Card,6977496,2030-12-29,True
677d5097-ca39-4e0b-8f44-48e74352aca9,4403,Passport,8639336,2029-05-11,True
aef5d1c6-3296-459d-ad9f-312bb1678d81,4404,Health Card,5197235,2028-06-23,True
6034aa82-c7c6-4a58-a9e4-8e8e770242cb,4405,Health Card,6979607,2027-09-25,True
79980853-fc5a-4c10-aa74-2e8493e77809,4406,ID Card,7855123,2035-08-11,True
580d7d5e-6b01-416b-a535-a4eb00144373,4407,Health Card,8449061,2027-08-22,True
fcfa5cdd-12be-4028-82c6-91cdfa7cff7c,4408,Health Card,3864358,2028-02-08,True
188c4d43-257e-4bab-b953-b5dfe3c6751b,4409,Health Card,2824676,2032-01-24,True
2a5e5a50-638e-443a-a3f9-363c9169346a,4410,Health Card,9018930,2034-01-22,True
7913f4e7-118c-4c04-be2e-4c7702c904b0,4411,ID Card,5210769,2027-12-07,True
dc0bebae-00ef-445a-97df-4e883cd8dd39,4412,ID Card,9433009,2028-08-03,True
405ff894-5a70-4d50-a54d-546666ad5020,4413,Passport,9862205,2027-11-30,True
9098fdbc-a1d8-413d-b420-a2a3ba3334f1,4414,Passport,5513675,2030-07-03,True
7314194d-16b3-4b2c-8b38-5c8a63a86c79,4415,Health Card,9173921,2029-07-04,True
69eab589-a522-48ed-9ac7-123d60b13969,4416,ID Card,5344566,2027-12-28,True
c1d14374-55af-4833-b5f3-287085c57fd1,4417,ID Card,1009089,2032-09-28,True
a0c0193e-7bcb-4457-a2dd-077630467e81,4418,Passport,2994712,2033-01-10,True
11c72d38-dca1-491c-9b00-dde0c7ed3049,4419,Health Card,4447230,2030-09-18,True
a5c22435-babb-43c5-87b6-c761d05b3435,4420,Health Card,2750486,2035-09-10,True
85d9c37f-77a2-4c62-8578-cb0e11c93706,4421,Passport,7292340,2035-12-22,True
490f96e7-815e-461b-9883-f4e80757dab0,4422,Passport,3355292,2032-04-29,True
c2b47140-a906-4ad1-8def-72029f93761f,4423,ID Card,1194554,2028-09-21,True
bea6d7b0-14b4-4e5d-a329-1ca3bb3b82cb,4424,ID Card,1725005,2028-02-13,True
c59bfdff-a144-43f9-b0a8-31c18ffc2d0a,4425,ID Card,5022692,2031-05-17,True
f109007b-c271-4c8a-9742-30749a5f88b7,4426,Health Card,6397161,2035-02-06,True
dda069d2-2fc2-426d-b012-fdd6ab07e209,4427,Passport,7540014,2035-08-21,True
5c25469e-a07c-44ab-a193-b9d487ddb576,4428,Passport,7869854,2035-08-26,True
223e2edb-4a7e-4d40-807e-08c3e03d4393,4429,Passport,3074024,2028-05-19,True
ff8a5927-12ce-439b-9e84-1ad439d53968,4430,Health Card,2909009,2027-09-29,True
44feecbc-993f-4848-8da7-ee9072b3a160,4431,ID Card,6206869,2032-05-27,True
c4d86216-54be-4a94-b4c7-8d91cb889bbd,4432,Health Card,6323178,2035-09-26,True
2d381996-db8d-4d73-be7f-747b43262153,4433,Passport,7852109,2030-10-04,True
89756cb1-4c13-4b20-bfb1-23661a79348f,4434,Passport,9685745,2034-10-09,True
5645aa1b-e676-465d-8378-fc0b34214663,4435,Passport,3506172,2030-05-02,True
d5001073-6ebd-4068-b0a4-03c7084c0bb3,4436,ID Card,3238042,2033-05-02,True
6588609a-b1ef-463a-9f33-9c37a3886be7,4437,Health Card,6853216,2029-01-08,True
6dd5f114-416d-4830-9bf3-971ab2fed297,4438,Health Card,1171198,2033-09-16,True
15b9a4c8-8cc4-4ef5-9299-9f88bcf785e3,4439,Health Card,6525772,2028-09-01,True
d786ba76-6b86-4f43-8adc-7eda97d222fb,4440,Health Card,3570735,2030-06-13,True
79553f7f-a034-44dd-b216-087a79e88df9,4441,ID Card,6655672,2028-12-02,True
2527a5a0-db61-4830-8658-1f6bde06e3a1,4442,Health Card,1668327,2035-05-02,True
5aab766b-d4de-461b-a82c-4ef36fb69671,4443,ID Card,7307710,2029-08-13,True
a1591729-ffe7-4dfd-9e7b-3a8275677062,4444,Health Card,4297194,2033-04-26,True
9e96909c-6d6d-408a-90fc-f4aba44795a6,4445,Health Card,9239331,2029-12-11,True
487d8672-4258-4b39-aa49-632010d236f4,4446,Passport,4370787,2029-10-12,True
8691d983-22c8-4599-b35e-fbf99957fd30,4447,ID Card,6849310,2030-08-11,True
24ad54c0-076e-47f7-9a14-12afa2893053,4448,Health Card,7947114,2033-03-03,True
391dc25c-623e-4c5c-aa63-77205cd90fe3,4449,Health Card,7639545,2031-08-09,True
26de82c3-7ef3-4e96-8f7d-29484f0026b5,4450,ID Card,4960564,2031-07-21,True
dfb1154e-0229-48af-8114-3d7d21238dfc,4451,ID Card,8463736,2030-08-22,True
5163e3e7-8314-4fb2-b6f1-63d1e9a5c950,4452,Passport,6345833,2030-02-13,True
aedddc2d-b228-45ef-9cd6-bfbcbd73e7e5,4453,ID Card,7787759,2030-08-03,True
02d8a18a-b230-486a-bb8e-8fbfeac5176d,4454,Passport,4034455,2035-08-31,True
01635f11-8483-440a-8e03-aed10a436f6f,4455,Health Card,6214980,2035-02-23,True
d8a1b003-1d1d-45c6-bcee-ad468f293cab,4456,ID Card,3668621,2028-09-03,True
8da6ede8-ca21-47e9-b329-585ef1e860f5,4457,Passport,5886011,2033-10-26,True
87b44dca-9788-4a11-9269-0ab9413750d1,4458,Passport,7778685,2028-06-14,True
5a192dfa-81d0-4fd1-a55c-60cffff5d9d6,4459,ID Card,1802898,2027-06-12,True
8cab98c5-69dd-4a97-a31e-4b927fd0d4b6,4460,Health Card,9978917,2031-08-01,True
80bfb54c-83a3-47b9-a60e-809efb69af20,4461,Passport,7698741,2028-07-09,True
c4e425db-d5d5-46ee-a16a-1847daec6b5e,4462,Passport,5586093,2034-01-13,True
0743bb4e-426b-4c35-a763-7b2e82117a1e,4463,Health Card,4994358,2035-02-19,True
d7c39736-df6d-486f-a403-8d031f209d8d,4464,ID Card,6274018,2030-12-28,True
c67f3660-739a-44c3-9b89-afacda97714a,4465,Health Card,8857007,2028-03-17,True
2dc6c85e-0bbd-4f36-b38f-b29d8c9a7d84,4466,ID Card,3961981,2035-07-09,True
7d342d2a-3426-4076-80a9-c98c2026bea9,4467,ID Card,4699018,2032-03-26,True
df5ac186-4c14-402d-9a41-e0c23260d02f,4468,ID Card,8317728,2033-04-10,True
9545fa86-0efa-4c0f-a8a9-0d140b1c10bc,4469,Passport,4403420,2028-10-24,True
427e7a6d-9317-4308-98eb-7ec4167aa47b,4470,ID Card,8283960,2031-02-14,True
7ccd5a09-69e6-476c-b3e3-ad11bf19941a,4471,ID Card,2389504,2031-05-03,True
4d8464ca-6b23-4d53-8dce-db02abfdfc6a,4472,Health Card,3949297,2028-11-12,True
893565c6-84dd-434e-9f41-cb50b71278f8,4473,Passport,3807196,2027-09-16,True
fd5efc0c-b854-4d81-82ae-c4717e14dc0e,4474,ID Card,4553137,2030-03-15,True
3ef86a0c-2db0-4442-ab25-d6f3c0d65a13,4475,ID Card,3958519,2034-07-29,True
f736703e-5c13-41a0-959e-56e56783b590,4476,Passport,8663868,2035-03-24,True
6ec82466-8cb9-4bdc-94aa-90277ba1e748,4477,ID Card,3492056,2031-09-22,True
bdd0e902-5be0-493e-b907-895c6eb19287,4478,ID Card,7599990,2032-06-04,True
9ca201b4-5aa3-405c-9ede-bb4dfc7a603a,4479,ID Card,5642576,2032-04-24,True
4a211b15-e21c-46f7-bf84-41d15e8b3b9b,4480,Passport,3694026,2033-10-24,True
0369cf95-252e-4f43-b133-93263a0343e2,4481,Passport,2283844,2032-12-25,True
f700209a-8d28-4192-acc7-e17c97c9d4e8,4482,Health Card,2509084,2028-03-15,True
188477bd-31d5-4613-9181-8998e6a202b0,4483,ID Card,2883210,2030-08-24,True
f170e03a-195a-49a1-9239-b7127b162c8b,4484,ID Card,9569704,2035-07-02,True
b5350110-6a79-4a01-a5b8-8004d620571e,4485,ID Card,4143914,2033-03-07,True
8f11aeb1-ed6d-4f6e-a3c2-58c40513bf5d,4486,Passport,6363461,2036-01-16,True
26674b26-2d7f-4446-839d-e3c2d26da72f,4487,Passport,7997841,2034-07-11,True
4e3be464-d9dc-4e66-ab1c-c5b4f8832d1e,4488,ID Card,3515282,2034-06-27,True
d76b22a5-e4c4-495a-b585-9e7e18f0af5f,4489,Health Card,1862528,2029-08-09,True
0860cf1a-5463-47ee-9306-af3b2c7a335c,4490,ID Card,3853493,2030-01-15,True
4f11e4f7-107e-492d-81f0-d1b2a32de4e1,4491,ID Card,4585963,2034-05-13,True
21b6405a-a875-4326-a3af-4ff7be2e2dda,4492,ID Card,1892653,2030-01-29,True
57254954-f5cf-4fe7-ae03-8541d5225072,4493,ID Card,4806203,2030-08-08,True
ff3fb0b1-394f-4b27-a88f-d1fa514facbc,4494,Health Card,9421543,2033-05-06,True
568dd9fd-9d0a-41a7-bad7-945651daf36b,4495,Health Card,4857823,2027-08-03,True
97c35ded-83f0-412a-9ff2-c817ef2a3578,4496,ID Card,8696657,2028-03-31,True
68c5ebda-69ed-4a0e-9dea-b38646eb4392,4497,ID Card,4443709,2029-09-20,True
bbc5ec08-8806-4d77-b4e7-7591bb46d1e3,4498,Passport,4470926,2031-01-02,True
d803d2b3-220d-41e0-bdd9-e30630fe5a9e,4499,Health Card,9954427,2035-04-19,True
874333b9-8895-4a5a-b504-c0415cac7cbd,4500,Passport,5161075,2034-05-05,True
6155ffd8-7ebd-4f53-932e-84ea34c8e1e7,4501,Passport,7664734,2035-10-27,True
704768d4-b029-4fb1-8a50-ab7e69ce2da8,4502,Health Card,8395289,2028-12-24,True
2ea0ddde-c17a-4d62-8962-95ff5c2a0809,4503,Passport,8220035,2034-10-07,True
d29cdf81-cc4e-4a22-af7b-2f445cff7481,4504,ID Card,7171640,2031-11-27,True
e1658165-b198-4bb5-845c-0567e442d59d,4505,Passport,7750289,2030-11-07,True
e9a162bf-e058-494b-93fd-14ac2235ef20,4506,ID Card,5292674,2029-08-10,True
a95dd944-95a8-4e90-b390-d65a90bc63a8,4507,Health Card,1603498,2031-04-29,True
de86f5a4-f239-46f8-a541-f0431b1086af,4508,Passport,6054282,2032-04-20,True
379c7a23-d947-4e88-9a3a-1c51aec3e699,4509,Health Card,7490847,2031-07-18,True
2cab0b1e-7294-4326-95f9-a7a615838701,4510,ID Card,8498955,2028-05-11,True
b1aa6a14-0f80-45d5-aa43-e5becc907c82,4511,Health Card,7048320,2035-05-25,True
cd826c31-9882-41ba-a308-bdccd163b02d,4512,ID Card,1576249,2032-03-13,True
9ce93ad7-df31-4d0f-8a7c-e1d7b65f529c,4513,Passport,5441430,2027-08-08,True
eb6826e0-184c-49de-9dec-5c90c145dcce,4514,Health Card,8016979,2031-11-13,True
4324717d-4322-41e4-8e1c-268c3a914306,4515,ID Card,4130969,2035-09-20,True
6f70ef69-c55f-4245-961c-0c8af5f83fe5,4516,ID Card,8095383,2032-06-02,True
2d3bd0f7-d0f9-4fcc-a606-729fef9f4160,4517,ID Card,4682702,2029-11-22,True
5a518f2f-ca30-4784-88fa-5f6b3ef1edd4,4518,Health Card,8340275,2029-06-16,True
192f08d5-dd27-42d9-9a23-45f31119b11c,4519,Passport,3727926,2028-11-30,True
09514793-c0b6-499a-a67c-39ece5a13351,4520,ID Card,9631556,2032-11-29,True
056d9a6b-1728-4179-a644-3ded2ece275d,4521,Health Card,5637605,2029-12-06,True
a1b87f91-430d-46cb-adb5-39de1257017d,4522,ID Card,4518651,2029-12-31,True
8f7a61f5-e253-499e-bd5e-b91febdf74a3,4523,Health Card,4507087,2027-03-27,True
24b6c1d9-4f84-44f3-92f4-61d815c42e77,4524,ID Card,2212472,2032-02-15,True
d560f770-d3f2-40c1-8f19-e10e8d915ccb,4525,Health Card,1641126,2035-11-02,True
b933432a-569d-4afd-bc26-a92439f1c8a5,4526,Passport,8922315,2028-05-28,True
9ab40774-6287-40a2-b9ab-b1b1d709a29d,4527,ID Card,1170421,2031-12-07,True
c14b52f1-98d8-4570-8a0e-e05e8d228228,4528,Health Card,5271026,2034-01-23,True
8f918f15-4068-460c-b558-ebb93418caec,4529,Health Card,7528753,2031-12-03,True
a4b10f8f-d1b5-4f2b-97df-8f75ceababca,4530,Health Card,5402569,2034-09-25,True
570c8d0a-2ba6-48a3-91a8-390b589cc31e,4531,ID Card,2559562,2031-11-14,True
a9532b73-7130-4d14-b057-79d2386c4cbf,4532,ID Card,6613079,2029-10-05,True
4f781899-fc11-4484-a725-17fbf3925277,4533,ID Card,4466582,2034-02-02,True
c8f7c7cb-65d9-4a32-9a3c-b748c1fdce00,4534,Health Card,4035506,2028-07-19,True
a8954474-2dcc-4d4a-99f5-cb950dbddb59,4535,Passport,8467790,2034-03-14,True
4c4173f4-4cec-45e1-9b6c-d65a297f4f99,4536,ID Card,8861467,2030-02-02,True
13e2c436-d3ad-4762-8ab4-8099800a50ba,4537,Health Card,1478201,2027-04-10,True
2ec0f1b0-ca5b-4591-acd7-3a51aae1249f,4538,ID Card,4156390,2033-06-14,True
b58305ee-bdb2-477e-af7c-a21d9d62c125,4539,Passport,6323621,2032-10-07,True
9590bbff-b157-4332-a8b9-e09722d78877,4540,Health Card,5394019,2031-04-01,True
655cf5b1-e354-4ef5-ac32-b4d07bcb7a0b,4541,ID Card,1005814,2027-08-30,True
feb2cbd3-6dd2-48df-b134-21999a07669a,4542,Passport,6769726,2028-05-18,True
677de19a-f730-4576-9bc2-94d8360bcb64,4543,Passport,2980463,2035-11-29,True
ac5cb2e1-d5c6-4b31-b0e0-2c2b71f8aac8,4544,Passport,2354461,2029-02-19,True
80cfded7-45dd-446b-8cfb-d5787c69d399,4545,Passport,1541392,2028-01-01,True
e001529e-9b45-4e7e-a7ec-909170035620,4546,ID Card,5650079,2027-09-01,True
938133e9-94d9-47c2-85c5-ec0a6c9b0756,4547,ID Card,9559845,2035-07-11,True
7c8f4d5e-3da0-42d3-98f9-17cc02694a03,4548,Health Card,4134990,2031-03-08,True
2b3329ac-b195-4b09-b259-be8a85fe7130,4549,Health Card,2050260,2035-04-04,True
d910c9ae-e566-4f76-8665-e6170b564d4a,4550,Passport,7969375,2030-01-12,True
940a7d05-fe85-46ac-b0d1-29fbb76b43a2,4551,ID Card,8188331,2029-09-05,True
62c554a2-12ac-4265-a2b9-14adbc198618,4552,Health Card,2159254,2031-03-08,True
9c7a0d82-4ffb-473e-8d1b-ffa163ecbd8f,4553,Health Card,2168018,2030-04-06,True
39fdfbbc-9272-4017-9ee8-c6a5eca7ab52,4554,Passport,1252537,2034-11-28,True
cdd418ef-15f3-4b75-8423-56ebde7ed808,4555,ID Card,1823438,2035-08-09,True
be9e2cb2-f574-49d9-904a-56db7c5bac99,4556,Health Card,4579187,2030-12-08,True
5df5c79b-c0d0-4f1b-aeea-09e63bff9c1a,4557,Health Card,2494773,2032-08-14,True
197c78ad-0896-4d78-9194-9d86b26e32f0,4558,ID Card,8239215,2031-08-25,True
73810a4c-3a6e-4bf9-a49b-337d25fd9625,4559,Health Card,7475798,2031-12-09,True
8be7937b-bf3b-484c-9ee3-dc49dd4e70ec,4560,Health Card,1431011,2035-11-21,True
da47dfb6-c33a-4a93-92ad-4a7632540fb9,4561,ID Card,8437077,2034-10-07,True
0d309f27-7f70-4232-8676-182970d8c760,4562,ID Card,5405427,2035-03-25,True
08cca13d-f7c7-43c7-bb7d-896912298788,4563,ID Card,3827542,2030-04-28,True
2b8198df-f6cb-46ea-9c3b-7aebff71c86f,4564,Passport,1684434,2031-04-24,True
ebb3542a-39d3-4b49-8b94-6e986104d76f,4565,Passport,7506459,2035-05-25,True
23d366e1-4c03-4aec-942f-80d951ac7196,4566,Passport,7782102,2034-05-15,True
d850bbf7-0dc9-4f4a-825b-3539b43ce95f,4567,Passport,7337966,2027-09-14,True
c425ea49-521e-4254-bdf4-e19e0da23dd8,4568,ID Card,6538919,2034-04-11,True
6088004d-3c1a-4ef6-bca2-b6dc7476162a,4569,Health Card,9853597,2030-01-13,True
6799e79f-8281-4427-bef5-82103702685d,4570,ID Card,7057981,2028-05-31,True
49c96bb5-043d-4cac-b2ab-1b0a56c5fc3e,4571,Passport,9029642,2034-03-18,True
d7d4c63d-9665-4adb-bb23-e9e4cc1b28f8,4572,ID Card,7554478,2034-07-01,True
cc8f4efd-a1d3-4776-8abe-9a3dfe26eb96,4573,ID Card,1440313,2030-05-09,True
015b8c5c-e08f-4bf4-bb01-a43508c72a15,4574,Passport,1385894,2032-12-31,True
8688ff58-a07f-4b92-b64b-c3dc654c336e,4575,Health Card,2343097,2027-06-11,True
4618b7ca-bb86-4d4c-83d7-2ffa15a3ac2b,4576,Passport,8854741,2033-05-09,True
6049b799-3df8-42e1-b237-d3f6b330d9ca,4577,Health Card,9243612,2034-10-15,True
1c4bc11f-f163-4cdd-8d7a-dd96ad82be35,4578,ID Card,1807778,2034-10-14,True
a75ee524-4ff3-448c-9378-395234960078,4579,ID Card,1795127,2028-02-12,True
d588e9ed-d4db-40fe-9fdf-cfcbaf321c59,4580,Health Card,3691178,2030-06-22,True
6ff51f7a-996f-4234-b4e1-55dac218a571,4581,ID Card,7004053,2032-10-02,True
478b3deb-c124-4f01-b640-6627f69ced8e,4582,Health Card,7313289,2031-02-28,True
01641b8f-9572-45ce-ab39-e3776244ec20,4583,Passport,5524044,2035-04-04,True
84edb867-2803-40b0-834d-b266aabbffb4,4584,Passport,3286397,2032-02-12,True
1934c763-8339-405b-bb95-e4b2bc450d60,4585,ID Card,3295295,2030-06-13,True
ccb0a028-9e2d-4e65-b488-409b0af25ac1,4586,Passport,1722791,2033-09-26,True
ecc67038-13dc-48e2-bcf6-92462edd4416,4587,Health Card,1202566,2033-01-21,True
208b189c-9ac7-4969-b3a9-5680e3c27746,4588,ID Card,4341499,2030-10-14,True
d598a91c-edea-432d-8403-c5a602f5c3cf,4589,ID Card,3641807,2032-11-27,True
f49b0ca5-6b79-4f11-a608-c310c83d40cc,4590,ID Card,9397640,2035-02-11,True
6956450a-4d34-4645-967c-440d8883f328,4591,Health Card,8502940,2035-12-04,True
81704bc4-26fd-4d86-9111-3ead94d26ed3,4592,Health Card,5443113,2031-10-02,True
82701ce4-fed7-4730-9dd9-fcbe76d77966,4593,Health Card,2483684,2027-10-13,True
1742f94c-a136-4b25-a121-c8e3af9838fc,4594,Passport,2302822,2032-04-23,True
48f6806a-2843-45ee-82ba-5392a4c771b4,4595,Health Card,3202078,2035-03-23,True
f1a6c300-a2af-4dab-8556-ce1b2be702e9,4596,Passport,6953616,2033-04-30,True
ae87a074-bf29-4c9d-9435-6a7f5152cb8b,4597,ID Card,9717440,2032-11-01,True
78d5a090-b9f9-45b7-92e7-da3243f96217,4598,Health Card,9778095,2035-12-30,True
894f9e95-c1f2-46c4-a3d0-24a85389a20f,4599,ID Card,3674352,2028-04-06,True
6f95ddd3-9298-4f4f-bf8f-28f37e1ed3ee,4600,ID Card,7044060,2028-04-23,True
c8f56b91-1aad-495c-8fd8-a0ae71688df0,4601,Passport,1764811,2035-04-06,True
32c925dc-2738-4a37-8100-4792d765ce17,4602,ID Card,6894489,2033-04-10,True
b53c39de-e260-42f8-9ee9-1863527fa5f3,4603,Passport,5605583,2027-06-23,True
7a6c4137-04cf-4c5b-9462-ec4fa38917de,4604,Health Card,6754579,2030-09-04,True
4e1d4793-717a-47e5-abc9-4cdeec8e3153,4605,Health Card,8323767,2032-07-30,True
62e2ef1a-bddc-40c0-ad9f-ae9f869691b7,4606,Health Card,3077801,2029-02-25,True
97572723-525a-4831-b512-c5e23927f99f,4607,ID Card,8915666,2031-10-03,True
b45edff1-6c49-429d-945e-22db3c1d2347,4608,ID Card,1415664,2032-10-30,True
8cacf7e3-dd49-4c88-9feb-f69f9aff6b22,4609,Health Card,4466254,2032-09-19,True
f5310c65-d2c9-41c3-b71d-340ad075cea6,4610,Passport,8773050,2028-02-23,True
ccf9e58b-57cf-408d-983e-da054b5ad784,4611,Passport,2709973,2033-12-06,True
40d22500-8b3e-4399-95eb-053ce0a64797,4612,Health Card,8111290,2029-10-10,True
94db1a94-5619-43c7-9bb6-f11cafef6f1e,4613,Passport,9192181,2027-03-23,True
d53a992f-4f1d-4fd9-bd88-6e10ec357bda,4614,ID Card,3068742,2031-12-16,True
8700bc12-1cfa-4268-84dd-6c038ddd66a6,4615,Passport,5243626,2030-01-29,True
586e2cb2-b089-41af-bde5-602c6a53edd7,4616,Passport,5141951,2030-11-08,True
48506906-072b-4ff5-83f9-d4e046fc46f4,4617,ID Card,9486274,2030-10-25,True
73fb6850-98ab-4be4-aff4-2f22baca18e9,4618,ID Card,3665773,2034-08-21,True
3ca2359d-b4aa-4d24-ae93-6d2e92226c99,4619,ID Card,4995407,2027-11-07,True
9c6e747f-1b1e-4717-b73f-1a3863c27933,4620,Passport,2148195,2033-11-27,True
abce3859-9abf-4d78-a131-4871ef60574c,4621,Health Card,1072953,2027-04-30,True
ea6f4968-cd66-4387-ba71-ce56a1dca608,4622,ID Card,9376593,2032-07-23,True
2ed4cb30-b1fc-43d5-9f31-57b38c121308,4623,ID Card,6239309,2029-03-22,True
bd00db98-3a92-4589-a665-4e895b7c38c5,4624,Health Card,5820722,2030-05-29,True
b90f4d6c-b034-4c3f-8be6-11670599485a,4625,ID Card,2846218,2028-06-15,True
8bef11ee-75b7-4617-a9af-f340fe7db41a,4626,ID Card,2889580,2035-11-30,True
8589a6af-300c-4033-8119-68b5bb45b08b,4627,Health Card,8540240,2029-10-16,True
fa44e101-ec07-4f2b-86e8-d1285bd322e2,4628,Health Card,9123053,2031-10-17,True
6ecbba61-dddc-41ff-96ad-048509820c2d,4629,Passport,5064799,2029-10-19,True
61fca53d-cf72-425d-a143-ae3908ef1c0e,4630,ID Card,4411166,2027-03-26,True
af0d9bce-b87a-4a16-8101-f58f899970f8,4631,ID Card,3337011,2035-02-12,True
c4f499ed-d0c2-48b9-9aa4-a98268f917a2,4632,Passport,8295186,2028-05-17,True
8ba2a381-e445-4cbd-9081-54bd90544370,4633,Health Card,5342025,2029-08-21,True
1ede283a-c8a9-478e-9c7c-c5ca376e3ebd,4634,ID Card,8568054,2029-06-18,True
ce4a61c9-81de-41b8-b4f5-95bc7fa1673c,4635,Passport,5893151,2030-01-21,True
0bb6b5ce-4dea-4a25-9987-72298abc8185,4636,ID Card,2349285,2033-09-09,True
4cebb108-c611-4219-8cf0-013826a26dbc,4637,ID Card,9523808,2027-11-01,True
4fa3c025-2aba-434d-934b-1d6ff654ec51,4638,Passport,6897648,2029-03-19,True
ac6460a0-360a-469d-af8a-85129cb72825,4639,Passport,7616023,2034-07-12,True
a38e2186-61f3-47e3-a417-701c7ee33902,4640,ID Card,3596056,2027-08-02,True
4af128d4-e8f4-4aed-abd0-b3c8270b2ea0,4641,Health Card,8966657,2033-08-02,True
5302b051-18bc-4b3f-8e07-5004fdad84af,4642,ID Card,5614566,2030-09-16,True
7cdf04eb-6b28-4c4c-a5b0-08f1650d327c,4643,Health Card,3287047,2029-02-15,True
7ec8432d-0f88-4476-92d7-8aef0c652f05,4644,ID Card,6144402,2035-11-23,True
514aac57-6750-4fcb-94a9-899408306dce,4645,Passport,3053205,2034-02-28,True
c860f29b-3640-44cf-a2b3-2d73e63fdd8a,4646,Passport,9590836,2035-11-15,True
d02006a8-762b-4a58-ba98-5be417482848,4647,Health Card,7111900,2029-05-30,True
60f8e7bb-a3d2-43af-819c-9a1d8ca97f45,4648,Health Card,7336039,2032-08-17,True
14431c27-4454-4cae-8d99-93b5e6381e2d,4649,Health Card,2113320,2029-01-02,True
951d987f-0658-4131-832f-950a39c55133,4650,Passport,6510597,2028-05-28,True
4f7d3fac-c466-4a9a-bdf3-4504586a5745,4651,ID Card,9534946,2034-01-04,True
3207d1dd-4bf7-4afa-bfb6-285a7c86ac04,4652,Health Card,2205170,2034-08-25,True
1dfa5431-2e31-42e9-9b7e-2153a3871459,4653,ID Card,4987798,2032-04-18,True
0227fad6-76d9-4617-9911-42c69b812e82,4654,Health Card,3589208,2030-12-26,True
91c793c6-e872-45b5-88a4-1bb0bc61b23b,4655,Passport,6969873,2030-07-05,True
55658abf-2034-40f7-97b4-e7bb3f173e0f,4656,Health Card,6731493,2029-07-31,True
888d89b3-54ac-4a96-9623-3fcf4602d553,4657,Health Card,8501908,2028-05-01,True
9c0e357c-0087-46df-83ee-353df652d7eb,4658,Health Card,4396662,2032-10-29,True
30078812-f9ad-4756-9592-1eeb09f0778c,4659,Health Card,3596042,2033-12-05,True
faf23c61-74b5-442e-97de-fca404edb28b,4660,Passport,9385220,2033-07-19,True
03faa703-8947-4dd4-a9b0-20185f030d4a,4661,Health Card,6800081,2030-02-25,True
2ebf0906-460d-462e-b8bf-52ee0c3b650e,4662,Passport,5418737,2032-05-26,True
4fe4e337-f756-4e57-adb8-97dd32c6fc24,4663,Health Card,5914959,2031-07-31,True
99eabbb1-94ec-46ac-95b9-6b079b5030a3,4664,Passport,3356888,2033-10-27,True
24cd655f-a717-46af-8eea-78b74686381e,4665,ID Card,9526018,2032-12-12,True
69c20090-0f1e-40a5-8440-47e92dd82ad9,4666,Health Card,1865277,2028-01-25,True
461b64bd-bfba-4dce-965d-e7943e47fda1,4667,Health Card,9537998,2029-10-15,True
931041e3-44a9-43ba-b744-7d866473f930,4668,Health Card,9597488,2030-08-26,True
39badf83-c4a0-465f-9b71-cba1aad11df8,4669,Health Card,8648578,2027-03-19,True
987fea69-ae90-4ea7-b516-35493a214389,4670,Passport,6373269,2031-11-04,True
c120fa27-dd75-4c67-a2c4-811f4dc22173,4671,Passport,7569694,2032-02-14,True
69596542-47f7-46b9-870e-374fd0386bd2,4672,Health Card,5821396,2035-02-27,True
d1d93101-dce7-4b82-9dc0-b97bdd4c61fd,4673,Passport,2757482,2033-12-09,True
b3972c80-eb49-41c3-8186-326f565783d3,4674,ID Card,1255576,2029-07-21,True
0467e0d8-9658-4caa-9057-4a24f9ae2120,4675,Passport,5485548,2035-02-20,True
424255f2-2140-4beb-8905-9b127acaea93,4676,ID Card,6866332,2032-07-27,True
ae223918-7919-4a82-8bb4-79bc76e948e5,4677,Health Card,5850476,2035-09-12,True
553bf650-e4db-43d3-88e4-fbfd0302507e,4678,Passport,5266746,2029-04-17,True
b803d16a-6cb1-4fee-95b1-29ca4e502738,4679,Passport,6095045,2033-08-07,True
e84dab39-f1cd-4bd9-9b4e-639a35f3e4f5,4680,Health Card,2034016,2035-11-30,True
8e6cd757-4cef-4907-8367-30b36e3c5217,4681,Passport,7772112,2030-03-24,True
955e4bc4-c976-4753-8130-9fa0e91f508d,4682,ID Card,7878775,2030-07-01,True
a1584d35-aa8a-42e9-8cab-d832e78ce6fe,4683,ID Card,7093984,2032-09-10,True
e6779695-e9f5-4c35-bdaf-ce75e3d64b5c,4684,ID Card,3784416,2027-03-02,True
99a3b7ae-0620-4a3f-b697-764c49e8ba29,4685,ID Card,8888084,2034-03-26,True
417363b6-f2be-4bf5-bcfa-c411af4df232,4686,Passport,5751179,2033-03-18,True
48a697ce-f371-4131-9b2a-4a3931780d36,4687,Health Card,7461452,2030-05-23,True
eb03ec5d-9b2f-46ce-800a-f069990e48f4,4688,Health Card,4753255,2032-04-17,True
aeb6b636-5b39-4d15-9db3-49486884c892,4689,Passport,1770905,2027-09-07,True
9a320405-a2ca-4118-a754-d0a3aa2e8c39,4690,ID Card,6414441,2032-03-31,True
f1ce34e5-11f7-46f6-8ea0-802588c8178b,4691,Health Card,2245103,2035-02-01,True
7e853ae2-729a-4eb3-a080-746e5b619531,4692,Passport,6391678,2032-09-11,True
e52617eb-f0ee-4d44-9187-5cfd00813646,4693,Passport,3909567,2031-11-28,True
03bd350a-d405-48a3-9eef-1efd7feba1fa,4694,ID Card,6706804,2033-01-02,True
e34278d0-78b9-49d0-b47a-563878edc2a4,4695,ID Card,7596417,2031-09-29,True
1ecb5ed7-0dea-45da-a087-ad43b81eb874,4696,Passport,4759743,2031-10-03,True
c5bde547-8852-4167-8f02-8352ea27d151,4697,Passport,2483811,2035-06-13,True
c557e78f-c690-4929-8cf9-98ceafd0923b,4698,Health Card,7028049,2031-12-14,True
57cb87ac-2d99-422b-9d28-b6a5c0c906c1,4699,ID Card,3228600,2028-02-16,True
3e4a794e-7e89-433f-a7ba-1a4c2a4a12e4,4700,Passport,8477412,2032-07-08,True
ce4ce30d-e1fb-4170-b95b-2c21d3d3663b,4701,ID Card,8415879,2035-06-05,True
3d115402-4b06-4235-8e2b-0d236bff0b1d,4702,ID Card,6215222,2035-04-20,True
042f35e9-2f6f-4433-a139-ebce14d95090,4703,Passport,4439488,2028-06-22,True
fefae7ad-6d9f-4c3f-9529-7dff8f130a81,4704,Health Card,3155036,2031-09-05,True
e3318b4f-c1b4-4b9a-98d0-6e913b45ba43,4705,Passport,4371179,2029-03-19,True
8027970a-1e74-43bc-8cfb-dff4005e1376,4706,ID Card,5411536,2028-07-26,True
f880b34d-4418-457c-bb57-58d62e8381f6,4707,Health Card,9294814,2033-01-14,True
111d50e5-2bb0-47a2-a660-281d726dcabd,4708,Passport,9599731,2029-01-27,True
d00118e2-b153-4bd6-8fb2-ff8be3dad918,4709,Passport,4732227,2030-12-03,True
bc39507f-7cc6-4cfe-b092-5d3de593b90e,4710,Health Card,8468414,2033-03-16,True
e78c16e8-12aa-4c8e-9cdd-025137964eee,4711,ID Card,5727629,2035-03-02,True
99ce1a40-1591-408f-8ce6-eefcc03371d7,4712,ID Card,2307307,2033-02-09,True
f3ef73ad-53fb-42df-a67f-66f5542b5777,4713,Health Card,3440544,2033-07-10,True
653da73a-869c-4fab-b67f-b2431e99ddeb,4714,ID Card,9883059,2028-04-20,True
a282c7eb-c79c-4155-adaa-338d9be6d24c,4715,Health Card,7668021,2032-11-21,True
5c3e3273-e501-4c77-b18b-5b580884f3d5,4716,Passport,4415017,2028-09-27,True
5db1512e-5010-4418-beb7-4c63087246fe,4717,ID Card,5869059,2032-05-10,True
6efa2e27-7cef-460b-9c28-9e64ea2f5b84,4718,Health Card,7584687,2031-03-25,True
7dcb2402-ceb6-4854-a531-3ed34dae49f2,4719,Health Card,6215108,2029-04-10,True
9c8f8a38-daa4-4961-9924-94ee6025d703,4720,Passport,4539114,2035-01-08,True
74509e26-7082-47e1-9f37-aa20047f2e39,4721,Passport,6385665,2028-06-30,True
f8136865-763e-4be3-98c7-ec1c4c8050ba,4722,ID Card,3215910,2033-08-09,True
b03a8cea-f78e-406f-bdd9-23d3cecd379c,4723,ID Card,1952162,2033-04-14,True
ff752347-da13-4228-b265-0fbe38fe3887,4724,ID Card,1616649,2028-01-29,True
f91352d0-53e4-4c89-b055-509156998e43,4725,Passport,2361198,2031-05-29,True
ccd1c61c-14ce-4ff2-b8f8-c3fe7afa4218,4726,Health Card,5253494,2029-10-27,True
dcc6c5f8-27e8-4b69-9bc3-40b79b67f680,4727,Passport,9492835,2033-03-31,True
1231c65a-9f79-439f-bcc2-247d6faf2b5e,4728,Health Card,1908794,2030-06-19,True
a4816152-d283-4b77-a909-7e2ca0cdbfd2,4729,ID Card,7620668,2033-03-13,True
4f5f2884-b489-4fe2-a463-4cd500e4a8dd,4730,ID Card,9990390,2030-03-19,True
d7bf27b1-7105-4ed1-a54a-e436e145b039,4731,Passport,3673959,2035-02-12,True
2ec7f2aa-860f-4b7f-be44-99f668ae7cde,4732,ID Card,5413627,2033-07-12,True
b5b75872-f0a3-4e88-9e43-27630f5f2de5,4733,ID Card,5315149,2032-05-09,True
010e9434-5c83-4314-8ea3-bb3dcd396e9a,4734,Passport,9210188,2032-11-05,True
dd0a068c-abbd-4712-bd31-e6e48249fa48,4735,ID Card,1628675,2035-09-10,True
29a360a5-0775-45c7-8a41-545207f5270e,4736,Health Card,4056233,2034-11-20,True
905bf1a3-35ac-47d3-b21d-8e1ac98bc000,4737,ID Card,7874301,2033-10-01,True
98578106-fca6-4f5b-9f26-f7af5acf9408,4738,Health Card,9194847,2028-09-27,True
2ea10e0d-8968-4af4-aa31-216f2b26a08a,4739,Health Card,9001833,2030-11-01,True
c60fcd1d-1c14-4b34-a282-320bdaab929d,4740,Health Card,9186033,2030-10-12,True
79ebf916-86d8-490e-ab34-1241d577a7d0,4741,ID Card,4722896,2034-10-10,True
1e3cd7a7-21ca-423e-933b-12d67855d479,4742,Health Card,2117472,2032-06-13,True
10d9ca03-e3f4-4305-b962-9f245db21048,4743,Health Card,4040803,2035-09-17,True
c61fe036-d5f2-4fd4-a0e1-de0e9f56cabc,4744,ID Card,9851004,2032-07-07,True
d6bab1b0-d3d2-4be8-b40e-349eb38da310,4745,ID Card,2570951,2030-10-05,True
ccaf96de-0371-452c-b7d3-dc38f97f004a,4746,Health Card,9678867,2027-02-22,True
4b0ce39b-5210-4c7f-a423-2486e439d4b0,4747,Health Card,7985692,2029-04-14,True
bb74577e-1370-4ee0-b351-f565c1d01b41,4748,ID Card,2376946,2033-12-22,True
b2799546-ef0a-4435-af6f-5ae9f74ecd74,4749,Health Card,3678979,2027-05-29,True
409f1748-be2a-4a44-8e84-d15dc59570ff,4750,ID Card,3311117,2031-12-22,True
8aa14d85-6f3c-4763-8c31-11e24a70b5aa,4751,Passport,8593400,2028-08-01,True
e87c6375-2a7e-4da8-bf2f-681a7cac42ea,4752,Passport,4636077,2029-02-19,True
74a71217-06bc-4f6a-97a1-b31862bf2f84,4753,Passport,5121208,2030-12-29,True
59f41d60-520e-4430-b368-1d4e32180036,4754,Passport,5105018,2033-10-02,True
02629000-c3d3-46bf-b18d-e02ce8f07552,4755,Passport,8877387,2035-06-30,True
e6c00327-617b-41d6-9b5a-23b0b2ded0f5,4756,Health Card,4932916,2027-10-12,True
57b05d41-6b09-4ddb-b331-bd156708d667,4757,ID Card,6450427,2028-04-10,True
b7721151-80d8-4fcf-bc13-bc23a0da2714,4758,Health Card,1437362,2028-08-05,True
20c54d01-084a-4874-a6bf-f7fa4eb7ec57,4759,Passport,7154296,2028-09-14,True
f438ffd4-7c5e-4c13-98cb-095c48db4c52,4760,ID Card,5033922,2029-04-21,True
8d0be9cb-3845-4ce0-ba40-cae2bc3afb48,4761,Passport,6887469,2027-07-24,True
7e787612-0dae-4ec0-8dfe-60304692171b,4762,Passport,9936645,2029-02-23,True
622fe786-3986-48b3-a7a0-eb39cdd8f611,4763,Health Card,4558145,2029-05-16,True
2c8f7810-d91f-49af-8c78-878822733da1,4764,ID Card,3853691,2027-11-26,True
81239f07-9dfe-472e-b7d8-70e51a3f0c46,4765,Passport,7414873,2035-09-24,True
84cd730c-f458-473d-8da4-917a5781742d,4766,Health Card,2391202,2031-07-20,True
71e81b03-3545-4de6-a55c-b1be3424cc22,4767,Health Card,8729782,2035-12-12,True
bbd99903-eea3-4157-bb2f-d3f8477c1edf,4768,Health Card,8939065,2029-06-10,True
0579e56d-d907-432a-baae-a929f499804c,4769,Passport,7273082,2032-02-11,True
f39d2804-471d-4563-8ad5-8f530efaa902,4770,Health Card,7634862,2029-01-10,True
1d519b32-38dc-4e1e-8910-8fe0ef0c6008,4771,Health Card,2548032,2035-03-05,True
8ea36902-38fd-4a6a-b68f-038c48ca648b,4772,ID Card,4053136,2035-10-28,True
f557a039-2114-42d9-b2d8-ddc08a02efad,4773,Health Card,9571338,2030-08-08,True
87817c12-c146-4aef-9496-5e52789bb6c2,4774,Passport,7950278,2034-04-27,True
c431d44f-ee24-464b-b598-ab199205d201,4775,Health Card,7312968,2030-08-16,True
0286fd4f-6f45-41b8-bcec-44fdf3bb705c,4776,Health Card,9683383,2032-03-24,True
be5ddeec-6ddf-4f14-a317-3db7f569043a,4777,Health Card,8528530,2028-11-08,True
08480659-a3fc-4d02-8641-a65a696a7b17,4778,Passport,5907838,2033-12-24,True
1b1c3705-6d6d-4ea4-8b0d-eb09dc32a172,4779,Passport,6180277,2030-08-14,True
989e8fa7-58a8-4b10-8126-8b0feddc63cd,4780,Passport,2711439,2030-11-09,True
c56a8179-70ae-484e-8f94-267029129492,4781,Health Card,9151516,2028-06-29,True
49071bb1-4813-4751-a729-ea58a6dc6ab7,4782,ID Card,5385310,2035-12-31,True
9822f253-2dba-4e6d-ae59-3b24bef9c546,4783,ID Card,2431607,2034-12-31,True
daaf3275-6d5b-4caf-8c90-b6df2d8b9a3a,4784,Health Card,6832584,2027-03-22,True
fdbb3013-3f8f-427e-b766-04e5dfcbd6e9,4785,ID Card,4989487,2034-11-27,True
68d50f3c-13e8-4852-b2e9-6e8c79847d8b,4786,Passport,4290834,2028-06-10,True
c5b99f42-60f8-490a-8835-9f02082f602d,4787,Passport,7478879,2030-01-03,True
aeec8221-305c-4673-b1b6-df89da4ef0ad,4788,Health Card,2565837,2028-12-04,True
fceaa40e-a98c-417e-8bbb-7b6721580fc8,4789,ID Card,6008815,2036-01-18,True
d66cc395-1de8-4ade-a736-34160064ccda,4790,Health Card,6489336,2028-12-14,True
9c5b704f-3960-49e1-b83f-e5cb526ed28f,4791,Health Card,4489432,2027-05-05,True
76493ab6-8e52-4cb6-823b-18b4269a7092,4792,Passport,4442796,2032-05-15,True
ccf64bc4-1162-4537-a248-7f96d0df91a5,4793,Passport,8691985,2027-03-29,True
3a63d397-0d9c-450f-ad39-18f73a6e32b0,4794,ID Card,7065140,2031-05-12,True
ce70c424-f8d6-4b27-8c4a-4c8037cc67ca,4795,ID Card,2724593,2028-09-25,True
2680127e-229f-4ae7-b3ac-c34fa13a3d53,4796,Passport,1149559,2034-09-11,True
33539668-a59c-4ea6-960f-28e00694e073,4797,Health Card,3813706,2034-11-18,True
7b30eec7-d095-4c99-a1a0-a99a386a9dca,4798,Passport,5132684,2027-12-27,True
2ea83fe9-8a44-420f-a5dd-a84a721a4fdc,4799,Passport,2767701,2033-10-08,True
74682f2d-595e-4039-8a8e-ad1f1a86120a,4800,Passport,2691835,2028-10-05,True
2ac0f547-573f-4c69-be5e-10091e32cde0,4801,ID Card,6915709,2029-12-08,True
0607f2c7-c750-43fd-a388-052722b57cf2,4802,Passport,9331126,2027-10-23,True
048735bc-2ba0-4559-a62e-7f1dfc03355c,4803,Passport,6641959,2027-12-11,True
a95b7b16-741f-4d36-a6e2-2534eae7fa5d,4804,ID Card,4273020,2031-09-04,True
cdad4bf7-cb0b-48a6-9323-469bc07385cd,4805,ID Card,8100963,2032-01-16,True
b5ec4c1b-5672-4ab8-b372-7652034c100b,4806,ID Card,1479090,2028-12-11,True
7cdf7c21-80f8-4042-a28e-bd149e1607f1,4807,Health Card,7425814,2034-09-19,True
1f8b3634-a1d2-4aec-8452-04401eccdded,4808,Health Card,2330309,2028-11-15,True
cfee5c00-fd8b-4d29-9739-49ea4bc1d3c1,4809,Passport,3180056,2035-05-11,True
b1860ec8-64f1-47df-9445-2ecf76dd1b5c,4810,Passport,1531656,2029-08-23,True
bcf1a22d-a76f-4534-8d34-f15a41c03e18,4811,Passport,3704191,2033-06-04,True
c22fc8aa-0d47-4345-b6a4-d5708ddd9479,4812,Passport,2855369,2033-02-12,True
847b4ef3-9c50-4cd3-b257-1847df303237,4813,Health Card,6895387,2027-04-01,True
9e374369-179a-4646-83cc-fcd36cb3a698,4814,ID Card,7042241,2034-03-09,True
a629f271-c2a2-4e09-bcc4-d5e33b761774,4815,Passport,4199146,2034-06-03,True
57d7d763-275d-4d03-b7c6-e87d9d913114,4816,Passport,3064176,2030-06-04,True
a877f5cb-b4aa-4950-9338-4504d21098d2,4817,ID Card,3409630,2029-01-24,True
57c4a156-d568-4307-9ce2-364c53a302b6,4818,ID Card,1289436,2030-09-26,True
d54e88da-ce5e-4e36-bfbd-c4b9a734a0e1,4819,ID Card,9400215,2033-09-22,True
155f7035-dd97-4e0b-8bc3-c1c90c913494,4820,Passport,3698758,2030-08-13,True
54e3b95b-82e9-4887-a698-de261235bda4,4821,Passport,9780717,2027-06-02,True
3530c381-0bdd-445f-811e-7aea990a83ad,4822,ID Card,9407137,2031-02-06,True
67452476-9f49-4150-9fa5-7c61d885dada,4823,Health Card,7464566,2031-10-07,True
b38d1d25-c419-4282-95b7-b40b5c82c21a,4824,ID Card,5413301,2031-01-04,True
13c0fd2e-9768-40eb-9420-760687b24662,4825,Health Card,9297718,2032-02-05,True
2f98a9ff-4b7e-4ee3-a524-2267b4e5b540,4826,ID Card,1895339,2034-04-28,True
e70d8340-2158-45c6-affa-d82e6f3486f5,4827,Health Card,2723538,2027-09-30,True
49f0e59a-363d-42f0-9c8a-5f0d8229f9a0,4828,Passport,7805689,2035-05-24,True
55a98f01-0349-4b46-99af-adac1fbb6fd1,4829,Passport,3028391,2034-04-25,True
1e9b7dc7-fb80-42c7-a9dc-5d320b47ca05,4830,Health Card,7193441,2033-01-30,True
b85e3ebe-5d32-4bf8-bba0-8f15be061742,4831,ID Card,1852093,2032-09-08,True
d1412e45-5f27-4c44-8878-1d1dbd484fe0,4832,ID Card,3024976,2031-04-16,True
1a21aac7-d90e-47ec-b2d4-064229f253e2,4833,Passport,4846688,2035-08-17,True
5f4d3671-8158-4228-b4de-58320b6f11bf,4834,Passport,7526359,2034-04-25,True
79334dc9-87de-4778-8a97-7e971105da1e,4835,Passport,6860843,2034-01-12,True
6eaa69af-0d70-43e0-8939-c62be8bbc88d,4836,Passport,1460978,2032-09-07,True
f32aac66-d391-4c56-afd8-7108165c9c5a,4837,ID Card,2491649,2027-05-27,True
50c1efe9-42ec-4258-a4ac-6ca658508834,4838,Health Card,5944216,2030-12-29,True
9d0f80f0-5e4e-41df-9779-6b98cbfad39b,4839,Passport,7484946,2028-04-19,True
b5919e82-af61-45d4-b96c-9ed5fe0ddfa4,4840,Health Card,8248969,2030-10-25,True
0b819d83-79ee-4c3f-838a-b201e8263645,4841,Passport,9827414,2032-12-05,True
2350552b-d38b-4a09-8430-18289fdbad7c,4842,Health Card,6846007,2033-08-16,True
56eeabb8-9130-4871-b4b4-e44072467919,4843,ID Card,5982088,2033-11-12,True
7f73811a-84a2-4270-8d46-cd7d08f787c1,4844,ID Card,9902558,2034-05-05,True
1a300d5d-2f22-46fb-ab3d-23223ee6da7d,4845,Health Card,2479853,2031-07-04,True
afdb4760-5c2f-4aa4-8239-66f0aee27405,4846,Passport,3173659,2030-10-16,True
63858793-ae0e-4a4e-afda-0d3b7adadac7,4847,Passport,8399104,2032-04-15,True
5a0a9f2c-703f-4947-b770-9f6c35545880,4848,ID Card,6179519,2031-02-12,True
0c6ad596-83fe-482b-a4d0-609bcca420cf,4849,ID Card,6401935,2029-05-12,True
5ef8a152-61ba-40d6-83d1-9917ca2e40a9,4850,Passport,5401664,2029-02-25,True
93b95be9-d37f-4832-89db-ec909133f3a8,4851,Health Card,5215606,2031-07-27,True
e938f519-8300-42ce-871d-53f13d230ec9,4852,Health Card,2048797,2033-02-23,True
f9e26ddd-617f-46b3-bf68-0d215f5d3709,4853,Health Card,9139825,2027-06-10,True
f4ae11b8-0603-4576-bda0-c25c2902a76b,4854,Passport,7832396,2032-02-13,True
9b04f042-990f-486b-a7c7-ee398f4cf65f,4855,Passport,8218942,2027-04-11,True
ec081bdc-42d0-4d1d-9f03-a811f2e1d7ca,4856,Passport,2316930,2028-12-16,True
cf65654e-240b-4628-b98c-9ea8ef67b6ef,4857,Passport,8710455,2028-07-04,True
bdca1437-4728-48e6-b6a6-73003bbdd4be,4858,Passport,2692522,2030-10-06,True
e07751bb-703e-42b7-95be-82802cb4c853,4859,ID Card,4700944,2033-09-10,True
2d2a890d-8739-4bf2-966b-38239e392a0c,4860,Passport,3122878,2029-12-25,True
68347895-0110-4cc5-8162-b73ca2b4b285,4861,Health Card,4073427,2028-08-24,True
1aaceb33-1e87-422c-b5fb-1535b2e3c442,4862,ID Card,5550759,2034-02-17,True
8a7e9b13-e882-4644-9d70-e6f7594eef0d,4863,Passport,8905006,2031-08-29,True
e242b1af-82c0-43bd-bcb5-d629ca7a87da,4864,ID Card,1489090,2027-02-06,True
e98b20d9-2256-49cf-9bd8-ed39cea456a1,4865,Passport,3234232,2030-03-08,True
bb6f7032-70de-4e3f-916b-7c27d8f9b3dd,4866,Passport,3608275,2027-09-05,True
609b2ed1-ff4b-4ac3-9945-d93c6a13190e,4867,ID Card,9497025,2030-06-25,True
914a2b4e-79e2-4fcb-87b3-c0cff10d34d5,4868,ID Card,5858025,2032-03-11,True
a40ef9ef-9bd9-441a-94ce-67f2d925eb81,4869,Passport,6587768,2032-08-13,True
33df4767-4bc5-4d10-abf0-99543e729214,4870,ID Card,8646415,2031-05-02,True
00988abe-c3f6-42f3-9ef9-d919b8dc836a,4871,ID Card,9858228,2031-12-15,True
38f26738-afdd-4b8b-96ee-75c7133d0670,4872,ID Card,7638306,2034-10-20,True
21d3b34e-0d57-48bb-b350-a6e56d8f08e5,4873,Passport,3592235,2030-09-14,True
cd368b19-a900-45ba-b5e0-9c3d144d9211,4874,ID Card,2373665,2028-08-25,True
0ed2498d-cc0b-42b3-b39c-9830e887f888,4875,Passport,6243043,2035-06-04,True
7c369d02-53ef-4c41-b026-485903e01f2d,4876,Health Card,9811281,2034-09-18,True
f203d064-7f3b-4af1-b39e-65134d29ff1e,4877,Health Card,8219882,2031-12-27,True
09b84fc7-0c80-411b-80f6-50a8c163bfc1,4878,Health Card,6746327,2029-06-18,True
d5e0f868-e507-4b3e-a944-12689e95a8e4,4879,ID Card,5615596,2033-12-15,True
f9971ece-36f7-4800-821b-97d4ba69f3f2,4880,ID Card,4187388,2034-11-22,True
a7fbde69-c71c-4e97-afa1-aa569243ff0f,4881,Health Card,3802199,2030-02-14,True
8130827f-694c-491c-ae62-b917e56cf2fc,4882,Passport,9605052,2028-05-27,True
a317d5f2-1c1c-4911-8c72-87128ab79a8a,4883,ID Card,8950193,2035-12-24,True
da391f6e-af06-43ba-9c1f-357b6c423a87,4884,Health Card,4357846,2027-02-08,True
1c4491ed-51d4-498d-9344-0a3137d5fcfb,4885,ID Card,2337887,2031-03-16,True
10856cb3-0ffd-41af-b816-255b6b578c57,4886,Passport,1295028,2033-12-16,True
2356e45c-c8ac-4504-a659-4fd81ca4b7b5,4887,ID Card,8986818,2036-01-22,True
131bfa8c-2aca-41cd-975b-57f27147c7f9,4888,Health Card,3363198,2028-01-25,True
80dd2a46-56a3-4395-bc37-a747318f5a49,4889,ID Card,7093279,2027-07-29,True
c8ee6c95-8739-4651-9dd8-74aa0395b7f5,4890,Passport,9621713,2033-05-27,True
4531683f-a359-493f-88b6-4a6264db5c5b,4891,ID Card,8498956,2033-11-06,True
67edca48-c8c3-4f47-a978-2995000cdd43,4892,ID Card,4954373,2032-04-06,True
88751776-3e4f-47b8-8005-8baf3a9b2ecb,4893,Passport,2510073,2031-06-11,True
41200958-2dca-4b8a-a387-e7b556686c7f,4894,Passport,3787775,2027-07-22,True
c761e07b-1fc8-42e8-94ab-51e1747db259,4895,Passport,8139006,2033-04-29,True
ccaf4f20-d6fc-4ea1-b39e-c2c8430c73a9,4896,Passport,1168119,2035-11-12,True
fa9f05ca-421f-4e24-a5ed-6bc0ee10927f,4897,Health Card,8097230,2033-02-14,True
0fcfa506-c4fe-47ef-bca6-060d1f4274ee,4898,Health Card,6202635,2029-05-12,True
dd0c0851-beba-4a6a-ab95-176224e536cd,4899,Health Card,7727074,2028-03-08,True
f607d87d-a549-48a5-85da-8893e05fe07f,4900,Health Card,5608966,2027-05-18,True
712027a8-6c63-4b13-8815-b6d4f42c4dc8,4901,Health Card,4937990,2028-06-16,True
cb22e601-985b-4baa-9a2a-7fe4b8778227,4902,Health Card,8065814,2029-11-26,True
078dc57c-3b7a-4334-a1d7-e4c2a3c9ce9b,4903,Passport,6536111,2033-09-23,True
07a3576f-2459-4581-83b7-5481f009833d,4904,Health Card,2738618,2030-12-26,True
c524dab1-d0d2-4eb9-af0a-e7a53845ae31,4905,Health Card,2397884,2035-07-16,True
2f519bc5-5fdf-46ab-bfd9-7fab1f3cddd4,4906,Passport,4314860,2032-02-12,True
e77802be-fd41-4752-9a9d-52c1737cf656,4907,ID Card,5687155,2027-03-13,True
0ad08654-fd06-41f2-8b6a-45aa398d0bcd,4908,Passport,4257326,2029-02-21,True
7c8c0c56-5440-4138-9285-761dbbcc97a8,4909,Passport,6180233,2031-06-30,True
10d98f8b-ef37-4d89-9539-23a1877071dc,4910,ID Card,5874282,2030-02-17,True
42f35b39-a715-42a2-b272-8a083abfa087,4911,ID Card,8508944,2034-09-04,True
0cfba18b-7a06-4a97-9173-25869bc237e1,4912,ID Card,2861477,2028-02-09,True
2d7f8cef-dccf-412e-b885-220526207f5c,4913,Passport,2860919,2027-10-07,True
cdcd52c6-578a-4ed0-99c5-a33a8554de92,4914,ID Card,7152822,2030-09-24,True
36820362-17c3-4368-bcd1-eb9952eaefd7,4915,ID Card,5298379,2030-10-01,True
368c89e1-d11a-496c-8bd1-547a17c6f3f3,4916,Health Card,5659852,2031-06-04,True
1748b609-b577-4ed8-a2e3-597a29df9e74,4917,Passport,9406947,2030-03-09,True
a6f64742-a88a-4e8a-90de-9a393e9d215f,4918,ID Card,5931782,2029-07-05,True
9b2f9a4a-88b7-4bf3-bf7a-e572c2ff7571,4919,Passport,6756047,2030-06-28,True
48eb7fbb-cd0a-4734-b2f0-612d2d55b965,4920,ID Card,7032382,2031-06-02,True
948311f9-8922-429d-924d-8fbf2cfdcf2a,4921,Health Card,1237184,2029-09-25,True
07e88b60-2785-4728-a3d2-9be1a056bc3f,4922,Health Card,1771610,2030-04-24,True
68f30f8f-5793-4074-9427-52fd5043df4e,4923,Health Card,3198793,2031-10-02,True
1168fc6c-363e-4e71-b38a-eea2d335617b,4924,ID Card,1982660,2030-11-16,True
a4058821-caa9-4547-bfa6-1a539377a6a7,4925,Passport,9815836,2030-05-31,True
3fcd692b-0bc5-4ac6-a429-47e35bccd698,4926,Passport,1526412,2027-12-10,True
040c47ce-0cf5-47fe-8c87-221df7307ef9,4927,Health Card,6129036,2028-12-17,True
98b8a7c0-75c3-462d-bd53-05bfbd113340,4928,ID Card,9457576,2028-04-30,True
cee68ef1-5c34-4e5d-9cb0-65a332b0e9a0,4929,Passport,5483482,2031-07-11,True
a2974e6b-c6f3-46c3-aa52-f019599dfc52,4930,Passport,7096307,2029-06-29,True
7c9318e0-ff32-4753-af5c-d195d5c06f6c,4931,Health Card,3351750,2030-06-14,True
78a110ec-d90d-4e94-bcb2-2ea721c364b8,4932,Health Card,9002949,2030-11-23,True
b3e6d375-7ab2-4c33-947d-726a7c09472e,4933,ID Card,1458648,2029-07-10,True
bd73e552-2777-4507-b97f-c6e7f54bdc23,4934,ID Card,2957763,2030-12-29,True
cbdfbc37-2276-49cf-819c-49218b8eba54,4935,Passport,6922271,2031-12-02,True
d2e47bdc-b802-47ce-b785-44a0691d4bb4,4936,Health Card,8397882,2031-09-07,True
617b21e8-f745-4c0a-a918-7f2d1c134c22,4937,ID Card,7336183,2033-01-17,True
a323a580-daaf-40cf-a527-a4c979afbd48,4938,ID Card,1698349,2033-10-13,True
d84acf63-d6c2-4f92-920b-c0a72d30fc62,4939,Health Card,8240368,2031-11-24,True
b67f07bb-c09a-4a22-be67-5d0eac85b399,4940,Passport,1594578,2035-01-19,True
a4b4149e-26fe-410e-8794-a8219012754d,4941,Health Card,2720311,2030-12-05,True
e8e4e865-d611-4e5b-a3c8-cc3b1fd15b2f,4942,ID Card,9268497,2029-02-08,True
48f2843a-d0ca-49a0-af59-e11813673a2b,4943,Passport,3152461,2028-02-11,True
e8867fb6-3abc-4bfb-a574-fb84d428abbb,4944,Health Card,1035755,2035-01-06,True
c8ae2f0d-97eb-4333-b73e-f8b32e833561,4945,Passport,5402980,2034-01-13,True
9e11525b-fc2f-485d-b62f-66cad7f6323b,4946,ID Card,9892391,2031-11-06,True
82370ab4-a95b-403a-9409-8b21ed8b54ae,4947,Passport,8673691,2032-01-03,True
338fa823-c069-4f42-bcee-009d66db27df,4948,Passport,2226932,2028-02-27,True
2c4354e8-8fc9-418a-a3ce-3d7412ca11b0,4949,Health Card,5152087,2035-02-13,True
60ad1377-b934-478b-b7e7-cbe1b82d91b9,4950,Health Card,1509405,2033-08-18,True
f6d3e2b5-331f-401a-911e-8eb0ffb14a95,4951,Passport,1692028,2027-03-18,True
cead3162-09d7-4141-a95c-17527b89a7be,4952,ID Card,8280049,2027-03-27,True
12aa8d28-3f95-411e-9445-1d0009f0bd1b,4953,ID Card,1787573,2028-08-02,True
e5977692-6eb4-4509-bd54-1f80a3f4aff2,4954,Passport,1020829,2030-07-14,True
8a696073-7ab4-43c5-b6a1-afe7f3775865,4955,Passport,3497177,2030-05-22,True
963926a3-77e4-41b3-babc-636adfe97ff2,4956,Passport,1143494,2027-04-06,True
09e35692-ebcc-41e9-945e-b250ca853cbf,4957,Passport,5322882,2031-02-16,True
c1c2d47d-fcbe-4527-b88c-aaeb0e114036,4958,Health Card,3862164,2033-02-18,True
3a65b88c-c092-480d-9d51-3cea2acdf7b9,4959,ID Card,9556253,2030-06-06,True
fced373e-ff57-487a-8b83-df7542454edc,4960,ID Card,6073957,2028-04-02,True
aa536ac1-c1d6-4bd9-9726-e218ca735419,4961,Passport,7629419,2033-04-26,True
ea424100-adcb-4d28-b7e0-8fac483e8f6e,4962,Health Card,3881402,2028-11-09,True
abc639c1-3ce5-4d96-bcc2-8698d94185ab,4963,ID Card,5177990,2032-10-12,True
3bc4fc15-220c-471f-bd81-e210fd0f04f3,4964,Passport,9746917,2030-01-29,True
0bdd5662-1439-4b93-b924-d31db8c7d5b3,4965,Health Card,8867581,2028-08-06,True
e720f18c-5411-4fa1-9582-b1070aa21fc8,4966,Passport,1894664,2033-10-30,True
cc1e2798-eb77-4d7a-b970-b0c831f8e9ad,4967,ID Card,1354889,2029-07-05,True
45be514f-a3bb-4fd7-bc6d-871c073477c4,4968,Health Card,5110446,2033-10-26,True
1551e070-a228-4a9d-b391-f96352fa833f,4969,Health Card,8931237,2034-10-03,True
421eea83-93cd-4bdd-94c0-b29058ad39b9,4970,ID Card,2821080,2031-04-22,True
b553de59-268e-41eb-8504-3817ff2c0b4a,4971,Health Card,4111768,2032-07-31,True
114b741e-53df-499b-a72d-769691cf5b21,4972,ID Card,7226172,2030-03-23,True
19c8f9a4-0130-4247-9d97-6ec5a05c58a9,4973,Health Card,5460979,2032-08-11,True
d6928f6e-9580-4427-bd48-394f98fd4124,4974,ID Card,8517265,2029-02-13,True
0069b172-2e42-40df-9cb5-1f907b76fb5e,4975,Health Card,7948937,2029-07-20,True
bc37a4a4-5461-44ef-82fc-b1b313079f95,4976,Health Card,6568985,2034-07-25,True
7e8ae616-960f-4dd6-b804-79491bb0da17,4977,Health Card,2363306,2033-03-12,True
3d0544ec-d68e-447c-8221-e01ff1e3cee2,4978,Passport,9060204,2034-08-17,True
9c956f75-755a-45b3-9ef8-7f6f8ae2c71a,4979,Passport,1673619,2029-03-14,True
4fe8de75-f6e1-4bce-9a79-481cdd6a9222,4980,ID Card,1053379,2035-07-25,True
4fce4723-62eb-457f-9257-07dc8b95524d,4981,Passport,3664665,2031-03-11,True
97f07824-2c5e-4cbc-aedc-f801e2ac1f42,4982,Passport,7198911,2032-05-02,True
cfeaf02b-7591-4955-af6d-b0d358564670,4983,Health Card,9785162,2030-10-06,True
c7ea7fa5-662e-48f3-97c6-669454dc9a0d,4984,Passport,3642469,2027-09-02,True
28728f55-5755-40d1-9fbb-ca945c58271c,4985,Passport,9084761,2029-04-14,True
3501d195-8f33-4aa8-90cc-1a530bf11e94,4986,ID Card,4389963,2029-06-26,True
d26dfa8e-3fdd-4248-9440-5f5ec6e726bb,4987,ID Card,1980750,2031-08-07,True
39e991b5-9d6a-4254-9dc9-38854528eb0d,4988,Passport,4010719,2032-02-27,True
3c47cd23-6233-4785-9c48-02ea4093e1c9,4989,ID Card,7918701,2029-11-30,True
5afce0c4-97c5-4db1-a6da-97291d1321c6,4990,ID Card,6763866,2035-03-08,True
c48a49a5-a4ad-4cd2-9f47-b0fd7039f5ac,4991,Passport,5187977,2032-07-17,True
82e532b6-976a-4445-ade4-36b3f5d88357,4992,Health Card,9636461,2034-05-19,True
bd7d72bd-6d78-4479-9f2c-395592e20f94,4993,ID Card,2721042,2035-03-17,True
7bebc4db-2e07-418d-81f7-d7aa1e70d358,4994,Passport,2051586,2035-03-07,True
a41d61b9-9e3a-4ac5-a7e7-d1560ca8946a,4995,Passport,3574411,2035-05-02,True
62b90482-1e12-4e20-a3c1-19cd4915ea37,4996,Passport,1821026,2030-06-06,True
cfcb68c2-2cd0-4010-94d7-e5afd65827b3,4997,ID Card,1838747,2034-04-20,True
17538ef7-0de9-4e29-90c3-b79747b5e0cb,4998,Passport,8037748,2032-11-09,True
e5da8e8c-4b43-4b95-8b93-3e72c6b7f976,4999,ID Card,4606804,2035-10-12,True
1bba6ee5-5360-40ab-8b90-ece0a2c52904,5000,Passport,5466089,2031-08-22,True
44c45d83-f244-49a0-b6dc-356d06b2e45e,5001,ID Card,1047733,2033-07-02,True
19e5fc9f-8029-498b-8a45-0bbb1992eb73,5002,ID Card,6001097,2029-02-20,True
8bb82b13-0902-4637-986a-32aab27d42a7,5003,Health Card,9747938,2029-12-05,True
8bdd0ea3-979a-491a-b322-db33be8f8582,5004,Health Card,2847144,2031-11-27,True
3f91b49c-d527-40a0-88bd-8cd491df7622,5005,Health Card,2830639,2031-12-18,True
e3e82777-0c8b-408c-bf18-0396f39b2ac6,5006,ID Card,8334390,2027-04-30,True
dc6fc5ff-41ee-4150-aef5-cfcfe2a242ef,5007,Passport,6463051,2031-01-18,True
aa6119f2-456a-4af3-89ae-656096e23a81,5008,Passport,6986990,2032-02-22,True
9f6256b7-f01f-48ac-8101-1b4579441f6d,5009,Passport,2112759,2028-01-24,True
8fd56a2c-28b3-4b8f-b806-ffe08b69244c,5010,ID Card,8262351,2036-01-08,True
d9b386e0-adb1-4ae7-886e-aded4870b617,5011,ID Card,3841345,2031-07-22,True
6bd938f5-caea-4f67-a675-b80779290ea5,5012,Passport,2152907,2034-09-22,True
01cbd548-39b2-45f9-85a8-6ef6a005fa05,5013,ID Card,4278202,2034-05-28,True
cb5f0f8b-45f8-44e3-9795-6cd19e7bc3b0,5014,Passport,4107863,2033-07-10,True
aa256436-a995-46ff-afa7-b2f6d0843e43,5015,Health Card,5777843,2031-01-28,True
eb248d97-a997-4ed1-beb9-dc0c54320707,5016,Health Card,5912610,2029-11-29,True
346e26e9-ea3e-433e-aba6-af292d9cda1d,5017,Health Card,7202743,2034-11-11,True
d3dc7a5b-9ef5-46ca-bfe3-fd64dcc47366,5018,Passport,2082282,2028-04-14,True
810df6e5-d487-431d-bc8c-1e68832c5cd8,5019,ID Card,8170530,2032-11-02,True
4e3b62d6-3eb2-4540-94f2-d11cefc2b138,5020,Health Card,9528992,2034-03-21,True
de5ba62c-1179-4287-877a-01e4c1d006c8,5021,Passport,5229189,2030-03-08,True
73697222-03c7-4e12-80e4-f34aec342ca4,5022,Passport,3227737,2032-06-09,True
95dfbb38-debd-4928-b74c-a9a216ccd076,5023,Passport,2716138,2030-03-25,True
8489c369-c620-4bcd-93c7-2ef843523610,5024,Health Card,7647269,2030-01-13,True
39c68438-28e5-4a1a-9cdb-1ec253b98300,5025,Health Card,1983188,2028-05-18,True
02b68a08-098a-49d3-b5a3-8f2d076c9385,5026,Passport,6952576,2034-06-19,True
00344436-4590-4283-ba9f-eab2bcc2bd63,5027,ID Card,6872765,2028-12-02,True
cc070d3d-e82f-4dc4-b371-c9f110d49779,5028,ID Card,7010878,2027-12-06,True
d0867f40-646d-47ac-91e1-05e2b57c6234,5029,ID Card,9283044,2029-11-04,True
3941dca2-85cf-402e-b702-8848d173715f,5030,Health Card,9448881,2033-05-10,True
6c2442c1-3882-4a72-acf1-ef789c0a180b,5031,ID Card,8322804,2029-04-06,True
27a6a133-0fb3-4883-af0e-d648249550a1,5032,Passport,5245337,2030-12-23,True
03023689-30ee-4a59-8707-12806e166e36,5033,ID Card,6355998,2028-10-12,True
306b4473-872b-466c-a3e1-bfefaec49b91,5034,Passport,2072583,2033-09-26,True
e05a6c32-62a0-40c3-bc11-6fed372662a9,5035,Passport,5537438,2030-02-27,True
a5be620f-ec5e-4538-b3b6-855d4d1bef42,5036,ID Card,2437567,2029-04-11,True
d58ab68f-7b1f-4b00-9053-fec9ae724827,5037,ID Card,8775596,2029-03-22,True
87b34cbe-056a-4e13-a1ad-8d59020f5144,5038,Health Card,9889872,2034-10-23,True
d66d4612-b6c6-4a75-9c2d-5ff547539d0f,5039,Passport,6583837,2032-05-17,True
e87d8199-35a1-464a-a131-a19e2e2abf2c,5040,Passport,7250900,2034-11-13,True
63aa36f0-203a-40a3-902d-c37625aa56d7,5041,Passport,1457800,2027-03-30,True
31147892-2ead-4da5-ac97-274670e00496,5042,Passport,5406748,2027-12-12,True
32087fbe-2ace-439c-b083-4359abb58369,5043,ID Card,4222903,2036-01-08,True
7877fdd1-ed1c-44b0-9afb-7ec8428c63db,5044,Health Card,4363170,2030-03-04,True
ce5da1ac-2c6f-4238-853a-ef7ff9ce5ec0,5045,Health Card,9479773,2031-12-06,True
ac418c30-22cc-4d5f-9997-38c2e90b7500,5046,Passport,3714070,2033-06-15,True
8b31d248-871d-4a11-b840-0ec65cce5bd2,5047,Health Card,5120187,2029-06-05,True
18fc334b-5cd8-4aa6-bca0-a64fdfa45ff5,5048,ID Card,6803600,2033-01-13,True
4846dd3e-fb8d-4bc7-a04a-756750944e15,5049,Health Card,5097245,2032-04-20,True
499b9e6d-b54d-4ea6-912e-ac38b91fdbd6,5050,Passport,5675486,2030-04-19,True
ead7a82b-727c-42b7-9700-ca2486e2ae18,5051,Health Card,9802244,2031-07-13,True
dcbf14fb-042d-42f8-a436-7f8f488e3586,5052,Passport,3016964,2035-03-24,True
38efdc14-6eab-46c3-bf5a-847e22c2bb81,5053,ID Card,6879590,2029-10-18,True
9ec3800c-d4df-458d-8aee-99e9f968da8f,5054,ID Card,9129024,2029-12-22,True
c213a485-e63f-410d-b7eb-c4eb62f65d0d,5055,ID Card,2874182,2031-04-30,True
fea236b3-dbe8-49e7-81b2-dd18ccb9e097,5056,ID Card,5452651,2035-03-30,True
07e8bb3b-4ed7-484d-8482-9fe08ac1d80d,5057,ID Card,1697687,2027-09-12,True
b8617011-a155-4ef0-9df7-5f6dca171b77,5058,Health Card,8999110,2027-08-20,True
dbf12f98-82c3-4147-a6f9-3a0d9eb8cb5b,5059,Health Card,8430449,2027-05-16,True
1fc0a2a3-c50e-49da-b1da-e3bc5c9cfac9,5060,Passport,5778454,2031-11-16,True
6d47f613-319c-43a9-917a-1da4b04df37a,5061,Health Card,6125633,2027-10-25,True
1adbc1d6-4338-4ce5-8425-b0bfcd7ade0e,5062,Passport,9687921,2028-12-03,True
ea1ad8b4-f82c-4e0b-82de-cf74bd6c7125,5063,ID Card,6263590,2035-08-19,True
3876bd1e-d77f-45b9-bd0f-7430baeb3449,5064,Passport,6622830,2030-04-18,True
c5d4e63f-20a6-466f-90b6-e74760fd8450,5065,Passport,3935815,2035-11-01,True
e482bad4-a4eb-41d8-80f5-7aa16f95bc75,5066,Health Card,2793177,2035-01-13,True
96d83589-3f31-4f7a-846e-0e6a247834b0,5067,Health Card,9184822,2029-05-04,True
5ad05d61-01ee-4201-95e7-43fcc7cba00a,5068,Health Card,4821850,2033-04-11,True
d6aa30ce-f79d-4e1e-8ddc-ed90547ba28e,5069,Passport,7666396,2035-10-29,True
8f6dad40-83cb-479a-95a9-8ab29d013989,5070,Health Card,6960286,2033-05-25,True
59205253-5cff-414c-84cb-efa2fb52321e,5071,Passport,4687308,2029-12-30,True
37ce8dc7-0c2b-4824-a340-f6c31c362d6f,5072,ID Card,5106710,2031-12-01,True
525d108a-b4b6-4a02-a5ca-1ceafec57aff,5073,ID Card,5905956,2029-05-23,True
b28e6e87-70b9-4f92-a5f0-dab15d3df2e0,5074,ID Card,2545560,2027-07-03,True
7fc33f48-e826-4bf5-b2f4-1131f50c5f98,5075,Health Card,7691216,2034-03-17,True
6f4b8efb-9678-4022-85bc-fd1458e2dfdc,5076,Passport,9268350,2035-11-05,True
c6d1ed6c-194f-4711-9305-852c9e4b02eb,5077,Health Card,4646838,2028-01-02,True
648c0a7e-4734-410d-9fce-26be912c7f56,5078,ID Card,1950913,2031-06-29,True
3d4a0317-107b-4bad-bbc6-b69b569b0119,5079,Passport,8370716,2032-05-28,True
98515b54-ed3c-43b1-9c04-0cf49a9c4489,5080,ID Card,6605693,2033-05-23,True
7f2edbc4-1e4e-4268-8667-222c26a02c26,5081,Health Card,4849250,2034-07-05,True
2f0278f3-9a55-4434-9b5f-c3e6c220fcef,5082,ID Card,5326142,2032-11-13,True
dfe5c2d0-9451-43b1-a795-438ef6565c9b,5083,Passport,8755756,2030-02-20,True
752cf94c-b462-4519-8a62-55877d1cc1d1,5084,Passport,1155149,2030-07-01,True
7cbf01bd-59ff-4636-9e4c-e451e6933fdb,5085,Health Card,5708697,2029-07-22,True
f2cef145-a022-4b12-b00b-8bafa679f447,5086,Passport,6323443,2028-09-06,True
c74b2983-efe4-45a5-8b58-bfca36b36062,5087,Passport,6473154,2030-08-17,True
bf6f1430-c5f3-41ff-a1c8-be8472aa3bee,5088,Passport,7413748,2035-10-28,True
8d375815-55fb-454d-9f2a-c48ca2b39890,5089,ID Card,2738840,2029-02-06,True
8036280a-6c86-4d0c-a061-d80b8213fcaa,5090,Health Card,9530139,2027-05-23,True
9cf24137-e651-45dc-8a1c-32f0d2493e87,5091,Health Card,6149862,2032-12-15,True
510c7aa9-6e81-4c38-b3b0-23ef4fec2ebf,5092,Health Card,2755695,2031-09-02,True
49b45baa-6559-440f-9291-146e30e0fc69,5093,ID Card,9191166,2033-02-09,True
a1686e1b-b2f9-4c53-93ed-5ccae8ae9005,5094,ID Card,9636574,2035-03-14,True
bbe4c46d-4dc4-413a-bdeb-ed41467c5d82,5095,ID Card,2584113,2028-12-12,True
4be3fb27-f052-4771-a0dc-187a7b26486f,5096,Passport,8202917,2027-06-25,True
c67d2128-19a7-4d4e-b5f9-b4461877fd09,5097,ID Card,3433673,2029-01-13,True
3b5e652b-04ec-4ee6-888c-ebb48ea48647,5098,Passport,2719674,2033-11-01,True
fa7162bc-cb43-46b9-881a-a78e68d39b1b,5099,Passport,5960527,2035-04-16,True
3f49875a-8613-45a1-a7fb-22fcce4bb69a,5100,ID Card,5626026,2030-08-01,True
56fa2db1-f65b-4a13-8de6-9650d3fb2739,5101,Passport,6881790,2031-12-08,True
14c645a2-0e6f-4c28-8852-2e85d955299f,5102,ID Card,3140978,2031-05-21,True
abf3c268-926b-4e19-b0a5-46bcd3d46a74,5103,Passport,5236892,2029-11-27,True
9d9f2b93-64f7-40fd-addd-57e386d2e800,5104,Health Card,9588234,2031-10-31,True
1796b4b1-7843-4e48-bb9c-fbd414c06784,5105,Health Card,1015489,2034-05-04,True
67440ef8-6719-4038-804d-871d1db498d7,5106,ID Card,9761171,2027-01-28,True
a027fef4-5520-4bd2-9fec-873c21708c3f,5107,Passport,8773280,2031-02-02,True
d2aa6f34-62ba-4ada-98d6-bf0208a91d47,5108,Passport,9079192,2031-07-27,True
17e46094-7e16-49fa-9b63-53fa79b69d9e,5109,ID Card,8787860,2033-05-18,True
84ec81e4-8a23-4776-9431-2379876d75d9,5110,Health Card,7202116,2034-11-08,True
a2f345ac-4567-4436-89dd-7994c690f3ba,5111,Passport,9444909,2034-03-11,True
a7d0b42f-0ca0-4630-bfac-555fdc7c1bdb,5112,ID Card,8312151,2033-08-09,True
8c3d9339-d50b-42b8-aaac-54fba1d3d7a8,5113,Health Card,9927835,2029-08-16,True
c695e993-7412-437e-9d88-c034220c1ef5,5114,ID Card,3043508,2028-08-16,True
982fdc81-bc36-454a-b366-b6cd5ae6ed63,5115,Health Card,9274386,2032-11-17,True
22ef9959-d7ae-45e5-b7e2-3d0675e8cf8c,5116,ID Card,8579642,2032-10-27,True
c68aa4d8-3ac3-42df-9d3f-a418deb12984,5117,Health Card,4218521,2032-06-20,True
fbdfc0a8-42fd-4a64-9963-51dc8760c92f,5118,ID Card,9302870,2030-09-16,True
2843d631-933c-4331-b19c-9918ba35e813,5119,ID Card,7979345,2035-03-24,True
971a3616-f706-4ba9-8ae4-5d0cc2d4066b,5120,Health Card,1498853,2028-03-26,True
2fcb4bd1-40df-4c85-bd82-7724b313adc7,5121,Passport,4203704,2030-12-26,True
f0c43a18-c109-4eb5-98b8-5a638e1130f8,5122,ID Card,5884866,2035-12-25,True
684e90dc-221c-456f-a139-29e528f8223b,5123,ID Card,4262746,2032-01-12,True
a93f6cc8-a14f-482e-aaf6-601f5d4c4a98,5124,ID Card,8304074,2035-03-24,True
b800d982-a879-4bae-8539-a8f1d3c40cc7,5125,Health Card,3476194,2029-09-08,True
5ad09881-9fec-47be-8e5f-925eefcd9476,5126,Health Card,5923811,2031-10-08,True
e2e0fca8-a403-4d7b-80ae-1d2e8a3b9246,5127,ID Card,9844527,2035-08-21,True
9d88661e-a831-48e1-aee0-9c16f84600ce,5128,ID Card,2085455,2030-03-18,True
198cd031-9932-42b3-9a77-9feb8a57b249,5129,Health Card,5517837,2035-05-27,True
f8bf042d-fcf1-4834-a087-8715870ba87b,5130,Passport,5437986,2031-07-06,True
9daa1073-2310-40d1-aea8-d904d509b812,5131,ID Card,5426139,2027-03-12,True
c2f7d067-0005-486c-9c91-2148353977cc,5132,Health Card,6009734,2029-03-15,True
75a76cd5-6843-4a75-be2d-897306dadf16,5133,ID Card,3420430,2034-06-25,True
991dec1f-dd0b-4e40-b773-de880029b909,5134,ID Card,1339747,2028-11-20,True
876608b4-9878-4fef-82ba-8afc635625fc,5135,Health Card,2419771,2033-03-05,True
ad232c25-3952-4e27-bb45-222b28a543d4,5136,Health Card,1792671,2033-01-17,True
90cd28f6-47a1-4597-883c-df1dd466e49d,5137,Health Card,1486475,2028-10-10,True
3d658433-194c-4c1d-8cfe-30db5fe6ab92,5138,Passport,6547325,2035-12-03,True
acebcf97-9265-4e2f-8f99-dd7962695799,5139,Passport,8568835,2035-09-25,True
df8f5d8d-96fd-4fdb-a9f3-434067ec7121,5140,Health Card,8655065,2034-09-26,True
91f921c9-ef32-4842-ba04-e8d212cb4064,5141,ID Card,7503891,2034-06-05,True
4f2f1b3c-8c9e-44b0-9284-f2e5ec4af531,5142,Health Card,5324524,2031-05-09,True
8ebc4568-3bb1-44e4-a9f9-dc3d10ea68b6,5143,ID Card,1940091,2028-02-18,True
b319f698-6ca7-4953-80f4-bb062021e9e8,5144,Health Card,7988948,2035-01-17,True
400534a3-d892-413c-a4cc-dc3796b52cf9,5145,Health Card,7326152,2030-11-06,True
23777028-4151-4a98-a72f-7e61f497e187,5146,Health Card,6187303,2030-01-15,True
b3468d18-72c4-4021-974e-58787e36ef7f,5147,Passport,9114331,2035-12-24,True
87d0147d-b3d9-49ba-82b9-1b05dbd132fd,5148,Passport,1117080,2033-01-29,True
8424ffde-05e8-4dfd-8b5a-1729dde37757,5149,Passport,3915653,2035-06-24,True
2dd4e289-bc0a-406d-8e9a-8e42b1f78107,5150,Passport,5330648,2029-06-04,True
11a8806d-4709-48a8-ad60-a4a5934ac7a1,5151,Passport,3145787,2028-02-17,True
0ddbd697-fe32-491b-92f3-660cba1c2b23,5152,Health Card,1459187,2033-08-05,True
06b03b76-7e39-4fd9-b374-ae846b77aeb4,5153,ID Card,9922571,2028-02-20,True
f5db64c5-a68d-42f4-a17e-9be199c0c6ba,5154,Passport,2145837,2031-06-09,True
8ddd13a4-6daa-4657-a414-8e4db794cdb8,5155,Health Card,9054899,2029-04-06,True
019bef27-bf0b-4673-850f-781c88812ff1,5156,Passport,7941029,2031-08-29,True
a90d15a9-982c-45b5-bc6b-f64086309532,5157,ID Card,4780818,2031-04-14,True
29201a49-be01-4fe8-8a93-27a861bb610c,5158,Health Card,5549680,2029-07-26,True
8b1e5e3c-6c45-4b6e-8908-8c538a338648,5159,Passport,7811538,2028-09-27,True
3fd2508a-7699-43fd-8ee6-fd05aa4b9a8c,5160,Passport,7398031,2031-12-16,True
9df7c03e-5b81-438b-8f1c-6ddf7f67e373,5161,Passport,7766423,2035-12-29,True
2e64724a-1405-4111-a7f8-f5232cf11eac,5162,ID Card,4240880,2032-12-23,True
978ca8c7-361e-4426-9eda-56598135be4d,5163,Health Card,9197379,2032-06-26,True
9b1f9af7-5967-4df1-9b03-a9025042b4c1,5164,ID Card,6884329,2031-05-15,True
4054614a-3bb0-45b0-8ae2-35931a95b3f6,5165,Passport,5776621,2034-05-02,True
888c62c1-bfde-4955-821d-af656d0b113e,5166,ID Card,3716330,2028-06-22,True
ff05b7a5-4ba3-4a1f-b78f-a0f4c4cb4171,5167,ID Card,1187064,2029-01-03,True
91a085a9-1a72-4672-80e6-764bfb874082,5168,ID Card,4649049,2028-11-12,True
a13be93e-5a4d-4501-a38e-92b13aecda2f,5169,ID Card,4499943,2032-05-27,True
94f45f0d-2b8a-405b-851a-8614e1d39056,5170,ID Card,3323839,2031-02-04,True
8559847b-5eed-48a8-adf6-292359e54168,5171,ID Card,8303639,2035-08-05,True
4a54ad9f-72fc-4075-9bc7-9111137127c6,5172,Health Card,2359731,2033-05-17,True
818316ca-4269-476f-9e48-cbc530cface3,5173,Health Card,3162184,2027-08-28,True
1a9c8e4a-9023-4b82-8d7a-dbd977a92349,5174,Passport,3452311,2032-08-28,True
9b2d722e-0904-43bf-bb98-6b4c83dda54c,5175,Health Card,2631999,2028-02-04,True
565d844b-d75d-4933-a6c9-bb0b8f007e0e,5176,Health Card,2369284,2028-01-06,True
f157f82f-e9ef-4cdd-9593-2480bb03c8d0,5177,Health Card,4765894,2033-01-24,True
c769f2a4-f024-42ef-8543-6688ac681ea0,5178,Passport,1975192,2027-04-07,True
6550cb0f-69a9-475c-89ac-941c076e4ef1,5179,Passport,6292188,2027-10-11,True
00c31e61-cbdb-4229-9291-41bc1d373558,5180,ID Card,6260116,2030-10-02,True
a93491d0-d35b-4dae-a742-d0dbbe0c780b,5181,Health Card,8840457,2027-06-22,True
82754480-84fb-41b5-9901-a6e7e50e4f3e,5182,Passport,2195904,2034-07-11,True
b5699426-cb88-497c-b5a7-81d82ab7a03c,5183,Health Card,3970028,2035-07-31,True
b71f2fa2-8fcb-4ca6-94c3-0e7b9b5bda1b,5184,Passport,7846896,2029-01-10,True
0babe366-9728-4f5b-aed5-c01aa6193594,5185,Health Card,3655496,2029-12-09,True
656f8d0e-d9f1-4674-a9b5-9ba15c71fa88,5186,Health Card,8474708,2034-07-10,True
12c67f2b-9d96-4546-b0c7-2ee47dc103cb,5187,Health Card,4873371,2027-02-20,True
2dec7ccf-adc1-4e05-8355-ef86c44fe823,5188,ID Card,9035966,2030-10-26,True
a743a97c-4109-4bdd-891f-02b33943728b,5189,ID Card,9986819,2029-11-30,True
413048e7-cd34-4a16-aaf0-a299326f215a,5190,Health Card,9673338,2034-01-25,True
21a0d45c-002e-454e-94a1-bccad5d26b14,5191,Health Card,5379135,2027-03-20,True
35fa7e36-5055-4fdb-834e-6a6c0b966744,5192,Passport,4604009,2027-03-21,True
e2d4ae13-d10e-4941-a628-85be7d391978,5193,Health Card,6116683,2028-04-12,True
909bceb5-71fe-450c-bf6e-4c6338263d1f,5194,ID Card,4458966,2030-05-31,True
6a9c90a8-3a0a-47b8-be36-98cccf6a79fe,5195,ID Card,3515809,2032-01-22,True
bac6f803-501a-4d9f-8ebb-aecf15884e1a,5196,Passport,6983520,2028-08-04,True
e410ed99-6841-4777-8886-542bec771642,5197,ID Card,8832910,2028-12-05,True
cb716be8-1d10-48de-a8f6-9130755655cf,5198,ID Card,9489190,2028-02-15,True
c1acf18b-f952-4643-b335-c561fdda117d,5199,ID Card,8231921,2029-02-07,True
19828e8e-2b49-4f9a-bb92-b935fd5befe8,5200,Passport,8745629,2027-06-26,True
32396221-1d4d-4e92-8306-078058914d1d,5201,Health Card,6054219,2031-08-22,True
f72dafff-0ab9-4173-9a5e-b8cbb2c26caa,5202,Health Card,2017993,2032-05-11,True
3422762c-db35-427d-bebc-a989390ef70a,5203,ID Card,1247952,2031-10-26,True
a75e7e48-0be8-4522-bda5-b181f1ca1dbd,5204,Health Card,9016423,2034-03-11,True
5da3cacd-3a53-49cb-94a8-d9dee85ef536,5205,Passport,3524475,2033-02-21,True
8c5e677c-47d5-4eda-b97a-807a17fd7ed5,5206,ID Card,5026995,2028-09-27,True
cfd171eb-726e-4607-a008-f2952f54f8f8,5207,ID Card,2030751,2032-10-24,True
99883ba3-c5d4-4dbd-8f9b-162ceb585af5,5208,ID Card,5334732,2028-12-10,True
57ba672c-ed2e-4576-b310-4e3ce271f08c,5209,Passport,8769735,2035-05-11,True
30adc094-2373-453f-9fe9-6b39f2a1792a,5210,Health Card,4515414,2035-04-26,True
dfcb5b13-95b6-46ea-9f9f-1584ca2ed997,5211,Passport,4951424,2030-03-21,True
52d511e8-7c29-45c0-b04d-0e7c8c0d386b,5212,ID Card,5813666,2031-03-12,True
c491a3a7-1f7e-413f-9f09-66bfefc4806b,5213,Health Card,9529231,2035-07-29,True
6bd5c46b-0e95-4c1d-806d-2a875c63ad58,5214,Health Card,9873498,2031-08-27,True
18b790cd-7f26-428a-89bd-c3b0fce7050c,5215,ID Card,6977782,2033-02-17,True
3d429861-2694-474c-aa22-a69010ca7480,5216,Health Card,7881015,2029-05-18,True
016cb224-5cdf-4e55-a557-32705433d5e7,5217,Health Card,7693839,2035-04-22,True
467599a8-51f1-463d-9e0b-3a72a8655d3c,5218,Health Card,7788796,2033-09-02,True
f2220dff-c9c9-42ee-98d8-8b2eef3e1551,5219,Passport,8229087,2034-04-20,True
8f9d9445-6c7c-4f74-8f8a-61dd8fca4d44,5220,Health Card,9084704,2029-03-12,True
ef1d03a0-bd85-48ef-8bd6-c6bad18c4f44,5221,Passport,1240001,2028-06-18,True
61bdde8b-5172-4c3b-9a6f-37b3f40ea440,5222,Health Card,4548077,2034-04-15,True
e368ded2-e8aa-43d5-8799-b3bd1644a599,5223,Health Card,7353808,2031-05-28,True
f88425ad-35de-4502-b530-aa388812be01,5224,Passport,2182878,2031-07-04,True
67adbf53-38f2-4e8c-996b-b7535556aaa9,5225,Passport,5020580,2027-12-25,True
1b58a377-d8b8-4e7b-8c4f-25465bb6cfae,5226,Health Card,2003134,2031-11-28,True
c4fcb87e-ac8f-4a88-b6a6-9e000c365e05,5227,Health Card,1615995,2032-01-20,True
ccdcbe20-3642-45c9-9a3e-115e7c448010,5228,ID Card,5407718,2029-11-18,True
9dce6b89-6b67-44b2-9352-1919c54c0fe9,5229,Passport,1554257,2031-01-19,True
1a0b5acb-a4a5-4a44-ab3d-de4680999c7f,5230,Health Card,8735036,2032-08-25,True
0ce8ce6c-e613-482e-91bf-502401969811,5231,Health Card,4136708,2031-07-20,True
1a4f8f23-627d-4bec-927d-c74abd35adee,5232,ID Card,7188535,2032-08-26,True
6ead29dd-6d4e-467b-ad02-25609205faf7,5233,ID Card,8400021,2034-12-01,True
d8787181-bb97-43cf-9be3-cb03b9610793,5234,Passport,2968139,2035-05-14,True
5b1d7289-ddfa-4e4d-b917-bb44fde02dfd,5235,ID Card,8244523,2031-06-13,True
6f880145-27b5-4d23-a910-ba0d4244b446,5236,Health Card,7510090,2036-01-03,True
e4b0932b-0b4b-4ade-b43e-57e9a5c36f5f,5237,Health Card,1613672,2028-06-23,True
f46ab04a-2c37-4aa6-8b19-bfb120077f70,5238,Health Card,2707714,2028-04-09,True
40f2ea3c-5e7a-479b-95a5-76747a103ab4,5239,ID Card,7756841,2032-07-19,True
519cbe4d-14c1-4d81-97ce-deee2e91da07,5240,Passport,9259297,2033-03-15,True
2b1446c6-fbec-4ffc-8e4d-a041889effb5,5241,Passport,1186070,2027-07-31,True
3a1717cd-aa46-49c6-b599-e063d8f43d6f,5242,Health Card,8057546,2035-09-03,True
7b0bb75e-f0e9-4f78-9555-e46f0d6b6c74,5243,Passport,5540615,2030-05-27,True
7fe1b9ea-d869-4602-9981-674c89796323,5244,Passport,4308845,2028-05-09,True
e830099c-a1c3-47d9-8f28-e7cb1aa8b15f,5245,ID Card,9535259,2034-11-23,True
710a8fd4-bd33-4845-bff1-9046995faa59,5246,Passport,2534479,2029-07-19,True
27c1e39f-fb11-4370-9664-0d160bb5e2e4,5247,Passport,6530005,2028-03-16,True
0e50b43f-f4a7-45f7-83e7-1cabcd667aa3,5248,Health Card,2380238,2028-07-05,True
9431dd5d-8c22-439a-aaa5-5f2eb7369e8a,5249,Passport,9358646,2028-04-11,True
a57fff5f-789e-4753-85a0-745b907bf71b,5250,ID Card,7526558,2034-05-01,True
11ac775b-63ec-4376-8320-88f15fe3b5f7,5251,Health Card,1631373,2028-12-07,True
5fc9e6a2-df6a-424b-a5e9-c39da08f394c,5252,ID Card,5882165,2029-12-26,True
cd6d139f-017e-4a41-8cea-aae505879462,5253,Passport,2888665,2029-04-23,True
65adc469-d304-4823-919c-c02b6390ced7,5254,ID Card,8615995,2031-08-15,True
dccb1824-2539-4441-960f-0bbb6af6f99a,5255,ID Card,1292124,2035-08-09,True
b482eb93-f0b8-47df-85ce-5991b0d9e61b,5256,ID Card,8108385,2034-12-23,True
e3f23769-1e09-486e-adab-afe8b63a9169,5257,Health Card,3413448,2033-09-10,True
ca772852-9f18-4e3a-ac1a-80e94486d6b6,5258,Health Card,3793973,2032-11-24,True
a2743bdd-1fb4-45c2-817e-de97a0504630,5259,Passport,4652834,2027-09-26,True
26940639-4c31-4aad-9d63-1f6204dc9fc7,5260,ID Card,2042079,2031-07-08,True
1a602ab3-5b4d-444b-8146-fc6feed382cd,5261,Health Card,5533026,2031-12-24,True
db10721f-f391-4b7f-a5b1-204e0f8e8b5e,5262,ID Card,7925671,2032-12-21,True
fa25a998-569e-4902-acd7-21b8bcdde600,5263,Health Card,7261573,2034-07-16,True
bba027f3-419b-4cd5-b593-f5e55ac1c979,5264,Health Card,9867463,2032-11-16,True
4ceb4d7c-9588-40f1-a20e-7210c3860cb8,5265,Passport,8071497,2027-06-10,True
a111721c-7125-45b9-9a34-bf9f778f8206,5266,Passport,7241994,2031-06-08,True
c361bb05-d94b-4ad5-ae37-cd0eddac5f57,5267,ID Card,3499066,2034-10-25,True
d952b05d-90b8-460b-b773-43c1a65493f4,5268,ID Card,3423743,2030-12-20,True
dbab1800-a1bd-43ff-aeb1-dcb1c6bd4d90,5269,Health Card,6661617,2032-01-02,True
2f308fb1-f89b-49da-b05b-57707bd0fbef,5270,ID Card,5342347,2027-12-10,True
2a20b89a-2bf1-42b3-a469-502f8c13860f,5271,ID Card,4893532,2031-12-01,True
d313dbb2-edaf-4173-bc43-c45375236398,5272,ID Card,9727550,2032-04-28,True
80ae006b-3749-446f-9355-a5397ff5fd47,5273,Passport,7055902,2033-06-26,True
19fe4fac-8639-4d87-bcfe-1b7c9cdd8ea4,5274,ID Card,9637657,2032-09-20,True
b1cbefd0-e091-49e6-b345-042920f440f2,5275,ID Card,4066501,2028-06-19,True
af28d9c6-7228-4647-92e2-bcada663e628,5276,Health Card,8544996,2033-04-02,True
ef4758d4-4b95-4dc0-a2cf-710e0c99a223,5277,Passport,6632369,2035-10-08,True
0ffa3548-7353-4f15-8f15-8af5c3d6e8f3,5278,ID Card,4330582,2031-09-19,True
f65ddee1-df68-4f83-9634-cf15bcd5403c,5279,ID Card,7709843,2027-12-29,True
b1f19dd5-687d-4773-b5fc-fed74a1c5e86,5280,Passport,1727088,2030-12-20,True
5ffe23e5-6395-4664-9666-4870786bac61,5281,Health Card,6595443,2029-07-04,True
5464403d-4ea4-4181-a5df-d12a705d1df7,5282,ID Card,5957938,2030-11-13,True
38834973-b96a-4cc9-94eb-df802c55a4a7,5283,ID Card,6356477,2032-05-10,True
38cfcc63-55bf-4740-a89f-dc5c694d03c9,5284,Health Card,3176353,2035-12-27,True
4f81f6cb-7204-4d2e-b2e2-4ae3ea6ccd91,5285,Health Card,4933499,2035-07-10,True
84a54819-0493-4a89-9df9-76c54188cfbe,5286,ID Card,2094510,2027-07-12,True
c27f9597-16b9-4b86-a246-542349a36cca,5287,Passport,1912100,2029-03-22,True
cba79db0-f861-4bf7-ac06-d47afdc8168b,5288,Passport,1899965,2035-04-13,True
64639760-9b89-4458-9dd6-e2a4166d0bbe,5289,ID Card,9114472,2027-12-23,True
165935d6-8a9a-4cf5-a49f-daef7770d8eb,5290,Passport,7794078,2034-02-23,True
5c0619b9-805e-45a6-bf42-1a5baea0e18c,5291,ID Card,5247505,2033-01-13,True
b1d50151-d24c-4d65-94f9-1975061f1ceb,5292,Passport,6505590,2035-09-18,True
5dbfe601-1249-4b8e-afae-ee76f790b85c,5293,Health Card,8337551,2029-01-11,True
70d2f42c-7821-4686-8431-6caadd15e7ef,5294,ID Card,8557233,2033-04-30,True
5834ee7f-ec1f-4a87-bd2d-63fa17005d48,5295,Passport,7948020,2029-10-07,True
02647355-0523-4acc-8045-0ce6ea2ae7df,5296,ID Card,3057408,2036-01-05,True
7d3f7483-5533-4d90-ae52-1909d6f1b01f,5297,Health Card,4199985,2032-07-10,True
4ce7377c-4ed7-4111-8162-cf72edb57909,5298,ID Card,4371149,2029-05-10,True
eb44f7e2-c390-427d-b995-a13da3815827,5299,ID Card,9446576,2028-12-03,True
0ed6074f-c566-41f7-80ad-c8a32f6f1ffe,5300,Passport,6928338,2027-11-13,True
61437d84-6c6a-4bda-9eb9-19b20b3f7adf,5301,Health Card,5566857,2028-08-26,True
a65949d2-58db-4c06-bb91-a9d6247bbc01,5302,Health Card,8423649,2035-10-07,True
2f242752-7355-4d85-86b9-361d6f6b5cd3,5303,Passport,6523775,2028-08-12,True
5607a834-44fb-4fe1-b7c2-41669b1aa0a8,5304,Passport,2844217,2029-04-04,True
59291a72-e197-4ddc-b3fc-80e169b6eb16,5305,ID Card,8162786,2032-12-19,True
8fb2ae37-3b5f-49c9-b733-1b384369a37b,5306,ID Card,4447770,2028-05-01,True
a8a0887f-fd8a-48f9-a424-dcee4fc96e0d,5307,Health Card,7615505,2030-12-26,True
d6b9423b-8543-47b7-9528-ac47798f2dc2,5308,ID Card,9642188,2029-02-15,True
3a2ca37e-cb33-4fea-89c8-05c39d4f3c31,5309,Passport,6596484,2031-09-04,True
1da7de16-e938-49ef-b84d-084e983d3ac7,5310,Passport,5559387,2033-10-07,True
47606a46-565e-4ea1-91f2-03dd0fff1ffe,5311,Passport,1156151,2030-11-20,True
68bd64d0-b535-44ec-8bad-cd7b2686d6e3,5312,Health Card,3903545,2035-09-13,True
235081e4-de9b-45e2-af52-73411920930f,5313,Passport,9171523,2030-12-02,True
d22a7d3b-773a-4729-9da2-cb399e1f696d,5314,Health Card,6465365,2028-11-03,True
0c0544b9-ba5b-49e8-b18b-fca6375ba5ab,5315,ID Card,9118481,2027-02-08,True
56ae6191-f839-48ce-bbca-304d068bf783,5316,Health Card,9206498,2028-07-07,True
bc5ac09f-90fe-4e1e-8714-12a4925a845b,5317,ID Card,7454696,2030-11-20,True
9fc90437-b898-44db-a368-4f9e98521de5,5318,Health Card,3863383,2028-03-07,True
c5666e97-9459-4ac1-81d7-995aff2cc918,5319,ID Card,9030452,2034-06-28,True
465cc4b0-c8ee-459a-9900-708a4b0e6b1c,5320,Health Card,5632826,2027-11-13,True
2cfc9e28-56b8-4b09-9a64-fd44a5d35928,5321,Passport,4454771,2028-01-17,True
c300cd77-58e7-44bc-a12b-30625f9b12bc,5322,Health Card,8443517,2033-07-05,True
4f68e5e4-131d-4a57-a476-634a30ab14b1,5323,Passport,7112622,2027-02-24,True
7bf9a86a-488e-4f34-a314-8ac38a5f4f56,5324,ID Card,5552968,2036-01-16,True
200ac516-d61f-48fb-aaae-796d670cb6f6,5325,Passport,5940681,2032-10-24,True
87f772ec-7226-41a6-9be6-58b34ea2fad7,5326,Health Card,8510335,2031-06-10,True
8f52b24e-ee10-466a-867e-c8326204595a,5327,ID Card,9107523,2032-05-23,True
5b5cd746-bb78-4b43-9a5e-69be13891472,5328,Passport,5757471,2033-05-10,True
8df232c4-a226-4212-a275-d112bcf66c35,5329,ID Card,6717847,2034-07-13,True
a0a194ef-7fb4-41a1-881d-097eb78aadd4,5330,Passport,3339362,2030-01-26,True
5cb8051e-07ea-47e3-a830-f27f90cff87c,5331,Health Card,3041509,2029-04-15,True
26741814-ec2c-4c4f-baff-f31ab3c80be7,5332,Passport,3413151,2027-11-30,True
fd9a3b76-b1af-495e-a2f5-aacc995b9216,5333,Health Card,3315199,2030-11-06,True
601f3b99-59d4-40f2-bbac-8e6bc3240436,5334,Passport,6789980,2030-12-11,True
234afeda-44c1-4d15-af98-2341dfc5a655,5335,ID Card,5086238,2032-11-02,True
3bb95cea-8cde-4584-b5d8-fa0c7bda57f4,5336,Health Card,6259173,2031-07-07,True
ebdd09ce-eca7-43b6-bd94-677d0171df88,5337,Health Card,1646888,2029-05-04,True
32c326da-12a4-44a0-8325-1804bb0d6b40,5338,Passport,3079108,2030-08-23,True
74494e20-2dea-43d4-9baf-be125ac3a010,5339,Passport,5059756,2035-04-24,True
054d2352-28cf-4d33-a614-99eccb0dcde1,5340,ID Card,1677828,2027-11-13,True
6df67756-b8ac-4b4e-972b-8eee1f33f9ff,5341,Passport,5985567,2035-04-21,True
8e4aba08-14d8-4c05-88dc-7417ecacfec2,5342,ID Card,9314758,2031-06-24,True
bb8003b1-737c-4442-8543-ea5ba6544058,5343,Health Card,6524877,2035-02-19,True
0d737958-23b8-4af1-aa6c-02371916a550,5344,Passport,9058835,2028-07-11,True
10f755a6-bb7c-48df-a5d9-d145b2541820,5345,ID Card,6507459,2027-08-13,True
fb5c87d6-6201-4c9a-bb1d-51ce5320629f,5346,ID Card,9065855,2029-02-11,True
48f7e6a0-51d9-48d4-9266-1e1f301e704d,5347,Passport,4708581,2030-05-22,True
a13b2402-3660-41ef-8c4b-ee42a333e593,5348,Health Card,1566435,2028-08-25,True
37b35862-1668-4279-a759-ee830a12b7f3,5349,Passport,1732967,2030-11-23,True
68faaa70-b96a-406c-902f-fcd661e7d620,5350,Health Card,4319670,2033-11-19,True
d61bf92f-4816-4aa3-8633-b1f4030cbcb1,5351,ID Card,6368413,2032-02-01,True
9cdd3882-20f0-4650-86fe-2734714e5250,5352,ID Card,9735629,2030-04-26,True
9e5e0239-225a-484b-ba8e-fa71afe9eb59,5353,ID Card,5290876,2034-03-18,True
de98c56a-75b5-41dc-9f0d-cea8d37fa998,5354,Health Card,2766816,2030-11-08,True
01f343d2-3d91-46e6-b585-4347f5e2a4d3,5355,Health Card,2191497,2035-06-01,True
fd3ab62c-be92-4ea6-bd69-7e1d3b1ab401,5356,Passport,4645301,2035-11-02,True
001146ae-6690-49b6-ad82-930541045873,5357,Passport,7119480,2033-02-24,True
f3398d1b-1926-4f9b-8bfa-e122d19275b6,5358,ID Card,2318335,2027-03-24,True
c1e47b7a-ebd6-46de-9822-20ca74f93437,5359,Health Card,4595693,2030-12-06,True
4535be58-b6f3-4139-bb3a-de544352bd0b,5360,Health Card,6521057,2030-11-28,True
c242797a-ad24-47a1-89aa-b4f8c072181a,5361,Passport,6186603,2035-10-25,True
363269ad-991e-4572-a807-f024ef4c4054,5362,Health Card,9284131,2032-10-18,True
acf28acd-bf97-4810-b134-4610127f55e2,5363,Passport,7072369,2029-02-02,True
94664539-35d0-4395-aa13-37d02aee2dd6,5364,Health Card,2746329,2033-12-06,True
b0d338e4-93ee-40e4-8fbf-2403a114dfb1,5365,Passport,2670668,2036-01-15,True
4ea663ea-f8d1-421e-8210-7c4817465aa4,5366,Health Card,2248842,2031-07-13,True
89f1c621-eeb7-44ec-b18a-dabcbb9dd80b,5367,Passport,8885282,2030-12-11,True
952a5406-f10a-4f95-9cea-4eff805f039a,5368,Passport,1937939,2030-11-28,True
1b8b3308-01b8-43ab-a427-5207fb39bfa0,5369,Passport,1093800,2034-02-04,True
81c3c231-1382-4712-9e58-51a4bb716745,5370,Passport,5363963,2028-10-21,True
560e611f-683b-415d-82db-3367d9a36e8b,5371,Health Card,6037638,2032-03-01,True
fcb25dd0-411c-4a30-af88-4e8e4ca352e4,5372,Passport,1006396,2029-09-02,True
82f3741d-e7fb-49e9-96a5-6c18f3cdb04d,5373,Passport,7615330,2034-04-20,True
cfdbd7fc-cff7-4617-a19c-15723ad14685,5374,Passport,5308054,2031-08-22,True
872e501c-efaf-4fdf-9d83-474e249b2354,5375,Passport,5886828,2031-04-13,True
22849131-072a-4835-b742-db9d8bfa0c62,5376,Health Card,6257222,2030-03-27,True
b3e982ed-0df6-49e0-b4eb-3a8d8e53e175,5377,Passport,5522530,2033-03-05,True
cdd25dc7-d0c1-4d84-b300-6867bd48c981,5378,Passport,4621215,2029-10-02,True
99486c36-6ee2-41d5-acbc-d1bb77adfeec,5379,ID Card,8874154,2033-07-27,True
d948360b-a4ac-4b2b-9dd4-b0331435ace1,5380,Passport,2731639,2027-02-17,True
9894cc49-2831-496d-9e69-80483e8aea1a,5381,ID Card,3929217,2029-10-07,True
e3028071-fff8-41db-b762-9d1dd5eb2000,5382,Passport,7880939,2028-03-16,True
c6439b27-1dfe-4be8-aac9-580e998aa1d6,5383,Health Card,1196183,2027-11-01,True
e6bc5b53-a6bb-4aab-9682-549100339437,5384,ID Card,3246956,2030-06-25,True
b2d61ba3-6cf5-4747-8770-5112b947723f,5385,Health Card,3972185,2031-09-13,True
96e5b24c-7da4-4b04-b76e-11ca995a703a,5386,ID Card,1068664,2033-06-13,True
148a836d-71db-4731-8b19-4e3246a15fdb,5387,ID Card,7629866,2028-12-24,True
15699884-e937-4fec-8185-1bcf5ba6e26a,5388,Passport,8517865,2033-04-22,True
24eaec03-a3b5-4921-8b40-7c8564967584,5389,ID Card,7618106,2027-12-16,True
2177967e-3fc6-4d95-b13b-0017734505e3,5390,ID Card,3780252,2029-10-24,True
ac261fe1-d95f-4ffa-a92f-fc16a9906928,5391,Health Card,5956735,2030-12-20,True
316fb65e-cb35-4fa9-ab8a-bfea917c1fb8,5392,Health Card,7337350,2033-04-17,True
7cc1dd12-c3e8-4f4e-b909-7fc401e49f55,5393,ID Card,2921068,2028-06-15,True
3c793db3-703a-4fd3-801b-f3b5a3e5d427,5394,Passport,1659546,2031-02-23,True
e698a6d4-b93f-4070-b9b3-8bcda40bcfd7,5395,ID Card,9689998,2032-08-20,True
be34bd0d-4e11-4f70-9bf8-6e9513d7815e,5396,ID Card,3816992,2032-01-26,True
2a60efe8-13a4-4959-9602-6c2a8b78bd31,5397,ID Card,8932493,2032-11-08,True
c30968d2-760c-4033-8bd3-8add13ea1f27,5398,Passport,7620389,2033-11-25,True
7e2bb51d-2d88-4217-8e5d-fa95d8e7e82e,5399,ID Card,4174445,2030-11-11,True
ef69f17a-5131-4408-b29a-830f9afa23c1,5400,Health Card,4244951,2034-08-27,True
d8a4b4da-2b36-4aac-9662-844102241775,5401,Health Card,9313767,2034-05-02,True
ab73b40e-cced-4148-8700-87cfe1d6e856,5402,Passport,7943800,2031-08-16,True
93f46f5a-6b16-43b0-8e32-9df88e5cbedc,5403,Health Card,8448458,2030-10-16,True
863676a7-fad3-4c2b-a78b-6e8edb8b5bd2,5404,Health Card,9566211,2033-06-26,True
2776a20a-aec2-40ce-858d-9ef4dc130787,5405,Health Card,7050536,2027-07-09,True
074d9c52-c8a1-4ac3-a84b-265764de40ad,5406,Health Card,9232480,2032-04-08,True
3fd3cd75-681d-4a3f-a333-47d6d2fddacb,5407,Passport,3433363,2032-07-30,True
85a5da30-1839-460f-8042-11d402511808,5408,Passport,2875852,2034-12-20,True
0d7fa91c-ec34-45b7-bee9-101a6a2d3f81,5409,Passport,6640955,2033-10-20,True
d4ccd757-db16-459f-9dae-91c4694e6625,5410,Passport,9732516,2031-11-08,True
b3cb7bb5-7237-4f55-a4b3-6faf076e7976,5411,Health Card,8092208,2031-04-27,True
65321475-fb11-4434-9f1d-2534b0c0df04,5412,Health Card,5691784,2027-12-10,True
32cfec04-d745-490a-abdf-b53c56746008,5413,Health Card,5149583,2034-06-11,True
5d86168a-7c29-4791-81c5-30b076279e94,5414,ID Card,5021388,2029-04-24,True
e2e11ca8-1f98-4688-9612-2454fbad1390,5415,ID Card,7919429,2031-05-29,True
8c6d5eaf-8ac0-4388-ba80-b71f41f46a87,5416,ID Card,7497434,2027-11-10,True
910c19ad-5530-4bc7-bbef-e9e64d5aa5a4,5417,Passport,4105242,2027-05-01,True
9845319a-7a67-48b4-885e-b3563b6d70e9,5418,ID Card,8190917,2032-05-15,True
ffe5985a-eaa6-44bb-a9d3-58660eb779b4,5419,ID Card,9089885,2035-10-03,True
19c28e58-060f-4e96-9c92-9b3b1d7e2329,5420,ID Card,9498081,2031-03-10,True
bd49e675-5dff-490d-9178-3ca7c7aa8590,5421,Health Card,8193846,2031-01-04,True
9bb7e568-0018-49c5-a66f-4160bbe2d8e3,5422,Passport,3685384,2028-10-30,True
cf726fbe-5c09-47a1-9499-d78716276140,5423,Passport,1594595,2027-11-01,True
b7000e77-7854-4ef3-8fe2-d8c55dacba7a,5424,ID Card,5250278,2030-05-18,True
c1ab74a9-878a-4139-a6d5-8e25dce8f711,5425,ID Card,1754762,2027-08-09,True
94dc42fc-d06c-412b-b3cf-7c6a9d980356,5426,Health Card,4885227,2032-06-07,True
d5900e81-bf67-44de-bfe9-82eab2d3128c,5427,Passport,5682645,2034-03-25,True
4d644415-00be-4078-adc4-59e8bac03f5f,5428,Passport,7447123,2032-10-02,True
4043d2fb-1827-4a2e-b265-c71ad448dd6b,5429,Health Card,4559164,2034-01-11,True
e5dc82af-087e-455f-ad69-7080095cd79c,5430,Passport,4013677,2030-08-01,True
7ae862d5-f714-4820-a4b5-dd692e22c858,5431,Passport,2329322,2035-06-15,True
b6320258-94ee-4a3b-b00e-c15ce6a1ac83,5432,ID Card,1206615,2027-02-05,True
4b51e566-67cf-4354-b815-c6c80bfc9ce3,5433,Health Card,8612099,2028-10-04,True
e76db40e-ec89-420d-8cd7-9140173e81e6,5434,Passport,2130658,2031-08-21,True
f11a586f-9081-48de-b3c1-62b987c779fd,5435,Health Card,4245647,2035-02-15,True
45a02e96-04d6-4817-868a-5acd881a1b95,5436,ID Card,4952617,2031-06-09,True
f3e7c555-ef9a-4c04-8eaf-c7564ba02a4d,5437,Health Card,8617863,2029-06-04,True
878558c6-38fd-45f1-8a72-821debc8d564,5438,ID Card,2257852,2030-04-28,True
48f73ae4-e10a-42ca-aaa3-66936e4b6b10,5439,ID Card,7357993,2032-11-09,True
94df43ed-7298-4207-9eb9-f05e3b2a6903,5440,Passport,4017933,2028-08-07,True
c1db444b-0a5e-4a21-9794-01050562ede8,5441,ID Card,1988741,2035-06-27,True
e8858476-f7f1-4433-a529-82118a6badbe,5442,Passport,7990872,2033-09-17,True
f242c011-be8d-4f11-8f8b-a9385aca0193,5443,Health Card,7653690,2033-02-04,True
5659beb0-702d-4317-a5d7-62687cf5bcef,5444,Health Card,3400248,2034-11-22,True
09abe3d3-27a4-4587-8ba8-f6459b172817,5445,Health Card,1673366,2030-03-07,True
e6abd662-da11-44cb-a9f7-038e61d02f76,5446,Health Card,4218625,2036-01-14,True
b061b505-3152-48b1-bd87-6fd6c1e85df4,5447,ID Card,2460348,2030-08-29,True
5df7def5-f444-43db-8310-5c869aab85a3,5448,Health Card,1857371,2027-02-27,True
2e141198-93cd-461e-90d3-64037bc04b02,5449,Passport,1501493,2034-12-05,True
9d6c6469-f89c-49ff-be47-5e9c25d29fc0,5450,ID Card,4180254,2033-08-14,True
adaa6f52-8221-462a-9f94-ca4a5f237af2,5451,Passport,5537802,2029-02-23,True
9a68d717-db27-451c-82bc-dfd19be7121c,5452,Health Card,4124494,2033-03-25,True
c486e305-bd5e-4905-9db9-85e0709ea84e,5453,ID Card,5289275,2034-10-28,True
f41299c4-71c0-47e4-a756-b391af8bd9af,5454,Health Card,3570841,2032-07-08,True
80394aac-64a9-42d0-a8ff-498f224370f9,5455,Health Card,8091033,2028-03-06,True
9608b3de-19d5-4d13-9b45-d4c20b4d9f58,5456,Passport,6459344,2030-01-11,True
10500574-8600-42fd-97d6-96f6ef4f24f5,5457,ID Card,9583900,2030-01-19,True
954f0528-1c08-4376-a909-b8c1483f86cf,5458,Passport,5803727,2033-07-31,True
6f56616d-ae51-4602-ad7b-f52f4f1114b5,5459,Health Card,2536554,2035-09-29,True
fad1e9d0-7925-4617-a97e-13a4df013925,5460,Health Card,8297536,2029-04-01,True
70414b0d-b2ea-4280-b30d-eeabaf76a5c1,5461,Health Card,1067909,2035-11-18,True
97491053-37d0-473d-ae1a-ffac85725c0d,5462,ID Card,9521147,2031-09-14,True
8c5cce33-4523-49c8-942f-2ed22479eec0,5463,Health Card,6318358,2032-03-29,True
5739dd6b-28ea-4fa7-a382-6a19fa311f1d,5464,Passport,2025323,2032-05-05,True
3465001d-32f3-4924-b6d6-77695f8a2197,5465,ID Card,2162594,2032-11-21,True
0788d475-c6cb-4c75-b8c2-591cbb006aba,5466,Passport,1818106,2033-09-19,True
2c338f59-368f-442d-96a0-0f6eb4b44577,5467,ID Card,9779397,2030-01-01,True
a06e2687-cfb0-4e92-b26f-a1ecfce0ad47,5468,Health Card,3653352,2034-08-21,True
71169924-b26f-44e4-aca1-babb8d24d693,5469,Passport,7255209,2034-06-07,True
152c7cac-cbfc-4760-bfbf-f9c1f9febd92,5470,ID Card,3032554,2030-01-14,True
3483d236-1a5b-437f-addc-a263f43259eb,5471,Passport,2606661,2034-04-11,True
80bddf43-cf5f-40ca-bc8f-2b4011573261,5472,Passport,7094495,2029-02-28,True
73bf9c4b-4da3-4f1e-a261-e23f87d8dbfe,5473,Health Card,2936788,2033-04-11,True
587252e8-b92d-4b24-8132-9b3170ec03e6,5474,ID Card,3940870,2028-01-03,True
706b9310-caee-4413-bd8e-6726530ddd2c,5475,Health Card,4318871,2031-11-08,True
b2fc8acf-df75-411b-8625-9f7df8cc167a,5476,ID Card,2751229,2028-11-08,True
0cc0d264-9bd7-4529-8131-0a609b1410b9,5477,Passport,5268420,2028-12-25,True
241425fd-3f9b-4414-a035-1504f6c2bfef,5478,ID Card,2849560,2032-04-18,True
81fd313e-7c1b-4476-981e-2e0cd724a234,5479,Health Card,1723432,2030-07-12,True
75196a2e-2dee-4ad6-856c-f9a79269df30,5480,Passport,6136106,2032-09-06,True
30ee1ef3-f591-4cee-8ac7-cad74443dd3f,5481,Health Card,8355609,2033-03-25,True
85829461-46aa-4400-83bb-d73f43dbdeec,5482,Health Card,8987025,2035-09-08,True
f104047b-9370-4d45-a41b-7f878183a497,5483,Passport,6426726,2029-07-11,True
143f495b-2b14-424a-8eb0-dbc4eec8e6b0,5484,ID Card,2180957,2035-12-03,True
6e5422cd-9a0a-4313-aafb-c0a669087cf4,5485,ID Card,3113313,2028-11-21,True
b91a88de-0ed8-4fb4-bf00-7d10e1768603,5486,Health Card,5539786,2027-06-02,True
fd345802-d994-4d3e-aa3b-4be7af644eef,5487,Health Card,9324082,2035-01-21,True
edfbe50e-d609-4008-be7e-4aab33715521,5488,ID Card,7102087,2033-09-20,True
b194bdbb-8a28-4f51-aaf2-b509612f345f,5489,Passport,6562377,2028-12-25,True
11ec5542-e1c1-4347-a70c-a1fe259f09bb,5490,Passport,3338955,2034-06-29,True
22275d8a-3db1-4214-8a18-d559375e5009,5491,Passport,6770154,2027-08-10,True
aa8467f9-9800-49a6-844e-d71be7bccefc,5492,Passport,3367297,2029-12-13,True
56d33541-561a-49be-ae29-38695b6084c9,5493,Passport,5024380,2027-02-17,True
02d5bcce-54d0-421e-a9aa-dbb89a33a133,5494,Health Card,1024850,2034-12-08,True
d18b247f-250e-42a3-b4be-d03275b260e6,5495,Health Card,2871195,2035-10-14,True
7c024e51-9fa5-491c-b290-6c834ae72a88,5496,ID Card,3324268,2035-11-18,True
710ce50d-a122-41d2-b8c2-e3173e86ef4e,5497,Passport,1535152,2035-12-22,True
6a76d342-57a9-4d00-ad28-d977089a54cb,5498,Passport,7893468,2035-03-13,True
c393237f-c0df-42b7-88dd-87b5d53019c1,5499,Passport,8357297,2027-12-12,True
4bf1f2ba-c1b3-4dc7-a5ce-7da3817969f8,5500,Passport,1952076,2027-11-09,True
ae2de4d7-a697-4b63-8b63-ef84fac206e9,5501,ID Card,3448090,2034-11-02,True
a1e0e34d-528a-4738-b5ad-099d745a1c15,5502,ID Card,1018187,2029-06-02,True
bad95519-b872-4e41-bc7d-48d165f07008,5503,ID Card,9997025,2034-08-06,True
1ddc905e-a8e4-43a9-a188-a9a589efd643,5504,ID Card,9858597,2028-08-30,True
0f048183-ee7d-483d-be3b-d71b5818e074,5505,Health Card,8322681,2033-03-22,True
40e6613a-21de-43cb-b6fe-e84463b24fe1,5506,Health Card,7006219,2030-05-04,True
f81f4f5c-134b-4d27-af1c-c9b6c1cfbf2a,5507,Health Card,1487058,2031-11-12,True
fc1735b7-969f-4ac8-ad83-1e4449e73541,5508,ID Card,2027824,2035-11-30,True
72e15170-ca2c-4fb5-8ba2-8dfe08294aa3,5509,ID Card,6770233,2029-07-26,True
d42b5b38-6824-467a-a89c-ed6667090687,5510,Passport,6654015,2027-10-09,True
a9218883-c2cb-43fa-a794-fe1bde4e0db2,5511,Health Card,1862763,2028-01-27,True
61c7f7ae-9fb3-4e84-a469-b6ff8e4d8de1,5512,Passport,7425143,2029-07-10,True
79481c24-f316-4335-bebe-09e3d24d0487,5513,Passport,6962527,2027-02-11,True
0eb65c59-af69-4e91-aced-febb81432068,5514,ID Card,4449213,2032-04-03,True
c796561c-501a-4929-8573-319fccfadbc3,5515,ID Card,6647856,2031-08-13,True
c5c4afe4-0077-4d08-9787-8ca9fb57bf2c,5516,ID Card,7324472,2033-11-25,True
9ed9cfea-de49-434c-a1f2-ea00144fba1b,5517,ID Card,8770965,2031-08-11,True
49ea93c3-4866-4ff2-9188-4e02b2c96b5c,5518,ID Card,6823597,2031-01-25,True
ba9e459e-5e4e-45e9-a0bb-179e069fbfbf,5519,Passport,3817984,2031-11-22,True
44f357b2-a44e-4c4f-80be-dc6c47c9efbb,5520,Health Card,3418153,2029-08-04,True
b000e731-5ad9-4b37-904b-32965597034b,5521,ID Card,4504268,2035-08-09,True
cae5578c-e69b-4473-8366-35721f0db7bb,5522,ID Card,7802356,2033-12-08,True
b515e59a-a3ec-43f5-9457-22d278b3f5e8,5523,Passport,2017392,2031-02-09,True
4df4ffa9-1852-4dbf-bf2b-39a716c8e365,5524,Health Card,6841862,2035-12-17,True
4538405c-bc57-40fb-895a-66aa065f29d4,5525,ID Card,8305134,2030-05-23,True
5bae87aa-e237-4d79-a3cb-b0c876abdf47,5526,Passport,4532211,2031-11-23,True
00070a61-de65-4e47-a8af-3f036a9a06c5,5527,Health Card,7872941,2033-09-27,True
bd11d00e-254e-438e-a182-430d75d5a48b,5528,Health Card,8418837,2034-09-30,True
c2579cd9-d081-499b-b7a4-b21dc4bddc8b,5529,ID Card,8392922,2027-07-14,True
3fde73ad-bcf2-4b07-9d71-38065ad5f4c0,5530,Health Card,4569499,2035-05-03,True
feab012a-07f4-4c0a-8e24-a248bff7335d,5531,Passport,8945162,2035-08-01,True
7e1e4081-f308-467b-9dc7-543f34b224e1,5532,Passport,1792042,2031-06-09,True
266dcfb3-d892-4502-8e82-6dfd3e997ad4,5533,Passport,5668896,2032-05-29,True
c48fb0e5-53cf-4645-9daf-8f79e26c8aa7,5534,ID Card,4385441,2029-01-12,True
7c64ae7b-259c-4469-8b0d-ff14645688a0,5535,Passport,2248913,2034-03-11,True
dbbbb93e-f8e1-48a6-b5df-ae5773317889,5536,ID Card,5947822,2028-10-14,True
798cd06b-37c9-420c-9cc5-dfcc94f93cfe,5537,ID Card,5023002,2035-08-30,True
6dc8e274-29a2-49ea-a672-128a94829e16,5538,Passport,9688468,2028-02-08,True
fa719760-3b5c-4833-ab36-080a953671ea,5539,ID Card,9622414,2031-07-03,True
529e2df6-ba8b-4882-9e9b-aa991f0974d7,5540,Health Card,4802805,2032-12-24,True
44adfcd0-ad19-416d-a786-7f61db889c3a,5541,ID Card,7351206,2029-03-31,True
0a45aef6-6f40-4a17-8052-90f3d64a049a,5542,Passport,8887116,2027-07-05,True
b15a061b-fd38-4536-bcb3-4146e5e7eee0,5543,ID Card,3848771,2029-02-01,True
d191dee1-e75a-4838-a5e2-8f0c148ae016,5544,ID Card,6947860,2031-01-21,True
b0c7a2d1-b6a2-4df0-9a5b-e013b19706c8,5545,Passport,8325449,2031-08-30,True
68d69bc0-71e0-44b1-9ff4-39b15d22e55b,5546,ID Card,6815603,2030-01-25,True
811564d5-0eaf-472a-b091-48e17b1c018a,5547,Passport,9635160,2031-11-28,True
f8cd863c-cdee-42e5-ab67-5028e74d7739,5548,ID Card,5904631,2028-04-23,True
581b75a7-b85b-4d6f-8f5d-afaebb9d5850,5549,ID Card,4695362,2028-07-11,True
57dd8bb0-0667-4da6-ae93-98dae7f6b087,5550,ID Card,2090571,2032-06-12,True
2381181c-fe41-45db-b156-7eea6429e318,5551,ID Card,3950383,2027-08-24,True
0f7b6339-32de-4c66-a167-f46f60f171bf,5552,ID Card,5501075,2030-11-25,True
aaa06c01-9678-4e8e-8a60-bd7cc812dc03,5553,ID Card,2687835,2027-03-06,True
baedd1ea-6c46-4868-b53d-d9ab6d99c5dc,5554,Passport,2933253,2027-01-26,True
a8c6b40d-76fc-40be-b734-eda4e2681a0c,5555,Health Card,7964271,2031-06-29,True
ebb9a2db-6751-4f33-a008-0a6ebcb9d93f,5556,ID Card,9318561,2033-09-13,True
4940e57a-cf14-4537-a2c3-d947aea580b2,5557,Health Card,9423741,2033-02-01,True
216e35de-ddeb-4c26-9eb7-9b2c45b7564b,5558,Health Card,4043709,2030-06-02,True
25badb5d-8bbd-4bda-95d3-63e90bf4d785,5559,Passport,6818468,2034-08-05,True
9e2c87c2-dbc2-4e2f-a21d-a357ff8114b9,5560,ID Card,9185848,2035-03-22,True
6e4d1ae1-fe82-4202-a8f8-b8835c7d8737,5561,ID Card,2033594,2033-11-18,True
f8ae1853-0ee7-4606-af25-8178321384cf,5562,Health Card,5013730,2035-05-27,True
6012783d-a266-4756-9333-86ba115ad523,5563,ID Card,2092004,2033-12-19,True
8b295c03-e976-4795-af30-d8be765ea06f,5564,Passport,3200208,2031-04-04,True
0310a6d8-244d-4993-a230-f88b9f12984c,5565,Passport,1832351,2032-08-21,True
319c9458-3049-4402-8896-d1d27d495e29,5566,Health Card,5286176,2034-01-28,True
daa49b65-ed58-45b4-aa15-2307df59d3d9,5567,Passport,8342254,2033-08-13,True
9c5a5290-24af-4e20-90ed-6dc1e9f492f7,5568,Health Card,1427757,2028-11-15,True
cc51f0df-5492-4787-b34a-bc0996481d4a,5569,Health Card,3892116,2027-04-25,True
0a4eac36-31b0-4e38-8bcf-ad2660751504,5570,Passport,9404088,2031-09-16,True
d268a9ab-2f7d-42ca-a4fe-087c5f582210,5571,Health Card,7043410,2032-06-15,True
e4203a53-33f9-48c6-acbe-b1ae13875128,5572,ID Card,6137481,2029-04-05,True
8c63fe63-cbaa-44d3-979f-bf4a3c345bbf,5573,Passport,6356123,2035-07-11,True
0f13e703-7d3f-42cf-a1dd-d100929ae2bd,5574,ID Card,1690523,2027-04-28,True
deb8b290-895f-49e0-8016-90fe2716e8e5,5575,ID Card,4213361,2027-05-20,True
02d7f9dc-f9c4-4195-a995-bd0239fdad30,5576,Passport,7137339,2032-07-09,True
37b59871-830b-4c7e-a207-eaa2f88a649e,5577,Health Card,8175990,2032-11-23,True
b679b13f-f0de-4794-bf2d-d7752a7edeab,5578,ID Card,3406319,2031-02-17,True
b8035e44-b29f-4f20-a5c8-b4540aee7b31,5579,ID Card,1244254,2035-01-15,True
340c8a8c-6763-4127-a4d4-673983405665,5580,ID Card,6542077,2035-10-25,True
d2068f61-4d96-4533-8363-6198d4667e76,5581,ID Card,2821310,2033-07-06,True
ebd3fc4b-acb5-49ac-be12-6f1278b53304,5582,ID Card,4778905,2031-05-21,True
b7b7c4bf-9f9b-43fc-ace8-b62aa42769a5,5583,Health Card,2006735,2028-05-03,True
09245f7c-8fa4-4bc2-8259-7b8c5559fa09,5584,Passport,5225633,2028-07-13,True
4338b33c-81c4-4e2f-b2cd-f890071f8f4d,5585,ID Card,9430073,2032-05-09,True
5ed12798-608a-44ee-afe7-4a272f2a12c6,5586,Health Card,6333817,2035-08-20,True
98cdbce1-cca6-4a54-8c0e-f8d1c33315b6,5587,Health Card,5305278,2031-05-17,True
63abc59d-68aa-43a9-87d2-e75d2c9ae93a,5588,Health Card,4411207,2032-08-26,True
ecefd350-9e56-4687-8610-483f6020f0d6,5589,ID Card,2051172,2029-12-01,True
1e885bb4-fed8-4c2c-8558-d6309cbd21a3,5590,ID Card,1284017,2031-01-07,True
9d5acb41-6dde-469c-bb06-b06dd7326c11,5591,ID Card,9339745,2033-11-21,True
09c4882a-fe45-4a9a-9e4f-a196cc627e3c,5592,Passport,7452942,2031-02-22,True
30f85873-727f-4a51-a291-ee259baa8c91,5593,ID Card,2275529,2029-02-02,True
64f4b4af-348f-4a1a-82e5-16bd969cf036,5594,Health Card,4203954,2028-02-05,True
e67cfa52-971e-4c64-845f-d2b3fc3657b5,5595,Passport,1505176,2030-05-06,True
93a49c76-7fed-469b-ad66-36bb0aa6b8fd,5596,Health Card,3417590,2027-09-14,True
8c261453-3c80-4aa6-a7a4-b5881aac0064,5597,Passport,8411394,2029-03-06,True
b32a1d06-1208-4ff3-92a5-69777911edb4,5598,ID Card,6432538,2035-12-26,True
577867e9-c146-4686-a6df-01573f6f3764,5599,Passport,4482604,2031-10-08,True
4c168f99-1677-4101-adfe-6c24a6672d06,5600,Passport,3741680,2034-06-03,True
f7c936db-a54f-4ced-90c2-8e1c18d8f51b,5601,ID Card,6028997,2028-05-10,True
07b48e12-45a2-4b2a-868d-169b597afac0,5602,Health Card,9017687,2030-09-18,True
e6bf16f1-2787-4d7f-bd78-b1ef9f1a1a85,5603,Passport,9238651,2034-06-07,True
af17c715-3814-4916-aa1c-f524a3540886,5604,Health Card,5135970,2027-06-14,True
fb1cd5b0-7529-42e9-bf06-ca4f233c7348,5605,Health Card,5421637,2035-11-28,True
9294ac6a-8879-44ed-945b-b847a3033925,5606,Passport,3856546,2028-06-19,True
2e486b80-f3f8-4cd1-ada5-31f45b2bd300,5607,Health Card,1072664,2032-05-20,True
4bbb61e9-5dfc-493f-ab0a-a50e9f2028c3,5608,Health Card,4716058,2032-05-05,True
68ece15f-383f-40a0-9ad6-7240a29d938a,5609,Health Card,1766887,2032-06-23,True
8aa2cf43-0153-4f62-8aad-5b10e40fd550,5610,Passport,3789367,2032-03-05,True
422187a8-5ab0-4bac-9702-3e911cefb742,5611,Passport,1398153,2027-05-17,True
2553a91b-4625-4788-865c-5d7c0859c99c,5612,ID Card,6044324,2028-07-14,True
dd53a98c-1dc4-4fbb-a71e-dbb0d4cc6511,5613,ID Card,7800724,2028-08-23,True
749e739d-5ea8-4032-b16f-77befdf62af4,5614,Passport,2005122,2031-11-19,True
870e9585-8684-4283-9220-f6f389bf3649,5615,Health Card,5287148,2027-02-25,True
b25808ce-dea3-4ee7-81ea-da21e1ed4d5e,5616,Passport,2368961,2030-12-11,True
41fa2a9c-b66f-46bb-9b89-aa3dcaed11e7,5617,Health Card,5421382,2034-11-24,True
8bfc6a4a-446b-4d31-b7d9-d00b2e33137f,5618,Health Card,2202182,2031-06-20,True
0ce2835f-df38-421b-88a6-426a7ab00217,5619,Health Card,3437612,2032-07-01,True
3d62b564-26b2-46b2-a700-41d737322df8,5620,Passport,3312982,2030-07-06,True
d17d6196-a8c9-4045-a276-e3114309d195,5621,Passport,1892674,2035-08-25,True
3d256e2d-c9c7-4172-8767-acdb2178dcbb,5622,Health Card,2753597,2030-06-23,True
aec60df2-398f-4302-819c-f131299ab975,5623,Health Card,3105424,2031-12-30,True
04c46ae8-616f-46b4-b467-a90eeb939ba2,5624,ID Card,3673889,2027-08-04,True
bcc8394f-9017-4e7e-8842-83cd9036639b,5625,ID Card,3791913,2029-03-19,True
19d93436-57ed-42c0-a47d-cb6a5575fe04,5626,Health Card,6032081,2031-03-16,True
4193f6e2-fc4e-40ba-ab74-fa807864f78c,5627,ID Card,1458267,2031-09-28,True
83266e10-54bf-4f59-a42a-2fe00e9e3883,5628,ID Card,3120242,2034-02-16,True
4bdcae2f-a449-4c58-8684-9fb387445314,5629,Passport,5206665,2029-03-24,True
93819fd7-e9bd-465e-b9b4-834747a08ca1,5630,Passport,5737743,2033-08-19,True
364e1165-c18c-4a03-9a1a-6a1ca863bbda,5631,Health Card,6661509,2028-11-19,True
cabd7a3f-f465-4f5b-8649-39632a5d65d7,5632,ID Card,7379119,2033-08-07,True
23da2aa0-9d0e-4d31-a4cc-a0a08fde8cdb,5633,ID Card,1823425,2032-03-20,True
89f93755-8f16-4ed0-96d2-66a4437730b4,5634,ID Card,3093983,2034-06-30,True
5229abb3-a947-408c-9e52-1664f6c50800,5635,Passport,3132229,2028-10-17,True
da908a07-260f-4cd0-ac38-a338f2596c2d,5636,ID Card,4429862,2035-03-05,True
169621f2-82f5-416e-a9f5-a4e35c529146,5637,ID Card,1267963,2030-02-12,True
710207e1-b06c-40bb-98ee-025dc0d7704d,5638,Passport,9893980,2033-12-13,True
99282e7d-cd48-4978-ad28-a2c7db6a8476,5639,ID Card,6682402,2034-01-22,True
f077e9ac-a887-40b0-8094-d65e5df0adce,5640,ID Card,3097627,2030-01-31,True
fe52a3bc-56f9-41f3-b532-76da2356ebdc,5641,Passport,3142401,2033-03-24,True
b60cc5a4-49d8-4ede-9430-317b8cd37969,5642,Health Card,6839397,2034-07-16,True
02d96869-3495-48cb-8d99-97b06429585d,5643,Health Card,7768246,2034-02-05,True
ceb54077-dfa1-4fcb-9f2e-922b98e83eb1,5644,Passport,5296310,2029-04-23,True
057afa54-1f2c-4871-85a3-d2f8bdfa4c45,5645,ID Card,2411285,2029-03-07,True
c04605ce-9a3d-4b50-ad02-2212ff06761c,5646,Health Card,2884862,2029-05-05,True
64dd8df7-62b9-4936-bf69-7ad4c36794a5,5647,ID Card,8485011,2035-11-15,True
eaf5cd69-236b-4c3d-968f-8dcf3a979b34,5648,Passport,3620277,2029-09-17,True
a1e2ce17-b762-4621-a12b-5edcb1887540,5649,Passport,2856996,2028-03-01,True
ff2c95b5-e5fe-4c59-93c1-bc479ee9481c,5650,ID Card,8497020,2031-05-18,True
d873cb66-0044-4c3f-925c-06f385036f27,5651,ID Card,2923476,2032-12-17,True
0a9f8cf6-651e-4fe1-91c1-d7723fee3770,5652,Passport,4801394,2033-01-11,True
b28e9dd8-5ea8-48d9-b981-34748dfca100,5653,Health Card,7703890,2032-10-02,True
052d28ce-dfcc-4579-af78-612b58684a05,5654,Health Card,1117545,2035-09-06,True
8dc6f119-f94c-48ca-b896-0c9fa9de851c,5655,Health Card,4740384,2035-07-15,True
d0073734-0e7e-403b-9911-1080dad4f8a3,5656,Passport,6600133,2028-05-21,True
44ea6e31-94ee-4708-90af-d25398221882,5657,Passport,5279892,2030-09-25,True
0ff0271e-dfdc-4e36-a7ae-59ed7d1ce6f5,5658,ID Card,2922913,2033-09-11,True
30005061-f249-4e6f-952f-e05e2a7b1e52,5659,Passport,6384782,2031-11-26,True
0289ca50-fafc-458f-851c-7146782b59c5,5660,Health Card,6122851,2035-02-06,True
09418436-d823-4a4b-bff9-05b56cd414ea,5661,Health Card,1035757,2030-12-18,True
6e91ff97-7d05-4ea8-b4ec-999c1fc833d8,5662,ID Card,5552295,2031-10-22,True
912925f3-cd3c-4e45-bd2a-343f91132bc9,5663,ID Card,8023087,2030-01-23,True
b6849d28-f154-4136-805c-fcdc544b170e,5664,ID Card,5145359,2035-10-11,True
3118cd21-1e90-4dc4-8f1b-f5e2e1aafb20,5665,Passport,3373488,2031-07-17,True
185314f5-dae7-474c-959b-a26ff506b1ff,5666,Passport,4434309,2031-09-12,True
acd32396-82e9-42fa-983a-2d0a33cc1fbf,5667,Health Card,6103478,2035-03-11,True
d3799b74-da03-4e65-a8eb-e0fee99d40a2,5668,Passport,1197572,2028-09-11,True
f23f038c-8770-4fcf-a8bc-33f4ce45c7ad,5669,ID Card,6176538,2030-07-01,True
a892887f-9a7b-411b-b104-5979c24220e6,5670,Passport,5566219,2027-12-07,True
28b0f0d6-fcaf-42c7-ab42-7d063fb2da97,5671,Passport,8667495,2033-08-15,True
2529e5eb-87d4-47ab-92ad-397d4a232271,5672,Health Card,4311030,2034-10-09,True
2a855a7c-5ac2-4c45-a782-f3df110549ea,5673,ID Card,4430595,2033-07-05,True
7847aba0-edab-48f2-8990-854394406102,5674,ID Card,6495182,2033-12-26,True
68ae3c6a-aca8-4c37-b07b-a8f37e41262c,5675,ID Card,4169742,2035-10-25,True
8ada8b6e-c2d4-4bf5-b2ec-e3794c0ac1b7,5676,ID Card,3717009,2030-06-24,True
fb7047dc-f156-4701-958e-cfb15a68f21e,5677,Passport,9940413,2028-02-25,True
21293df6-def7-4806-8cce-48fcda0352b1,5678,ID Card,1539075,2035-10-09,True
e7bfb0ae-d5d5-4406-bdbd-780823532777,5679,Health Card,7603430,2030-02-22,True
9319ccd4-ee91-4e38-bef6-5fa27f376f43,5680,Health Card,2361186,2036-01-22,True
483c5c10-4fab-43c3-bba1-4c308f4941ea,5681,Passport,9058295,2028-03-06,True
07a06388-6c33-4b22-83fe-8012aa6ce452,5682,Passport,2323922,2030-04-26,True
545e71a7-4f9b-401e-9a61-12838916424b,5683,ID Card,9254859,2028-07-15,True
579f74fb-7507-4288-9b2c-6cbd49b087c9,5684,ID Card,2680301,2029-01-14,True
55a1cb7c-c590-4ac5-9e67-c9754b87fd49,5685,Passport,1334218,2033-02-13,True
742cfa39-3fee-4466-93fb-d794f69790b4,5686,ID Card,7513636,2027-10-28,True
44153524-c9f3-452d-8fea-dab50185569b,5687,Passport,5716931,2031-01-09,True
e70dd6cd-bd55-4443-bf47-262b59e42965,5688,Health Card,6229896,2029-11-02,True
9f9bd3b4-dc19-4592-b898-23a05f604825,5689,ID Card,6568729,2030-09-12,True
173955f3-1c16-4232-a60b-d16bad0c37f6,5690,Passport,7932106,2031-07-15,True
60227dd7-6eb7-4c16-884a-e7ca2f663429,5691,Health Card,1006316,2031-12-22,True
abe41657-7846-472a-9836-dfd1a59157c8,5692,Passport,5642258,2029-09-29,True
cebe2a9c-3b10-4773-8e14-d6bb223318fa,5693,Passport,5377370,2030-11-24,True
7836fc4b-d0a5-49ee-97ae-b87e6aad98b4,5694,Health Card,5386895,2032-02-24,True
90827b36-ab39-4f93-b7b8-0239ff751f61,5695,Passport,6686098,2035-03-22,True
212728e1-fc9c-4472-a708-7954e2f618d7,5696,ID Card,7737525,2031-11-08,True
3b674495-ec3d-4439-ac87-286003f57d6d,5697,ID Card,8131921,2031-11-06,True
441783e9-c8a0-42a9-8df2-134ed6802f18,5698,Health Card,2803421,2030-11-01,True
06af1ba8-5457-4f39-9e35-8ae15f7f9aba,5699,ID Card,5247474,2027-09-21,True
de651512-b445-4861-ab4d-ac69bcab4d46,5700,Passport,3660449,2034-12-23,True
634141a5-910f-419e-964c-ca22bbccfa13,5701,Health Card,5046442,2032-03-14,True
94f90fce-1e18-49cf-9536-e4b4b43787bd,5702,ID Card,2853671,2032-01-28,True
f97e8de1-39e0-4c84-972d-05f75a7e433e,5703,ID Card,3857496,2032-03-01,True
7aa67bfa-4b56-41a7-a787-8a716ff5d449,5704,ID Card,4756995,2035-04-26,True
3cfc6a34-dfe2-4432-8d0d-386712564b9d,5705,Health Card,2377723,2034-02-10,True
a8f216bd-9036-4e35-8ef0-2eacfae7041b,5706,Health Card,2451863,2028-06-10,True
abdfac3e-0696-424c-a294-5a392ff54e8e,5707,Health Card,3085685,2032-10-25,True
02de6b7a-cdef-44dd-9ceb-8447545c80d1,5708,Passport,6583417,2031-05-29,True
191054ca-dc06-4efc-b1fc-2c2700a2e65a,5709,Passport,6080677,2027-09-25,True
94b24394-d55a-446b-b79a-273e6fb57fdc,5710,Passport,3307309,2031-10-21,True
64a8720b-9cef-43a7-8115-a75a5d95a089,5711,Health Card,8374665,2034-04-10,True
baefdd90-6e71-4a20-a79d-5688c0823779,5712,Passport,5715473,2028-02-02,True
86cce6e4-11db-477b-b60e-97b9c36d374e,5713,ID Card,6172733,2035-12-14,True
ae34cdc9-545e-4bc5-887c-e9dad887dd8c,5714,Passport,7514074,2032-02-03,True
6369c080-a8de-414e-b0ec-53b029a60b93,5715,ID Card,3048292,2029-11-25,True
81e5e253-aa2e-4cd6-af98-d78381d46ede,5716,Health Card,3306942,2032-06-03,True
22c98394-f595-40d6-8d72-082d0728ff96,5717,ID Card,8600716,2028-06-07,True
785910bd-38c0-4313-b45e-e8031633deac,5718,Health Card,6740161,2031-12-29,True
363ad1c1-2f29-48d2-9cb9-4273b09181dd,5719,Health Card,1852982,2029-06-30,True
2552560e-f97b-4765-b4e5-8f05985024f8,5720,ID Card,3746720,2035-09-04,True
a8b69cff-0a1f-43ad-965b-c413daf8958b,5721,ID Card,7990678,2031-02-04,True
cd242afe-8193-40b8-a660-1017d0f0ba25,5722,ID Card,4597743,2033-05-12,True
1e899255-eb5f-4dc8-8691-3c8cdb93dbfc,5723,ID Card,5296269,2033-01-23,True
37a74d6a-2ab9-40bf-a2f7-2869444509e6,5724,Health Card,3393556,2027-08-30,True
bfb6bc26-cf4c-479b-b06b-449a36512d06,5725,ID Card,8058956,2030-11-20,True
a5240db2-906c-41a3-92bf-99e5b0c98148,5726,ID Card,1978465,2031-08-12,True
02bba5fd-eb5b-4da1-9624-946bfeace0f5,5727,ID Card,9946938,2028-09-15,True
00e504b8-3468-40bd-b317-ada1f61fbb54,5728,Health Card,5792729,2030-08-01,True
6ca42c67-59f1-4f7d-9f60-77688b7cfc71,5729,ID Card,5974792,2030-11-09,True
8721fba6-3739-4d84-b7c8-67689aee8f9f,5730,ID Card,9642731,2034-03-07,True
6c124145-0cd0-4d3d-b8d0-ea60165c977b,5731,ID Card,3468721,2034-04-20,True
a5a5c0bb-96fd-4fb8-b7e7-5539a9759be8,5732,Passport,6640708,2035-07-16,True
022b8fac-95f3-42d7-ae5c-9b8a6cf22b18,5733,ID Card,7331818,2029-12-01,True
0eb3d2ed-03e0-4611-9ff7-b08eb2f5c00b,5734,Health Card,3783127,2029-12-01,True
0af3fccb-f605-42a1-b9b8-4244171ab5f7,5735,ID Card,9338493,2035-01-06,True
b0b35164-2959-4971-8397-ab41f4594042,5736,ID Card,3019481,2033-04-16,True
d36f7e42-206f-4645-9399-b54e07c1273b,5737,ID Card,2691357,2033-09-12,True
1c61a938-ce8c-40a9-a935-9eb2cef4ef0f,5738,Passport,7721634,2033-10-18,True
6b0301e6-5ddb-480a-820a-82ff08e7c9b6,5739,ID Card,1661304,2028-05-28,True
5c0492ef-bb15-4ee8-b365-d2407b4cf49f,5740,ID Card,4173419,2027-12-10,True
3c1849e7-bbba-4648-a2b4-9373cc6a346c,5741,ID Card,8214632,2034-08-13,True
4073532a-d01d-42e3-baf0-92c3482dbcd5,5742,Health Card,5690733,2027-06-05,True
fbb8827e-37e5-4aef-a878-553b00deb680,5743,ID Card,6741444,2027-08-11,True
5a11e2cf-6167-4af0-bae3-2f9e717c7c30,5744,ID Card,9871943,2030-09-26,True
cba766cd-5bf8-4fae-9c54-77e6e851bf67,5745,Passport,6319778,2035-09-03,True
f21b70ed-2483-4dcd-866e-8ca290357189,5746,Passport,2593369,2029-09-21,True
715caf90-76be-496b-b4c1-d4702bd36a6f,5747,Health Card,5152949,2035-05-08,True
4a7355c9-3ef1-4e85-a8fa-71d387b4b046,5748,Health Card,5548053,2033-05-24,True
a09746b9-a269-41c1-837c-25931edb546a,5749,ID Card,9789557,2030-12-22,True
f997b20b-b9db-42ec-95a2-b782a3b214e6,5750,Health Card,4301693,2034-01-11,True
94ca0f9a-463e-4160-a363-0c7ffd5b0600,5751,Passport,9720429,2032-04-04,True
aefe7e48-07f2-4c1c-8dba-3238f9f0264e,5752,Passport,5358391,2033-06-20,True
6e23cbab-8cf0-48d4-8a2b-9a6532a1e454,5753,Passport,2483382,2028-05-08,True
2f6c9155-4f21-4ab9-b2ca-01f7f1b592a3,5754,Passport,7367836,2028-06-12,True
f7ca02d1-d578-4ddc-9231-0f9309045db9,5755,Passport,5864851,2029-01-02,True
5cfe7d44-05ba-4baa-b0af-c7894fc2b9e1,5756,Passport,3661565,2029-07-19,True
16ab914e-a96a-41f4-9e6e-6bf58f1807d4,5757,Health Card,3906338,2028-12-23,True
e60a9b34-d1a7-4558-bc39-3509d009e596,5758,Passport,5800488,2030-01-28,True
2bb3ec37-abcb-40eb-a6e5-880ce0568c72,5759,Passport,7240403,2031-09-26,True
d7429633-5a16-403b-bca9-f5781cc3efdb,5760,ID Card,6647482,2030-02-15,True
9a6bc46c-8283-476a-a8d9-d6e37dca4715,5761,Passport,1295539,2031-04-07,True
c36fe9b6-d091-4133-86dd-74cf7e905b79,5762,Passport,7784487,2034-01-21,True
18ddc80a-327c-48ff-acae-725f26e30e55,5763,ID Card,7575425,2028-12-17,True
ad241ea0-9a34-43a9-a4de-34789a0421c6,5764,Passport,4862273,2034-11-16,True
741a845d-3277-4ea2-ad74-8e22b32568ac,5765,Passport,4748446,2031-05-03,True
1297cc3d-8a37-49bf-8d9c-58ec382761d8,5766,ID Card,9083633,2034-08-14,True
43350409-2674-487c-abd5-9a39777bbf29,5767,ID Card,1072383,2034-11-25,True
422c90cc-0a80-4e3b-b7d2-a7b35c53035f,5768,Passport,6119357,2033-02-22,True
49277ab7-4cd5-45fe-b51e-026b73407a43,5769,Health Card,4026141,2030-02-04,True
5b7a2363-f8b6-488f-988e-e6a9a470d71c,5770,ID Card,2361624,2031-10-05,True
71402e2d-2c5d-41c3-9172-12a27123fd49,5771,Passport,4022201,2029-06-17,True
fe332dc9-4697-404f-9a8c-80206a59aeb0,5772,Health Card,8873975,2034-07-25,True
91917781-7a2a-4a0c-879c-42d1bb4301ed,5773,Health Card,7499994,2032-05-31,True
a1295f5e-c0d7-43b1-b484-8996d7425b62,5774,ID Card,8360129,2031-06-10,True
73d53ec4-2917-48d1-94a3-4776065e3e32,5775,ID Card,6206029,2033-08-21,True
5adf95a5-c0f8-4004-878d-3d9205309de5,5776,Passport,3478003,2032-02-06,True
71da86ff-59b5-4a80-b5e8-7696fd57c723,5777,ID Card,9781144,2031-01-11,True
51abc956-844f-4eab-b754-ae70d1182f57,5778,Health Card,6744263,2029-03-25,True
7ba0f8e5-d580-4d1e-b98a-ed3443d58cd6,5779,ID Card,4413075,2030-01-05,True
7ca27b3f-3fd5-4353-8335-f0aaf868f27f,5780,ID Card,7405254,2035-12-13,True
91e1ae1f-3c49-4adf-a3aa-eabd506c8208,5781,ID Card,3837485,2034-07-12,True
0d611ac5-adc5-4a81-a1e7-9fbd3815b813,5782,Passport,4345775,2029-03-26,True
9627a0b7-d1a6-4012-87bb-26087ea4ca33,5783,Passport,1172916,2028-05-02,True
34a525fc-cdc0-4735-9a51-259cfd598fef,5784,Health Card,5276385,2035-05-05,True
c668c766-bbbe-4c28-b905-3b01c533c2a8,5785,ID Card,4849964,2034-05-01,True
5dee89a3-e736-4e06-a5f0-bdeb847c609c,5786,Passport,7124713,2035-03-25,True
18b962c9-3ae4-475c-96df-00e4a336a93d,5787,ID Card,1424237,2031-08-29,True
abcb721e-1fed-4226-b5ee-af98b8a86851,5788,Passport,1725075,2030-11-21,True
e582693c-3e51-47be-8dcb-9137640b6303,5789,Passport,6303336,2033-07-21,True
75984f5c-510c-4d91-ba1a-d9cdd36f5049,5790,ID Card,4581928,2029-07-10,True
b2609928-9858-48af-945f-b2f7d05f5183,5791,Passport,7394239,2027-05-18,True
d832ff9a-114c-4fa6-ba54-d97ee74b8833,5792,ID Card,5948211,2034-10-16,True
a6eadc64-315f-4637-87eb-2a20c6462d6e,5793,Health Card,2608246,2033-10-12,True
904799cc-c665-4920-8035-ef1784ea9949,5794,Health Card,3663801,2034-10-13,True
0c8be3c5-a8c7-46e4-990a-125bc656ff84,5795,Health Card,5031232,2029-07-26,True
c2eff228-a115-4f1f-afcc-abb2e9faf68e,5796,Health Card,2648904,2034-11-28,True
51ce2be3-baf0-44ae-8fca-95923c0abaa6,5797,ID Card,6800554,2032-04-05,True
1c85ca42-08a8-4f72-9d1c-2e40b7b906f8,5798,ID Card,2459838,2033-01-01,True
60efde29-3593-4e1c-a732-a34f1504e04c,5799,ID Card,5623134,2034-04-15,True
8d6bc347-a118-4165-a765-1c2cedce0286,5800,ID Card,7643666,2028-10-12,True
ce6ca2cf-10d3-424b-b115-4acc3cc6ef3e,5801,Passport,6938860,2031-10-08,True
290e3068-36c9-4e10-b1e8-350844554234,5802,Passport,8596790,2030-03-07,True
30e4df54-2679-4705-805b-27d63cb6e6a7,5803,Health Card,9516589,2027-12-14,True
3201080f-8db6-4385-9ee9-6ca36012837c,5804,Passport,2780788,2027-04-12,True
f21b6ad6-1561-499e-bed4-3b579df2c5e3,5805,Passport,7510382,2027-08-23,True
3581119b-e14a-442a-b1d8-67d42c8aa680,5806,ID Card,4675369,2034-06-11,True
5b33114c-e14f-41b5-9c6b-be553c575e6c,5807,ID Card,8089757,2028-04-01,True
53aa90e3-cbf0-4bcd-8588-915b2eec51d5,5808,ID Card,7411997,2034-08-17,True
e5073897-821c-48c2-9d1b-f60c5de486f2,5809,Passport,7274461,2031-08-03,True
152e151a-5b40-4e51-9769-824a12a055a3,5810,Health Card,8526023,2028-12-15,True
ae389966-842c-4343-937c-42494b4f9630,5811,Health Card,1793735,2033-06-08,True
0ca1d78f-f098-4043-96cd-806221d509ea,5812,Passport,5472549,2027-05-10,True
81502833-5821-4161-8da3-bc7246269b47,5813,ID Card,9059861,2029-04-13,True
f621ef4c-666b-4c0a-a4e0-63fee13b1c94,5814,ID Card,1216397,2031-11-30,True
0d613cba-aaf3-484f-bf49-1e67a213a381,5815,Passport,2180465,2033-02-22,True
e3f9110c-caff-446e-a092-7b4839cacdda,5816,Passport,8965771,2027-11-11,True
6d1722bc-a7e4-49a8-9dd0-a0124f2133ad,5817,ID Card,7662104,2028-11-21,True
f81efb16-0abd-4510-826c-7ec216d0094e,5818,Passport,1749096,2035-12-28,True
e6056a33-9021-4ba2-942c-d56b2e14eb82,5819,Health Card,3991960,2035-03-27,True
9a5d2a0d-87c0-4f4e-9c19-f8297da22870,5820,Passport,4427852,2028-08-28,True
1b0d9d4f-36a3-4d80-8838-17ec84f6683f,5821,Passport,1485283,2030-06-19,True
1d4ee55a-b280-4c9f-b836-e41451572522,5822,Passport,2835047,2033-01-01,True
5f9f8797-a1c9-4bd2-a86f-c2f3daa7bf82,5823,Passport,7721020,2027-05-05,True
9ba7dbb9-988c-41d8-9e83-8dc94967db14,5824,Passport,3797239,2029-09-15,True
0cdb269b-cbb5-47bc-bb55-bf0ae45d7947,5825,ID Card,9836362,2032-08-30,True
cf2a0736-5ddb-48be-9b14-efd83cf3ddfa,5826,Passport,8501033,2033-12-24,True
cd050bdd-3074-4998-83f6-7d17e9a3e20d,5827,ID Card,2397022,2029-05-05,True
bf487aa5-32a9-4a01-ab80-5cc8a6327d2f,5828,Health Card,9966112,2030-03-14,True
f6043ba3-96a0-49a5-8cc1-4252ac0ae57d,5829,Passport,4825878,2035-01-11,True
9f48418e-a24f-4092-aba6-aa66aadfc93c,5830,ID Card,6576793,2033-03-12,True
78509143-2855-4099-bc89-c903984c8e4b,5831,ID Card,4369369,2032-02-16,True
40e721f5-f092-4f75-9090-b1f0e540d9a4,5832,Health Card,2449899,2032-10-29,True
71b5f00b-fe84-4632-9a1f-d34ee28aba03,5833,Health Card,8380549,2032-06-23,True
6bddf60d-38e8-4595-89b2-49e8efa170bc,5834,Passport,8194977,2030-08-03,True
44166bdc-d49a-4d2c-9967-7a5c79f675c5,5835,Passport,2300226,2033-08-30,True
ec55881c-fd31-475e-88ce-ac03fdaf5cf7,5836,Health Card,9414948,2032-07-18,True
67511597-be78-40e0-b8cb-2796394f3f5c,5837,Health Card,6473332,2031-03-03,True
663f7d50-4a6c-497b-8462-68c2b9cf6e29,5838,Passport,6830756,2032-10-12,True
7e849fd3-20af-4190-9633-9115f401edbe,5839,Health Card,9170336,2034-06-15,True
2f8f40f6-b331-4457-a435-b2176032f00e,5840,ID Card,1414635,2027-10-11,True
35dc5d88-d3d2-4816-a11b-84ed02d83af3,5841,Health Card,5246944,2033-10-04,True
a7432d46-a670-4d47-8670-a72726ed4b93,5842,Health Card,7703225,2029-11-16,True
5efd0cc5-801a-41cd-9ad7-637ff359625d,5843,Health Card,5323249,2033-06-13,True
de4130eb-833b-4589-9c30-fa1278aac245,5844,ID Card,4683716,2033-04-19,True
8f51c6bd-c463-46d4-bfb4-9ac2a908a8a9,5845,Passport,8090758,2034-11-26,True
e6d47b83-a354-42b0-8e17-fa04afc4906c,5846,Passport,8679756,2027-12-26,True
e6a574d5-e117-4f87-b319-68eb25ef20c6,5847,Health Card,8499095,2027-02-03,True
4ae7da71-03c4-421c-bed3-64275e06e39d,5848,ID Card,9093629,2027-09-24,True
f59fea6f-ea2f-4594-8ce8-7f9f00da3423,5849,ID Card,8288234,2034-05-03,True
d2fad7e5-9afb-40ac-b288-099d763d63b0,5850,ID Card,8378093,2027-09-26,True
c98490ff-6a2a-4950-ae6f-60c2f761db68,5851,Health Card,5054778,2029-12-17,True
fda82a8e-17b5-4259-bf45-334fc6e5520f,5852,ID Card,5283380,2029-02-22,True
e8273639-1634-4d1b-ba52-64e4eaee45c0,5853,ID Card,8689942,2028-03-04,True
894d9c10-37a5-46f0-8c9e-137c00b49e6d,5854,ID Card,4605331,2028-09-15,True
43079633-7377-42c5-af34-0153a52e322e,5855,Health Card,7326747,2034-11-27,True
4a53bc91-c8d8-4609-a40c-266da5f3c7bb,5856,Health Card,3429819,2028-12-27,True
1968a41e-a4af-43f8-be31-619b505094fc,5857,ID Card,9304894,2035-07-24,True
db596b28-b76a-42e0-afc5-e2fff5aed0ce,5858,Health Card,9253963,2031-01-26,True
e3ab3fe9-d959-490c-8f27-f2d6d3bb9773,5859,ID Card,6031917,2027-01-24,True
5b5292e0-acd9-4cf4-aec2-fc0aa531432c,5860,Health Card,5624649,2033-05-29,True
74996fab-748c-4629-828c-49e7f8b8b43a,5861,ID Card,7365854,2032-07-10,True
60d280d0-ed17-4347-84d3-45d0c232a5e0,5862,ID Card,2658855,2030-10-10,True
a4622185-5a95-4a41-9818-7a7d0867b2b1,5863,Passport,6286633,2034-12-20,True
0d796a6b-d007-4d43-a532-0ed87257969f,5864,Passport,4610105,2030-11-19,True
7b7a1521-06ec-40a2-a750-901729b4bbba,5865,Health Card,9133986,2031-06-05,True
39aebb7d-cf02-48ac-a3db-8b815309b133,5866,Health Card,9149920,2027-10-11,True
aacf36b9-bc84-4013-99e6-d90bc5b08e1b,5867,Passport,8114782,2030-06-19,True
e5ddd411-dd11-4617-abaa-52ab89462f81,5868,Health Card,5590600,2028-08-27,True
ec519346-28f3-4e6e-bc4e-afa38172db4d,5869,ID Card,7392583,2031-07-19,True
939a9869-b219-4263-b2e8-045e4cf328ca,5870,Health Card,7094682,2032-11-14,True
d5332f93-0481-4f19-92e2-4b83648073a3,5871,Passport,3397743,2033-05-05,True
09b65668-c448-40c1-9e11-17eebb559eeb,5872,Health Card,6020242,2029-06-25,True
c1d426bd-6c54-4083-a160-a18c30bea751,5873,Passport,3925228,2031-08-10,True
1cbfd116-180e-439a-b5cc-94f4d7371572,5874,Health Card,8511856,2034-06-24,True
3a15e019-a220-4695-8399-ad34373be509,5875,Passport,5652168,2031-10-18,True
2f706178-8f8a-43c8-934d-65706310923d,5876,ID Card,6334233,2027-08-24,True
36d9adb2-3fb6-40fe-b283-87cda8c18fb1,5877,Passport,8950142,2030-09-02,True
b43129af-bdda-45fb-ac21-856bd57582b5,5878,Health Card,1770032,2030-05-06,True
f1b66a0f-6678-4f68-ba1e-a9ace8e356f7,5879,Health Card,9468413,2032-12-15,True
eabf249b-c5fd-4a19-b91a-d7ca3671ea47,5880,ID Card,8537988,2028-03-22,True
6c81b2bc-06a3-42ce-ad3c-15d0c89d3f9b,5881,ID Card,2329905,2034-07-11,True
d725bff5-38a1-40df-a955-53c60d888030,5882,Passport,5312878,2033-12-30,True
0843f1a3-5048-466d-92cf-a95301469243,5883,Health Card,5019769,2030-04-07,True
ee56f9d6-e926-45cb-95e3-acd52874b1e9,5884,Health Card,6589715,2033-12-03,True
7926b357-5e95-4dfe-80dc-a124f947b3bd,5885,ID Card,1566580,2028-05-12,True
ff59ca01-a846-4eb2-9522-25f047ca9e08,5886,ID Card,6917122,2035-04-13,True
bc2e0137-60fc-4bea-864c-088d080fbd09,5887,Passport,2649787,2029-05-08,True
ade7aec1-6f3c-4ff2-802c-1d3593ee02ed,5888,Passport,2399832,2031-03-17,True
ffeef8fc-63e6-46f8-93b4-5075fed7f4fa,5889,ID Card,6592695,2034-03-28,True
6d62e9e6-220f-4964-9b02-3b9c331ad6f3,5890,Health Card,8421863,2032-04-20,True
5ce63bea-a243-4fdc-a926-757f861f2c29,5891,Health Card,1584582,2030-06-20,True
db8b12ec-5170-4042-a594-81aedef5d810,5892,Health Card,4776745,2032-04-03,True
9c2dca5d-b6b7-4f62-88fe-5413a675cab3,5893,Health Card,7736842,2028-02-08,True
691569c1-e1e3-448e-aa3a-535269439dbe,5894,ID Card,7860680,2033-04-23,True
a96d6709-0c8d-4d6c-88c9-66686840a745,5895,Passport,8345267,2028-12-12,True
55620946-2991-4d79-8377-18fb4e26bc05,5896,ID Card,2366443,2032-10-19,True
ecc0b134-4d9d-4762-8c2c-f350e1222dd9,5897,Passport,6803471,2033-04-27,True
96fd5d2f-c94c-4eed-a92c-942d81d54d6d,5898,Health Card,2831522,2028-10-09,True
343183ea-7189-4476-9ace-4f103acf9d35,5899,Health Card,1515733,2035-05-12,True
703216e6-5c87-4111-95f3-f414e4538bc0,5900,ID Card,6966448,2031-04-02,True
f6193b31-7b7c-46bd-a908-aef2a61e5f7b,5901,Passport,5796568,2034-02-20,True
7381cc85-d0fb-4ed8-9d4a-d2be615918d4,5902,ID Card,8643645,2027-08-06,True
5778beff-0ed2-44f6-88d3-4f24dd3a2078,5903,ID Card,9301797,2034-05-12,True
55beb24e-2bee-455a-838c-1c58ba0f9731,5904,ID Card,9405901,2034-11-14,True
1a368ac4-591b-4e0d-9b48-60224c1eb089,5905,Passport,2136452,2034-04-08,True
634b3b2c-0be1-42db-a2e9-f173350b1aec,5906,Passport,1348864,2032-11-24,True
85d6cb43-4643-4833-b08e-75419bc6d260,5907,ID Card,7377337,2031-12-07,True
55bac005-5ad1-4d44-a0d7-8d4c7e8be748,5908,Passport,5284063,2029-10-13,True
440684ec-fb2f-4c02-93a0-c9f67f8314ce,5909,Passport,8319807,2035-10-18,True
fe25049a-a353-4b4b-bf79-58226d0ee770,5910,Health Card,1823877,2027-09-27,True
44cd66f6-c962-4274-a33c-672f015f83ab,5911,Passport,9319066,2027-10-26,True
3a1c5b6b-5143-4893-9eb9-56692d9184ca,5912,Passport,6798822,2028-09-21,True
a485b31a-29fb-4a6a-90b6-6af99980f89a,5913,Passport,3264046,2030-01-08,True
0eb2fa48-cb39-4b50-b3a3-b65512ee4e3a,5914,ID Card,4851144,2034-10-09,True
fb47ad12-adb0-4b39-8c7e-301a60259189,5915,Health Card,4208895,2034-08-07,True
d3d2f23d-6918-404b-958c-f7eda4bd8d52,5916,Health Card,2757687,2027-10-02,True
d475faeb-647b-4740-8844-81373eefc7b7,5917,Passport,3106616,2032-02-21,True
78705f21-450b-459d-b725-0bf8087c2ff8,5918,Passport,2421059,2034-03-27,True
82b8b31b-5ffb-43ca-9361-5136ec487486,5919,ID Card,1738907,2029-10-25,True
145674c7-2eb9-4110-b7cc-84ff265e40b6,5920,ID Card,2769305,2035-07-20,True
911cac5c-ff98-4e8d-89a2-660eac973718,5921,Passport,6669103,2034-09-26,True
45e39337-a6b1-411d-bdd2-008f2198eead,5922,ID Card,2246788,2029-09-14,True
f013f29c-1999-47c1-a4b1-a012637a4577,5923,Health Card,7235988,2031-04-16,True
3438403b-d979-49cb-82eb-3d6fc7d0d895,5924,Health Card,7363658,2033-08-16,True
bef32d11-25f5-4586-a9fc-25922271cb66,5925,Passport,2965613,2033-11-04,True
fdad11a8-df30-4f3a-ae3a-e1231ab1090c,5926,Health Card,2905908,2032-09-23,True
bfa034ee-9d43-4b1f-88f0-cde91e3b368a,5927,Health Card,5625639,2030-07-15,True
caf0fac7-02f7-4e21-b9bd-7dbdb83acc12,5928,Passport,9651182,2030-08-25,True
81ee69b2-801f-45ea-a1cd-5f048eb6fbd1,5929,ID Card,6105329,2029-09-05,True
c3c7fd06-1c81-47dd-8132-22cb72a9a516,5930,ID Card,9614218,2030-01-18,True
8bc61269-c6bb-422d-8801-bf2f8133b88c,5931,ID Card,1145175,2029-03-16,True
82932f38-aebc-4000-bad9-cb7b3f5f4c43,5932,Passport,6278675,2031-08-08,True
5058e50a-ca37-4661-b87c-9128aa3150e1,5933,Passport,1832913,2027-03-06,True
c983d5b7-ee46-4ca7-a634-505cc27852e3,5934,Health Card,4190152,2028-03-11,True
3ce1c719-547d-4a98-b33a-43942521e87f,5935,Health Card,7117534,2035-04-23,True
898decd1-905c-4190-b65b-e5cf74d8fbf1,5936,Health Card,4435990,2031-05-07,True
ed284542-1254-465e-a97d-3966ff397fcd,5937,Passport,5051944,2032-02-04,True
4d55fd55-94f8-48a8-8f92-d0383563b267,5938,ID Card,6550654,2031-04-06,True
81b2cf23-5edb-453e-a33e-568a25e310a7,5939,ID Card,3633346,2028-02-02,True
01ac6ecf-7dab-4530-8371-2651ee25e986,5940,Passport,6570608,2032-07-22,True
114a7993-e3a2-4588-98c4-2edc635c98b4,5941,Health Card,6832663,2033-09-23,True
5f84c8d8-d414-4c07-b7c3-829f19055d1c,5942,Passport,1089366,2034-01-10,True
e7f7e0ff-9c7d-4b5f-8915-c964f383cd42,5943,ID Card,2017032,2031-04-07,True
6ef6349f-cc8b-4662-8c3f-40b83b68f429,5944,Health Card,3529397,2033-03-03,True
3db7b1cc-ab20-499c-bf0d-6727e6b33f04,5945,Health Card,3318939,2027-10-12,True
0b82daca-d0c0-4fc0-b484-593b6aa8cc85,5946,ID Card,3023622,2032-04-20,True
6d219dc0-d1c0-48e9-8b95-5596d42944d3,5947,Health Card,2391948,2031-09-22,True
4816320e-1efb-4a61-b170-4f8a44d32c35,5948,Passport,6624610,2032-02-20,True
da56341f-c36b-46de-b434-913e3c006b45,5949,ID Card,4083285,2035-04-07,True
e91dff62-a3c6-4750-8c26-04798e66d0e0,5950,ID Card,5242100,2032-08-05,True
ac8e2946-b994-4a28-9698-8c7e9f52e1b8,5951,Health Card,3472547,2035-10-14,True
be248b51-7650-4e9c-95f7-fb020d9e46d7,5952,ID Card,4614787,2034-09-26,True
118695da-10d6-4adf-a89b-31b570afb39f,5953,Passport,1523163,2030-03-05,True
0d3cfff6-4137-4dcc-baad-c325cb4f3810,5954,Passport,4439460,2033-08-02,True
b1521c84-672d-47ef-acf9-e1027d6be9b8,5955,Passport,6261981,2035-11-13,True
73cc7b90-94f9-4a67-a528-8c2a7bc8b090,5956,Health Card,1687920,2034-12-07,True
e5c5d546-eca4-4109-b668-bb7d88fa7c18,5957,Health Card,6116356,2034-04-20,True
880b1467-0258-436f-9210-74e9e412804b,5958,Health Card,9850505,2034-11-25,True
ee6cf8cb-2203-4768-bedd-eb726206f9a6,5959,ID Card,3376810,2027-09-24,True
d177144b-c867-4828-b701-3a2d61c1e561,5960,ID Card,3938708,2031-12-20,True
b8f5a594-3c78-4219-b35a-1c3e01691f87,5961,Health Card,8191356,2028-03-14,True
435897b7-24cc-4cc8-99b1-a7fa27342067,5962,ID Card,6833577,2033-10-07,True
25695eb7-396a-41cf-a498-996a56eed51e,5963,Passport,8620831,2029-09-04,True
02bdb111-f54a-4033-81b3-08da01d3711a,5964,ID Card,8382379,2035-05-15,True
c67443d2-114a-4de6-9c7e-fa0455e366bd,5965,ID Card,7042729,2027-09-11,True
6e5bb069-1bf8-4d9a-8285-1b4e8c2ac10c,5966,ID Card,3450972,2035-08-14,True
66ee33b4-7499-4a65-abb2-10d3e3ebe748,5967,Passport,7526046,2027-12-09,True
9a534717-0917-4dc2-82fc-42d93b12d56c,5968,Health Card,5609730,2030-09-22,True
93c6d32d-5ac1-49e1-b904-3df6d84c496c,5969,Passport,8722734,2027-07-16,True
8f6cfae2-7992-42c0-b1fa-736a9f94dd63,5970,Passport,3409498,2031-12-18,True
6add3f76-4518-49c8-8edc-9fc935999d19,5971,Passport,5459122,2034-02-20,True
92fd77db-2c16-449f-bf5b-bcc214e8684f,5972,Health Card,4374130,2031-05-24,True
93e73adf-65bc-4344-9e0e-2c772d8fba25,5973,ID Card,6443528,2035-09-25,True
1b579a8a-3af9-4177-abd5-a1ffce98dd54,5974,Health Card,5742339,2035-01-11,True
2b48a491-ae74-4430-8799-5eaa1841a685,5975,Health Card,2565598,2033-10-07,True
798e280c-47f5-44ad-a167-59a2108771fb,5976,Passport,4901510,2027-07-05,True
bbc79838-f53f-49dc-a65b-43ec2796f089,5977,ID Card,5006770,2028-03-27,True
1b86ae38-fd5e-4b39-a38c-937a1a5936c7,5978,Passport,6271650,2027-05-10,True
b3ee3fba-3c4e-4634-8ddc-143a2f9dab6c,5979,ID Card,5581919,2035-09-14,True
e4912e08-d304-4016-ac80-303bff72bf45,5980,Passport,6704267,2031-05-26,True
3777143d-9d8c-4c68-bddb-71529ec86580,5981,Passport,5698942,2028-05-27,True
703f7dba-8041-45d1-bcfe-2db55a67f99f,5982,Passport,9243160,2034-03-27,True
50ed35a8-1f10-4630-b46f-cdf6f39c7927,5983,Passport,1612276,2029-08-13,True
fb2191c9-ecdb-44b0-91c0-f126c20e076b,5984,Passport,2837070,2028-08-09,True
87249944-2621-4e3c-b468-1b8d2f19ecd1,5985,Passport,8653715,2028-10-02,True
e4e1ec7b-d598-46ea-b60f-8263b4782438,5986,Health Card,8429931,2029-01-14,True
4080b44e-6117-4668-85e5-274265178901,5987,ID Card,3596167,2035-11-06,True
ead5384e-11ce-4264-8174-9fc318dcdfae,5988,ID Card,3976240,2030-11-29,True
5687a136-74c3-4008-8613-0c746c24b938,5989,Passport,2783841,2035-11-01,True
878a824a-c172-495b-8949-7296b30a5118,5990,Health Card,9904172,2034-10-07,True
9d7af727-5b57-415c-866f-099cebd94e0d,5991,Health Card,3536681,2029-07-26,True
ea95b664-cac7-4ae1-b102-8c04b1af3009,5992,ID Card,2585859,2029-09-30,True
d3a9af34-3a4e-4341-b232-0f43df006103,5993,ID Card,3280656,2030-02-01,True
7366020e-8159-4afc-bf46-8d3d7295b5a3,5994,Health Card,4536479,2032-03-31,True
d66003e1-3466-47a1-8105-4363bfe87aab,5995,ID Card,1147646,2030-05-16,True
d44e664e-a8d7-4f20-b937-2ec3989d1cbb,5996,Passport,3364297,2031-04-16,True
bd56e7bc-6505-4069-9550-fc500d51752e,5997,Passport,9242280,2036-01-20,True
a2fc697c-a41a-4a30-9ac2-73391edf7b7f,5998,Health Card,4302554,2032-08-28,True
a06d75a9-2364-41d9-996c-6b7c39a83a61,5999,Health Card,1799058,2027-10-04,True
4b373e9b-4b56-4f0a-bfd4-b98e31222675,6000,Health Card,6811343,2031-06-21,True
7bd10e46-a3ae-4ed6-9c61-3f516ec5e908,6001,Health Card,7396438,2034-11-30,True
e3e8353a-d55c-4981-b2fe-6833a6c67ed7,6002,Health Card,4987542,2034-09-18,True
9abd51c2-8676-4373-ac9f-59241d9075d2,6003,Passport,3095438,2030-06-24,True
fa004a18-5b11-4e87-898b-8f1d4de544f7,6004,Passport,4146206,2030-06-21,True
aa7319ec-13cf-4435-8f23-685211617b11,6005,Passport,9439921,2030-06-16,True
119e2c8e-79a0-4f48-b3ff-e9988abeccf3,6006,Health Card,3756854,2032-01-10,True
e6ce147a-70c9-4006-a1a9-cf7d1b100d2f,6007,Health Card,2981503,2027-08-19,True
792499ae-1ab5-4b7c-b3f3-5a2af7def89a,6008,Passport,2778600,2035-07-30,True
16310c3f-3f82-4900-a841-0a14ca1cf97d,6009,Passport,6160000,2031-09-15,True
d10b0834-5e86-42df-a5b2-96419c2481a2,6010,ID Card,3893911,2029-06-12,True
cd76c816-16a5-40a1-8570-e8cb5c41b296,6011,Passport,5416057,2029-05-23,True
b295e147-4378-45ba-896e-17b07d6fbbe3,6012,Passport,1142904,2034-12-19,True
315221fc-286f-49ba-9e25-8bc678b863aa,6013,Passport,4502782,2028-02-16,True
36ca4ca4-2e1a-475b-96ce-4e86099bd6ac,6014,Health Card,1769587,2035-09-05,True
fa8bcfb8-464b-4718-9b02-801c89c5ff1b,6015,Health Card,2981003,2032-06-28,True
6e5c952a-c0d8-4566-9bed-c905f43013a7,6016,ID Card,8397697,2027-06-24,True
7890b09a-d540-44f6-8e40-55db8fb65f18,6017,Passport,5547177,2032-04-18,True
3dd4ef1c-cb61-4f11-b8ce-0aafad123420,6018,ID Card,5573620,2034-01-12,True
26046eaa-6291-4caa-a1c6-2e2906d06a2f,6019,Passport,3353309,2029-03-21,True
8ac925b4-98bf-4edf-9970-15b9d73a5030,6020,ID Card,2832858,2035-08-11,True
27b3c635-6ec0-4a97-9335-5b078a6a3bf2,6021,Passport,5705603,2033-01-03,True
e9b38070-7e72-47fe-b35c-78305a9e46e1,6022,ID Card,3906774,2029-06-21,True
9a06ba6e-0d2c-4a20-a4b4-5bf90d5d24c9,6023,Health Card,9955099,2033-08-06,True
b6e42bac-c665-4623-b4f1-099eed11ef09,6024,Passport,8180867,2031-05-29,True
f3af08d1-a3ce-49a0-8384-b0dafa1b41da,6025,Health Card,3807734,2033-03-15,True
069e5696-464c-406a-af97-5a5f542c4355,6026,Passport,7643845,2028-11-05,True
2b2a4b07-529e-4c32-8f2a-d213ec22cf97,6027,Health Card,7675690,2035-12-03,True
19423e34-0323-4b2a-baff-24ff44a15703,6028,Health Card,4015522,2030-08-23,True
0b2c14cd-c18a-4574-a935-68ce045f4125,6029,Health Card,8195764,2031-03-24,True
fa68575f-df69-410b-b4ab-1aa0139609ea,6030,Health Card,7499772,2030-07-29,True
321c775f-056d-40a2-8504-f028ae956784,6031,Health Card,9733280,2033-01-15,True
9be846d9-14ef-444c-b976-387cbc9581b7,6032,ID Card,8886063,2034-08-01,True
0457724e-53e1-4bf1-9d2b-bdba6d6506a7,6033,Passport,5490661,2032-09-30,True
06421bc5-8d90-43a0-9fb1-c478adbd777e,6034,Passport,8117100,2030-09-30,True
d7c89c42-160f-4c65-ad08-908616e40532,6035,ID Card,4863529,2035-10-18,True
a14d0dd3-31a6-45e2-a3a2-0595fe33018e,6036,Health Card,5165643,2027-12-31,True
9db9c4c8-c159-4910-b709-f1d10a78b0c8,6037,ID Card,2886481,2027-04-19,True
e6e0abda-78d1-4fea-98ba-57eeeb9f6a27,6038,ID Card,3882709,2030-10-26,True
a6e13a00-74c0-4570-a3ad-1461177586db,6039,ID Card,1443536,2031-09-17,True
acae6bfe-5f46-4bff-ac10-37077bdc420e,6040,Passport,4979616,2030-01-20,True
084d02a2-dc37-4909-9192-1060046c57cf,6041,Health Card,1178920,2028-02-03,True
3e62f459-e660-4e1a-8038-beb8d3e736dc,6042,Health Card,7892701,2035-08-10,True
4da375e5-5422-4e83-b55d-2096445c5743,6043,Passport,7242518,2029-12-02,True
ff681277-7815-417f-a7ef-015938eec316,6044,ID Card,8920249,2030-03-27,True
7f69b35c-4051-4ca2-be80-8f7acf363003,6045,ID Card,8729002,2035-11-18,True
301b3054-8c2d-43a3-8e0f-060fee03c448,6046,ID Card,3155986,2028-03-17,True
fe5251aa-9c4f-426f-919f-d36e12b28e28,6047,ID Card,9733053,2034-10-30,True
b4116ab5-6f47-4647-a8b2-d4aac4d9b769,6048,ID Card,4386194,2034-08-20,True
b5060f97-5c28-452a-9a60-a701109f2dc1,6049,ID Card,7737645,2029-04-10,True
2c43964e-1675-4e06-ac9d-395f224f887e,6050,Health Card,9629620,2031-12-09,True
c7e2634e-5c1b-43d0-b147-386bb00446f3,6051,ID Card,2578896,2029-02-10,True
35aa849e-217e-4998-b537-1200e9658fc4,6052,ID Card,7491852,2035-02-06,True
ad478e2e-ffb7-42ee-898f-654096810e64,6053,Passport,5494458,2028-09-15,True
0a5e7a73-186c-4f2b-9698-53dd9ebc8d97,6054,Passport,4131458,2030-09-04,True
82226308-c267-42dd-8779-cdb70fa29ce3,6055,ID Card,8040571,2029-02-15,True
5bbdfbf9-5246-4590-ba1d-3a59c332c4ee,6056,Health Card,9655637,2035-01-24,True
99192b9c-6a13-445e-bc39-3af8345cf073,6057,Health Card,8888994,2032-07-28,True
34af982c-ba66-4282-9f60-3531c274f249,6058,Health Card,2622175,2035-01-04,True
b462883f-b8c2-43a3-8113-9d1206c902ef,6059,ID Card,8788240,2034-11-09,True
fbff975b-64d5-411f-8581-4acc506932c9,6060,ID Card,2972016,2030-08-13,True
eaf5939f-b568-48d4-ad53-dec6de7f29ad,6061,Health Card,7755153,2034-09-15,True
2f15b0f5-520c-457d-9739-669977d72eff,6062,Health Card,4937279,2032-02-19,True
f71a0b6a-f1fe-4277-a314-8a10e26c4e23,6063,Passport,8892309,2032-06-10,True
fd66dda0-da5c-46e0-8d4f-f33361c907cd,6064,ID Card,5575835,2028-03-21,True
ec02c60e-708c-4a3b-a276-123a860b0bcf,6065,Passport,2178210,2032-03-05,True
9116d189-3eab-4fe6-b7b9-4519fb1351ca,6066,Passport,9861573,2027-07-28,True
2c9b757b-564c-4b61-94ec-095465ce16cd,6067,ID Card,3916373,2033-12-22,True
040f2068-1fcb-4874-8d56-be1438ac5184,6068,Health Card,9409915,2035-02-07,True
512d0026-7e88-411e-adc6-faf38733f9d2,6069,Health Card,8880945,2030-06-02,True
e914e9e8-f852-46d2-a6b3-4ef08c8c9bd1,6070,ID Card,7870885,2028-05-15,True
f94e79a4-7e69-4def-9899-574fddb8e72d,6071,ID Card,1184314,2035-11-12,True
abb8cc62-bb78-4f13-bb82-f72b0c0fb98d,6072,Passport,8589482,2028-01-06,True
3ebfa944-a88e-4059-af42-515b261dfa4c,6073,ID Card,8135673,2034-12-07,True
5137541c-8a5b-47c7-bc35-59e00775e0f0,6074,Passport,1783210,2027-09-20,True
fb4dfcc3-4256-4313-831e-3efdfaeef229,6075,ID Card,4176056,2031-02-05,True
df0e302b-f587-481e-bd3f-0a433f990883,6076,ID Card,1129665,2035-02-03,True
441d0efb-84f2-4c9a-9893-008ee756f9d5,6077,Health Card,5031027,2029-06-30,True
a74840cb-16bf-4b10-84fe-b54c8d3d2734,6078,Health Card,3906999,2030-06-30,True
20d86e04-8d96-4871-b093-28d9fca15e3c,6079,Passport,1517137,2034-08-15,True
6cca63fc-dd03-4a8c-b8ff-d664eb032ec5,6080,Passport,5629329,2030-08-22,True
de28997d-afdc-4d49-8f9e-2d3f84102e6a,6081,Health Card,3071595,2034-11-23,True
f6347509-b743-44c4-a26e-63f6e69361a4,6082,Health Card,3470415,2030-05-09,True
079e2f94-1d4f-41dd-81b3-77c090f444a9,6083,ID Card,5792480,2031-05-23,True
a670f29a-2d4a-408b-b52a-29c57f2537f2,6084,Passport,2042720,2035-07-05,True
5180cc88-5db4-4b1b-a9f7-e02eec69031c,6085,ID Card,5995603,2032-10-16,True
da84da27-a3f1-4388-87b1-6646a5b2bbcf,6086,Passport,1697227,2030-06-03,True
9160c1f0-d19e-4bc4-9aa2-a10fe38d8fcb,6087,Passport,1715100,2033-12-09,True
c8591b40-cc9d-4a1d-8350-18a66dd5e962,6088,Passport,8683596,2028-11-21,True
bb04f5e9-9909-4516-aace-27462903ee4a,6089,Passport,8979635,2028-07-12,True
d09a8bbf-487f-4bfa-b112-992e72cd414c,6090,ID Card,3057941,2027-07-25,True
e4ba4239-ad17-4750-afc6-3114a1e7dcc3,6091,ID Card,6748140,2031-05-08,True
306cf775-9c24-4382-a220-6f2ae2fadf7b,6092,Passport,8666219,2031-09-03,True
f465074d-21d8-4657-b6f0-feca7b1c280a,6093,ID Card,9653715,2030-06-23,True
6ebbe5b0-f9c3-4fc2-9843-0482bb248c63,6094,ID Card,4124256,2028-11-14,True
acd3debb-3cff-431a-9b66-9fd215525097,6095,ID Card,9219585,2027-11-24,True
03c7bb61-43d8-4219-9d7d-36a37bbb0efa,6096,Passport,5892419,2034-10-20,True
4426e6e9-2417-4b62-a08b-6ac862ad7bfd,6097,Passport,8273305,2030-03-23,True
263698aa-8e18-4e5b-8d68-842435157f26,6098,Passport,5845104,2033-06-01,True
5908aca5-0ab1-48e2-9e43-65efb214a86f,6099,Passport,5649727,2030-03-09,True
34a5254d-6b14-4c10-9351-94b7f39dd3e8,6100,ID Card,4129848,2034-04-28,True
bf9fcf23-49d9-4b03-b1fe-b079cc8a9c4a,6101,ID Card,2112630,2027-07-28,True
1e20a40e-7bc5-46fe-93bb-e878c40abd7e,6102,Health Card,8414264,2033-09-22,True
e1067343-e916-48b3-aa8b-86666a9ea194,6103,Health Card,8543819,2032-03-26,True
771909f6-5098-4ce2-af5e-e9fb955109eb,6104,ID Card,4638227,2032-06-08,True
5168d8f9-0205-4e2c-a25b-31f0d7920cf0,6105,ID Card,9348923,2035-05-05,True
13949288-bbba-4601-95e3-7a30d83b0b89,6106,ID Card,2866806,2034-06-19,True
84c9245e-02f8-422a-82f0-01ca8c594885,6107,ID Card,5802191,2031-05-31,True
1b8facc2-7950-4d6b-bb57-5caeae3d5124,6108,Passport,4408848,2033-02-03,True
8e6e1655-bf09-4236-9e89-4ffb3a68b93c,6109,Health Card,3594069,2032-07-10,True
de792d23-23e0-45f8-a7db-e66135dcbcd0,6110,Passport,9324378,2029-03-28,True
df4549c0-a545-4305-aa9d-0256b563b844,6111,Passport,4820099,2029-04-11,True
72771899-03aa-4b0d-a624-386d6c9c8da4,6112,Health Card,3656559,2029-10-18,True
56dd7bd9-2120-450b-94ff-f835e38f926f,6113,Passport,4837741,2034-05-31,True
0c76c7b9-857a-4692-9aab-e50d3a397f56,6114,ID Card,2460580,2027-07-03,True
14c6d05e-1025-407c-bc9e-564b2b584c68,6115,ID Card,8146816,2035-05-01,True
eb5b4904-84d5-419f-bab1-e31d52a56a68,6116,Health Card,9636614,2034-09-12,True
2394b319-7441-4ae4-a8ff-cf78fae6cac5,6117,ID Card,8247943,2032-01-27,True
c1408c21-55f7-4ff7-a9ac-52b5b75fce4d,6118,Passport,1245661,2033-07-03,True
c136392a-9939-412c-ba4c-7ec995a37508,6119,Health Card,5673656,2028-02-28,True
a71b5023-fba5-4fe7-b465-17fbfd47c83f,6120,ID Card,7479593,2029-05-19,True
d6a70cd8-fc48-46a3-b674-a9e0fcb2638a,6121,ID Card,1310033,2030-09-21,True
aaf82805-40a9-4262-8d5b-12011f6ccfef,6122,Health Card,6026617,2035-12-02,True
424dffbf-19bb-47a9-aef8-d2b336e8a613,6123,ID Card,7135990,2028-11-29,True
c7c11f51-a74f-46cb-9dc6-d9a27bef93de,6124,ID Card,5306934,2034-02-13,True
cac439fe-db8a-4e0e-8a20-09e004c57f02,6125,ID Card,3266262,2028-07-11,True
ef421338-0716-47a4-bd24-9a1702620a5f,6126,Health Card,1994021,2031-04-26,True
cdf0754d-4abd-467d-89b3-1c4f0ac0e84a,6127,Health Card,6682465,2029-04-11,True
b88867e4-0d4c-454e-9d75-53110fad8baa,6128,Health Card,2710261,2029-12-15,True
1bec37e9-2333-4cb0-88a7-2f194e49abff,6129,Health Card,1482270,2034-05-01,True
d109bc83-8c41-4699-9cf8-c42961f20295,6130,Passport,1417146,2031-09-11,True
2f92b71b-d90e-4eef-a8c3-72e08c87cfb7,6131,ID Card,4961302,2028-11-09,True
d5e01ade-eba1-4f4c-aec0-197a7c253e80,6132,ID Card,2910925,2035-10-05,True
d7bc6d76-f1b5-48ea-bf4e-b0b3bdef8372,6133,ID Card,8086272,2031-12-11,True
cf731c1d-d1c2-4fdf-acd6-9de8d2d38e7b,6134,Passport,4619955,2030-05-02,True
249a7f54-de94-409c-84f8-d0fbff03e1b4,6135,ID Card,9978617,2031-12-19,True
c0c5498d-b894-411b-9b93-d3067edb4386,6136,ID Card,8371811,2030-03-19,True
d22a4c49-c63f-4081-989a-b7c5eb21dbcd,6137,ID Card,4757196,2035-03-29,True
f839bba8-4c82-48ca-80d4-0cb82c112676,6138,ID Card,9278606,2035-07-30,True
9d8fc33c-d6b3-44b6-8966-df535edfc381,6139,Health Card,4424042,2034-01-01,True
e926be4c-011a-4884-97f1-567c1bd4d68d,6140,ID Card,7357427,2032-05-06,True
a92877e0-efdf-4427-acd1-07815fabe130,6141,ID Card,5648156,2035-05-06,True
dbcff72b-2fb2-47eb-ab4f-5b19ee2a4608,6142,Passport,5611804,2027-05-26,True
63ea7d56-77ec-4198-b4f1-d9c80f04abbc,6143,Passport,4312872,2035-08-10,True
00198fa9-3a59-450f-81af-2b7fde6d5517,6144,Passport,6410611,2028-01-26,True
6ffb7c2e-eff2-4839-8b78-1311c37b40eb,6145,Passport,5586070,2029-05-06,True
357bcb77-288b-48a4-a82d-3884e27e7813,6146,Health Card,4689006,2031-07-20,True
ce56974e-c38c-4732-bd1c-523d84ffb59e,6147,Passport,4756298,2032-07-29,True
12fca429-1c9a-4990-8a60-5814af43017c,6148,Passport,1259287,2031-10-25,True
2281966d-0f49-4e25-a458-13c70eb14583,6149,Health Card,5130435,2028-12-28,True
24a8220a-29ca-4c64-9c69-71011bcee19a,6150,ID Card,7961939,2033-10-13,True
c8e363ba-609e-4b9b-9d53-53726e7d3fe5,6151,Passport,9293815,2033-05-03,True
0c124bab-8afc-4dda-85c0-3ee2b6b4f9ae,6152,Health Card,1050644,2031-10-23,True
36899d04-a14a-4e17-bbda-521c589a4a9e,6153,Health Card,7341067,2029-02-19,True
4eec81f4-5898-49d1-815c-54797ffc2e29,6154,ID Card,3433391,2029-02-07,True
44096022-35d7-4f8f-a583-2ef28c4e09d7,6155,ID Card,2565174,2028-01-27,True
a0e6bf4f-6186-4552-9b70-1544235a5f05,6156,Health Card,6287517,2030-10-02,True
ae1da3a0-1d8c-4812-ba76-6b5fd38dfe96,6157,Passport,5722416,2032-01-06,True
0b964ba4-035e-476b-84d5-01c5c18f69ee,6158,Passport,3879825,2030-07-29,True
6245c0c9-b174-45e9-a98e-63d02ce18beb,6159,Passport,1787850,2029-02-28,True
fd32b564-367d-4386-b6de-0cb69c9a4190,6160,Passport,8160879,2035-05-07,True
b40cf00d-454f-42ae-8ce7-6e610d9dd097,6161,Passport,9684901,2030-11-23,True
672de042-ba43-43e3-a457-7babae291a58,6162,ID Card,1671040,2032-11-11,True
2798d439-12ce-4e9e-9e40-a9eff0e821f2,6163,Passport,1851492,2029-06-11,True
6d42bf62-5338-421d-aae7-5aa5265048a4,6164,Health Card,1854933,2027-11-03,True
1f017a70-8b52-4539-80e5-c7906310ea22,6165,Health Card,6141853,2028-01-22,True
22c8e1c3-fbb4-4ff1-a22f-e45b1c7ec7a8,6166,ID Card,1056298,2028-12-08,True
9154b3bc-c5f0-411d-ba1e-d41e9c1de9ff,6167,Passport,3586180,2032-04-09,True
f003ce9d-c0c2-4b71-8f5d-7f86ad76f02e,6168,ID Card,9974183,2027-10-16,True
87b2c320-c7e2-47f0-8de5-1c6df74e43b7,6169,Passport,8344403,2034-03-27,True
3cc14bb6-d325-42b4-912c-e8fa416e6ac0,6170,Health Card,9016870,2028-10-24,True
3b9c17f6-ec4b-4bb6-80ec-6ae81ade8c28,6171,Passport,8273537,2028-05-16,True
aeef381e-fdcd-40fa-a128-98e55f2e3afc,6172,Health Card,9803516,2034-12-12,True
2c5a43fc-301f-4408-8246-94f572342759,6173,Passport,2753604,2034-12-06,True
bb701f70-ab97-486b-9621-cdecef722ed6,6174,Health Card,5819469,2030-10-18,True
7c2c5c6f-2a62-418e-af06-b933e2de94c4,6175,Health Card,7191122,2036-01-20,True
1cfa9470-518b-4c7b-a06e-c36555ae5e0c,6176,Passport,8383848,2029-12-15,True
b1e35335-6b99-4c1c-b68f-b57b49668456,6177,ID Card,8627265,2035-07-10,True
55e0e4fe-3f2a-4cbd-a060-067cef211776,6178,Passport,8516901,2027-02-23,True
9c794f3b-95cc-4b1a-98ba-d224bdac55ac,6179,ID Card,8073411,2032-01-26,True
9dc28147-589c-4f39-bd14-c2741bcd37e2,6180,Passport,4670284,2027-08-25,True
bfecb530-ff0f-42d9-84f1-5ecf07655b82,6181,Passport,9401330,2032-12-31,True
fe5d5a6f-d4dc-439e-bde6-5d98d0907458,6182,Passport,3752004,2030-07-23,True
68450898-6363-49b6-9895-cd561f9458d2,6183,Health Card,3115242,2028-12-07,True
18824ca7-f335-4365-a351-8d868241fbea,6184,ID Card,9765191,2032-02-27,True
db583009-e5d5-418a-a1d0-dbf6c4e2df2f,6185,Passport,3119552,2035-08-26,True
1d89fd90-a339-4107-9861-543aae9ce03b,6186,Health Card,9286746,2034-09-17,True
67f6f10e-03c4-4fde-9426-2d8e543617db,6187,ID Card,5569938,2035-01-28,True
40711da5-9c37-43be-856e-5eaeb9fe059a,6188,Health Card,1055157,2029-11-23,True
a9ea39ec-849b-4421-b657-7c54458a7f94,6189,Health Card,9323181,2030-10-06,True
eb0bc043-3fae-496d-961c-8576940b4bca,6190,ID Card,2455294,2031-10-04,True
dc5ebae1-e019-45ad-99c7-79e905710784,6191,Health Card,1939262,2029-12-14,True
94f404ab-0073-4d54-8998-9e1d28064986,6192,ID Card,3811343,2029-09-21,True
4aeccbda-6b40-4ff1-a2ba-a7e421d08fe3,6193,ID Card,9836272,2027-03-12,True
099708d9-91ac-4ffd-902b-81cd64b5000d,6194,Health Card,8269423,2030-03-04,True
d7200760-383d-422f-9520-3d5bc0933520,6195,Health Card,7480771,2035-03-02,True
a05ca7f2-0c34-495d-9f85-5e3a259c540b,6196,Health Card,6328081,2033-02-01,True
9641fefc-e324-4965-9e15-f4c04bb347ff,6197,Health Card,7469452,2029-11-07,True
c62c6e12-0700-4260-a16e-7a71fefb5d56,6198,Passport,2269402,2032-08-04,True
358f253f-a534-49bc-a786-c285ce11b237,6199,ID Card,7990945,2033-01-03,True
15ce64b4-47a5-4ab2-9fba-f0bcedf6cf0a,6200,Passport,7522882,2035-09-30,True
98de43f5-aeca-4bee-99b2-5fff10ffe677,6201,ID Card,4878139,2031-11-27,True
6320a80f-96e0-450e-81b1-9b8f6a71fafb,6202,ID Card,1817226,2035-10-07,True
1efc3f09-2790-4fe3-a926-074a6a034be5,6203,ID Card,4134150,2033-04-21,True
cda6562a-b9d2-4868-b3cf-142a7f395474,6204,Passport,3411199,2033-08-04,True
824f6c93-549b-45dd-ae08-fa60fd34ae43,6205,Health Card,8570374,2034-09-09,True
3f2aea97-2be2-4beb-a70a-33216f1e3f7a,6206,Passport,1346747,2028-12-17,True
478d3e16-498f-4428-8a2e-2f4e6fee115e,6207,Health Card,2017743,2035-06-09,True
b91a7b50-de85-4108-b9f3-a4167bc1af8f,6208,Health Card,6380686,2033-04-26,True
b6b01600-ca3f-41a0-9e7f-3b13014b5086,6209,Passport,6193197,2034-08-24,True
6b773f84-33ee-489b-8aff-8a3178746f88,6210,Passport,9553786,2032-10-01,True
fcb91d0f-28e4-45a2-90be-f7aacefb1c68,6211,ID Card,7852807,2035-03-12,True
715eabdf-760a-4349-a07c-e1503a7004d3,6212,ID Card,9078997,2032-07-02,True
bc37c00d-9f93-420c-af14-1d420fbb28d4,6213,Health Card,4036400,2031-12-23,True
f9d67dbd-8dc2-4908-a82e-5204ac8e8fa0,6214,Passport,1139160,2031-08-10,True
dbc7c67b-e97e-48bc-ac72-98ecac0bffe1,6215,Passport,5298236,2032-04-23,True
b62cb5ea-8182-4495-bb99-acd7389fbc9b,6216,Passport,3978854,2028-06-22,True
061c5c4b-cf61-4712-bec2-335de1623b70,6217,ID Card,6488223,2029-11-27,True
abbc5078-4aa3-4dd9-b419-042fb5daf76b,6218,Passport,4501410,2029-02-05,True
bcc81306-2995-477e-a7d1-86ff5e4417ce,6219,ID Card,6171829,2030-04-10,True
03b85c52-e210-4932-bfbe-060e576f84a5,6220,Health Card,8315854,2031-09-18,True
1bc632c6-b92d-42f4-9806-c7b5002e3e47,6221,Health Card,3067265,2030-07-06,True
ca081b57-9eac-454d-9598-86492a5d2e05,6222,ID Card,9178172,2027-12-19,True
b246903d-0ddf-4d8d-8c6d-81ce4680c4a5,6223,Health Card,7595338,2035-07-29,True
5acaaba4-dc4c-421b-8600-c7e645da7b8d,6224,Passport,2472525,2030-07-13,True
1513ad50-1bac-4060-b1fb-97c8912eac66,6225,ID Card,8286447,2032-03-26,True
39fbff83-ca64-4919-b710-a51fe0a2c633,6226,Passport,7412165,2034-09-29,True
d3217c6e-1179-4c59-b60e-5616b617c566,6227,Passport,4285944,2028-05-31,True
5c3932b9-15cf-4216-87fc-8470e285ba85,6228,ID Card,5536087,2027-12-03,True
c73732d2-c3c7-4e31-b114-89d0308cedf6,6229,Health Card,2547238,2035-11-15,True
af01c9ca-f90c-4fe4-a247-221a2987e397,6230,Health Card,1766265,2034-09-11,True
d025413c-91f8-4b51-be23-b99e67e15751,6231,Passport,5447949,2030-07-11,True
56062566-199f-49ba-9667-1428841e40a0,6232,Health Card,6351832,2034-10-20,True
2a6b7748-7b7a-4cd8-9b23-7831121d7c30,6233,ID Card,3924332,2035-12-06,True
8a04be11-a327-43bb-985f-fa268b105778,6234,Passport,4011368,2028-09-05,True
3bf93b3f-4501-4f4c-8748-2a8604bdc27c,6235,ID Card,4441535,2031-03-18,True
c87320c0-6c7e-4d04-8d9b-34a6b8797f88,6236,Health Card,8690492,2029-11-01,True
74088b8e-eb0a-463b-8924-46974a9224d0,6237,Health Card,1474941,2028-01-31,True
f16cfee2-39c6-4fc9-8958-666d66956abb,6238,ID Card,1028623,2028-11-02,True
33015361-376b-43f5-95f1-c99396d1b75b,6239,Passport,3673110,2029-08-06,True
c4227049-9496-499f-8090-f0f6e4f9cc7b,6240,ID Card,5013941,2033-07-29,True
9bc6360a-59f0-4690-b567-0db34edc1230,6241,Passport,8396867,2029-09-01,True
6aacc9be-3759-4f90-a318-235c5175d0b6,6242,Health Card,5284244,2030-01-19,True
e21344da-7efe-4fd8-95c2-9d03d3752044,6243,Passport,7851815,2033-06-12,True
0c19d192-e992-496b-b0d8-be3f47f928c6,6244,ID Card,4485827,2028-10-23,True
e4edc99b-d11e-4fe9-b220-70e254563116,6245,Passport,1442454,2031-03-06,True
32d701ba-a4c5-40b7-b7e3-d1a71a94e03e,6246,Passport,2042245,2027-12-01,True
dca5f1a3-4097-4ca5-bdf6-dedd03d03d98,6247,Passport,9559226,2035-04-08,True
8b71987a-7f2d-484f-a22d-3e87eef7205b,6248,Passport,3865207,2030-11-23,True
fd3ab722-1b7f-4fc2-8748-70d9201eaf47,6249,ID Card,6114104,2029-01-31,True
9eba838c-cab2-4d1c-a661-9ab05e7e7b93,6250,ID Card,7484016,2031-07-19,True
b40ecf64-fc09-4cfb-afcf-cd2ec82fc968,6251,Passport,2482837,2034-06-29,True
f57d8825-6542-422a-a4f8-08acd9224bf0,6252,Health Card,5430995,2033-01-16,True
96ef15e3-10f1-45c7-8c69-4917ee56db94,6253,Passport,5665429,2030-08-13,True
02f36af2-0388-416c-b042-c53268f14a29,6254,ID Card,9726339,2035-10-25,True
4c1a28c6-a49a-4985-a813-e87090592ef2,6255,ID Card,5213202,2035-01-27,True
ff63b455-d7d7-425d-ad0d-30c4cec5a628,6256,Health Card,7185528,2028-03-14,True
cdc5a454-1837-4056-831c-e33ab47678b6,6257,Health Card,4656855,2030-02-18,True
96e4f134-1b70-4a3b-9165-9e57e2872bc3,6258,Passport,8899932,2035-07-02,True
5479de24-304a-46f0-8263-82ac30b6b892,6259,Health Card,2552145,2033-10-23,True
699bd626-a783-4eb5-981f-b33f0c15afee,6260,ID Card,3695301,2027-03-21,True
99f5d7f9-dba9-4a2f-bfa3-2dd4ec09f924,6261,Passport,6116995,2035-11-26,True
5cbd5a73-9ccf-45fc-9e73-1765179ad5b1,6262,Passport,5071321,2029-11-20,True
209b0d0a-fb7c-44bb-a3fc-fb8b09b966f3,6263,Passport,5367546,2028-08-06,True
3d6c9591-98d8-49d5-8e3f-8ab4c4818639,6264,Health Card,3259055,2030-06-12,True
89a4b7c5-bbfd-44a8-a59e-d020cb195fe3,6265,ID Card,3269110,2032-07-15,True
02285b28-fb97-47b5-87bd-f2ee709f8e11,6266,ID Card,1508503,2032-08-04,True
9dda4989-f397-4093-b8cc-6d08f9f2c48a,6267,Health Card,5300902,2034-12-11,True
389f67e9-baec-4a3f-a4c8-261ef79eda8b,6268,Passport,4552148,2029-05-22,True
d368641f-2d3f-49e1-9c5b-6fae1634c9f9,6269,Health Card,7818380,2033-12-25,True
2553dbba-7b86-4847-9388-24cb2d2093b4,6270,Health Card,3812675,2028-08-29,True
39035615-888a-4b36-959d-c557a6abf6f0,6271,Passport,2303258,2031-04-07,True
b6aae5b7-f378-4b16-a3ca-c0011d1f02ef,6272,Passport,9698435,2029-10-13,True
c3f53de1-0057-494e-a0ad-ca9171fa95a6,6273,Health Card,3615197,2034-12-20,True
712c3b13-9097-48a3-801a-aae99b46a717,6274,ID Card,5892732,2028-04-12,True
d64c7292-27d4-4b50-acd9-683c352a7d46,6275,Health Card,6742373,2029-08-07,True
d53a3b51-c563-4354-8f56-6b6f27cc6cb2,6276,Health Card,6647159,2034-01-18,True
8a6716c2-b85c-4e1f-b4c1-c2f9bf2b11cc,6277,Passport,3425354,2033-09-04,True
c5f1053b-3cf2-44b1-a5ab-05ea5b7dfcd3,6278,Health Card,2324705,2034-10-09,True
040cf7d3-34b3-495b-8dc2-da0fd30b85c0,6279,ID Card,7781321,2033-10-01,True
3c5d2604-98b2-49f0-bca1-b4ce6d5a744e,6280,Health Card,7389732,2035-08-08,True
ec9e2a80-58bc-4bef-9b24-6a4b1a21b768,6281,Passport,8279269,2030-07-03,True
c1d63c64-bbda-4276-ba31-85c88f39efd3,6282,ID Card,6647659,2029-11-22,True
3839a4cc-a9fc-4016-9fb0-924aeea15076,6283,ID Card,5831810,2031-09-21,True
a0d52c41-b2a7-48ca-b51c-a4f1d637106c,6284,Health Card,5705404,2028-12-14,True
40ee3078-bc86-4897-890a-4b9b3f9b7a00,6285,Health Card,7007796,2030-11-05,True
41e1e29b-d4e6-4e90-8d1a-0341f17b1ca1,6286,Health Card,8063702,2028-12-27,True
395cb0f7-5480-4613-9ca9-961113bd6da9,6287,Health Card,3892113,2028-09-11,True
b26e6ff5-2ace-44b5-96ec-2c81fb516930,6288,ID Card,7866737,2035-11-30,True
9be1c4ea-66bd-4644-b6c6-2e079c851089,6289,ID Card,8131937,2035-01-22,True
5aea3573-8c77-408a-a81b-9b2a8335a0d6,6290,Health Card,5837583,2028-03-21,True
6be39bf4-e228-459d-b1f7-4cd544046bf3,6291,Health Card,6683284,2032-04-28,True
7f82e283-6fdc-4e2e-961c-f101f8de09db,6292,Passport,9585248,2035-04-08,True
88dd11ec-451e-439b-a9ee-ba04852442be,6293,ID Card,3054984,2031-06-22,True
64d289dd-d626-4bd6-865b-0521b529d92e,6294,Passport,3629800,2030-02-17,True
ddc7f84a-d32e-4b24-bc51-25daa5b39567,6295,Passport,6635109,2030-11-20,True
e45c25ff-a54f-42ef-be4a-2cb4f8b0cbb5,6296,Health Card,2634393,2033-01-21,True
ce330ed4-175c-483f-8232-4d621dd7def6,6297,Passport,4019007,2028-05-15,True
222c4fbc-194c-4273-a4b9-629840a01012,6298,Health Card,8518817,2028-01-16,True
ca304dc0-95c5-47c6-9503-ab123ef5b438,6299,Health Card,5073892,2030-10-03,True
2e4f405a-acab-4a38-87d7-4dcda323dd08,6300,Passport,5146907,2029-07-20,True
77c4bb81-0824-4d85-b5a3-8bd9d946d89a,6301,ID Card,9847008,2034-01-30,True
78adb799-00d2-48ba-81cc-c9d66250c1c1,6302,ID Card,8211729,2033-02-25,True
e63b37c7-bd3f-4870-8972-29b42db5830a,6303,Passport,1016904,2028-09-24,True
7c0ced1f-4c00-471f-9c30-0a340180a7fe,6304,Health Card,7261056,2032-06-28,True
db07469d-1139-4a90-b09d-6b062f93b57b,6305,ID Card,5614743,2033-01-18,True
b9d3bd7d-349e-4cd6-a472-e2db1f58089b,6306,Passport,2552348,2034-01-27,True
f9b61cea-6269-418c-a915-7d0938bcc650,6307,Passport,3362684,2029-10-03,True
ffcc0f51-96d8-42e3-bb8d-c557bf00fadd,6308,Passport,1168608,2032-08-09,True
c54c3a81-5711-486a-9281-867c405ee1d8,6309,Passport,4851432,2031-03-28,True
5a4e52a3-6c64-445f-8828-ef22c1507ab4,6310,ID Card,3977245,2032-07-23,True
3ae35796-7adf-4ffd-ab36-3fc6c599f688,6311,Passport,5817372,2031-07-07,True
69eecf66-2aea-4b5f-8823-57ea79bf148c,6312,Passport,8608050,2034-09-14,True
b2b1bc0d-a624-481d-b407-5d6509fb484f,6313,Health Card,7698419,2035-11-07,True
4a8604e2-50df-43a8-ba5f-fc5fcfae37d1,6314,Health Card,5392845,2027-07-29,True
7f4f9ed6-75a4-41f5-ad0b-2064f05c42b5,6315,ID Card,2278046,2032-06-17,True
74ceb700-9877-4af4-a726-e659a1db81c8,6316,Health Card,2106628,2031-07-20,True
8a993653-c62c-4a16-b7a9-dd9d06b9a26e,6317,Health Card,3675775,2028-07-16,True
3d67c2ff-b837-4c33-abd3-c68a1699707c,6318,Passport,6723991,2028-06-23,True
0ef29844-136e-4bb8-b969-af66534c8c25,6319,Passport,8038714,2029-09-03,True
c6379748-5ee4-4a5f-8ef2-1726124e997b,6320,Health Card,5362736,2030-05-15,True
dced970c-01c0-4ed5-8ee9-b8877313ab0c,6321,Health Card,2859737,2030-11-07,True
76826e59-8d6d-41f0-b52f-695012b04317,6322,Passport,7048987,2030-01-01,True
5cb57fbd-9259-472f-878b-659f84eeda9a,6323,ID Card,5219382,2033-02-25,True
e7f97ff2-3c0b-4f1e-8a97-62e8ccdf17bb,6324,Passport,7963127,2028-12-30,True
7a782627-2e50-4f0e-9234-5de10640c863,6325,Passport,5194930,2029-05-09,True
c0c438a7-bc7b-47a9-919f-59e3c4694876,6326,Passport,9551482,2027-12-17,True
7ce32b2a-16fd-4eb8-b374-84b92966ab5f,6327,Health Card,8888946,2030-12-25,True
e411c521-9ace-45f7-956f-f1dc67a561df,6328,ID Card,2409891,2029-11-20,True
3d585b31-8d5f-4f8e-b9ff-d9aba3bd5007,6329,Health Card,4056388,2029-09-16,True
f22c249d-8383-405a-9498-c6c0c55e1765,6330,ID Card,8639486,2031-01-29,True
33039950-3ef0-42d6-aeb5-d508b1139f0e,6331,Passport,3126351,2033-12-09,True
b01f87a6-4627-41ae-8297-c357b449e738,6332,Passport,9363633,2027-08-13,True
7f1b37cf-ca93-400c-b252-9a92f8f9e1dc,6333,Passport,9938752,2027-10-30,True
acdcc26d-d57f-45ea-81c3-a97b01644567,6334,Passport,6084463,2031-02-15,True
9b7845bd-c6db-4328-9a0f-f97008dece57,6335,Passport,6820231,2028-07-14,True
d957eda9-845f-4b69-acb6-4aa34ca98320,6336,Health Card,5559724,2033-06-17,True
7179ab00-5fab-4d81-986a-5c20e3117d94,6337,Health Card,2727468,2029-08-29,True
bc0a1a25-c78b-462e-ad20-ec33061cd22c,6338,ID Card,1587930,2030-09-22,True
c2bb5d5e-2b25-4414-a749-a785d4e1f301,6339,Health Card,6553883,2030-07-25,True
10e40d4d-5da4-4fc0-bcef-1128a2bd4fb8,6340,Passport,5283076,2035-10-07,True
042bf792-6f62-4847-a2d4-1b401b046a88,6341,Health Card,8213709,2033-06-10,True
6c7b17dc-bf80-4c03-bd01-6eccf92b578e,6342,Passport,7239225,2028-09-22,True
84c9dab9-c0c3-46f3-9e02-b5f763f33503,6343,ID Card,4698302,2034-07-24,True
e01391e8-e815-400d-9c45-83ceee7cc975,6344,Passport,9021162,2033-03-23,True
5e2c57b0-5a1f-4906-a70d-45937deb73c1,6345,Health Card,7362635,2033-06-04,True
9ebe2b30-8ce7-4b13-a546-5ee588fe6064,6346,Health Card,3854046,2027-10-01,True
12406dd7-fbbf-4d3d-89e4-e0e17b3b04af,6347,Passport,5646034,2028-09-03,True
5e47a6a3-0800-4bc5-aeb3-2bf20e1fdc8a,6348,ID Card,5537494,2029-07-16,True
57ecba60-30e6-435e-96b9-ed427db2fc2f,6349,ID Card,4135188,2032-12-31,True
9f132bd2-2e9e-44d6-8bf6-77f92fe04375,6350,Health Card,4451646,2032-07-14,True
47093e4a-e0d4-46dc-87a6-585a0bd4b988,6351,ID Card,6457443,2034-10-12,True
f8bd04db-0dda-4783-83bc-03bf9eb62b4a,6352,Health Card,8198205,2032-10-25,True
13716ef3-6d80-44b2-9078-aed06d330195,6353,Passport,2965420,2029-03-18,True
0006ac5b-7b69-4fd9-9533-7b9d393c6992,6354,Health Card,3342355,2028-06-18,True
51ff3bf0-b30d-489c-bcc6-6ed0e947fe68,6355,ID Card,2928792,2034-05-24,True
164cd151-a4b6-43d4-b557-94a5a98cadb1,6356,Passport,9027907,2030-07-28,True
6a1f7bd5-c71d-48db-b628-219033f58ddc,6357,ID Card,8959476,2034-12-03,True
e617cfb6-7e7f-43a7-8ae9-aa371fdb019f,6358,Health Card,5472091,2031-05-15,True
6bacf13e-8fd1-4d7d-90d9-472a1e2125bf,6359,Passport,1870942,2033-08-29,True
237b94e4-5247-48bf-bef1-1695262e12b4,6360,Health Card,7151078,2032-08-28,True
02e04b9e-9a5f-4698-9ab1-f7d2eab00d02,6361,Passport,2483847,2034-11-14,True
186c150d-451f-49de-ac96-7234bc6393c0,6362,Health Card,8736772,2027-05-19,True
7c5f02d8-ce9c-4f26-8edd-8dcc9f261fda,6363,ID Card,1155517,2028-12-29,True
e43b6029-797e-43b5-b1f9-9703cb22d080,6364,Passport,7407063,2030-10-08,True
505eebb1-7bd5-4624-bdbe-5d17fbe0d4ba,6365,ID Card,7983168,2029-08-02,True
51d4c6f8-4f57-4e60-b01d-88dee5115bcb,6366,Passport,2930014,2030-12-05,True
c5b2dfcc-0a82-407f-b218-e69680b5efb5,6367,ID Card,9785741,2035-10-14,True
9040ea63-84db-47dd-a8c4-610fb940944b,6368,ID Card,1103809,2029-11-02,True
c2bf36dc-9001-4217-8336-585a55bdf26e,6369,ID Card,8083352,2029-01-21,True
3718ceb0-d389-4e51-93b5-4ec49df5949f,6370,Health Card,5012887,2029-09-02,True
95f019e6-316a-44ea-9360-3b7d4a2770ff,6371,Passport,2690604,2030-09-02,True
f6a2ce40-4546-486c-aa21-38dac9a0c54c,6372,ID Card,9722346,2030-06-17,True
60ed9b1c-f29a-41d0-b0e6-69b747a8ba9e,6373,Health Card,5902746,2033-11-26,True
1e4f7554-e7bb-41c4-ac3b-3ca52e69811c,6374,Health Card,6494705,2031-05-09,True
5b4e48fa-beb1-45a3-afff-c6dca54cb536,6375,ID Card,1966181,2030-08-12,True
02133df9-e725-496e-a174-bb6496dcbb9a,6376,Health Card,7176441,2032-08-21,True
785399ba-4bba-4f31-9d6b-4ba8bac35926,6377,Passport,5247241,2032-12-04,True
9e32a18a-42ce-4284-9b66-daeae9152b02,6378,Passport,4726598,2030-12-09,True
9d40d7ae-cd9c-4e87-ae81-42a4fb5ecf52,6379,Passport,5297837,2031-05-01,True
b610903c-4e48-4ef2-bc40-a5bed99ce381,6380,ID Card,4859594,2029-07-25,True
3ef7678d-7b2d-45dd-8310-d8ac361ccd49,6381,Passport,4252184,2031-02-05,True
1375dc04-7a5a-4d43-965e-159d8f7e1b9f,6382,Health Card,8710145,2030-10-20,True
4e5e0f84-e153-462a-8a94-8657c938104e,6383,ID Card,1660351,2029-07-27,True
bde2976a-1e4a-46b5-8af0-54b9168c424c,6384,Health Card,8959941,2028-06-27,True
9ad4cfa6-88c7-4bb5-9f3c-ea25ad524f04,6385,Health Card,6289879,2033-03-01,True
1a0a8904-fd3c-42ec-815f-68d3d93f2ae3,6386,ID Card,7646463,2029-10-03,True
9ebcdfb3-665a-469b-8d28-4a0a53ba461f,6387,ID Card,6431017,2031-08-29,True
d1597b15-09f4-4acd-b7a2-dd81b01478d6,6388,Passport,6867109,2032-10-07,True
1f21ccb9-a6ff-4001-b6b7-3670a5c8c1df,6389,Health Card,7392626,2028-10-14,True
fdf0e636-fb20-465f-9a42-d8bbd51face8,6390,Health Card,3312960,2034-06-05,True
37836cf3-f44e-4521-98b0-999e0ebd78b7,6391,ID Card,4442962,2033-04-15,True
a31266d2-9e40-4369-b0aa-c687528ff847,6392,Health Card,1483984,2031-05-21,True
4bb23ec8-1c7d-4162-a3dc-5de631082379,6393,Passport,4543779,2028-10-11,True
9405b9dd-376f-431f-9355-65eb4fd2080b,6394,Passport,9114049,2034-10-05,True
69fe28e6-ea77-4531-b894-7bbfe6b669a2,6395,Health Card,5735893,2035-04-02,True
fa2137ca-8551-4792-8d5e-4bce872cbdf3,6396,Health Card,6208839,2032-01-07,True
d12c1198-8fd5-4aa6-8792-ca4f4a807e53,6397,ID Card,9651824,2033-03-01,True
1deccf56-d6e1-441e-9d77-5b248edb4956,6398,Health Card,3475200,2029-08-14,True
a9ef4991-04cf-4a97-bde2-9a8db881067f,6399,ID Card,4671343,2033-12-07,True
9c73d3a3-cca4-4cce-974b-8625109f5da9,6400,Passport,3649859,2035-08-01,True
13303db8-ca17-4e93-8876-bb8a19f99f80,6401,Health Card,3976845,2030-11-27,True
7e8c3416-c1c6-4437-9f4b-a5f721150fc0,6402,ID Card,7790841,2033-03-14,True
77b0e6ff-6837-450d-9414-1fc5384bbcd7,6403,Health Card,5556574,2035-01-03,True
a37017ea-2f1b-4f42-8852-7c4194fbb94a,6404,Passport,5246807,2030-10-19,True
aef0f3a6-20e1-4e98-98a6-a1bea686c683,6405,Health Card,5515372,2032-01-16,True
d8ddf7f3-0015-43e9-9d17-a0c1d334d052,6406,Health Card,8192102,2035-01-19,True
630e2262-c434-40c1-b4d9-329a8398345f,6407,Passport,1418598,2034-10-18,True
e44acf57-df71-4670-89a0-dad6e80f32cf,6408,Health Card,2528521,2034-03-24,True
4e1f0210-ec20-46df-b279-1bcbf9ce8b7d,6409,Passport,8131223,2029-06-11,True
dbe67a47-751c-4726-96a6-37e565b64413,6410,Passport,1899791,2032-02-04,True
7f88cfa2-2b9b-4d68-91e3-7f499fb5e46b,6411,Passport,4778148,2028-10-27,True
5ba94fe8-eb44-4861-a7f9-b4ca7e874cda,6412,Passport,3552508,2029-08-21,True
d7036bf0-514a-49a0-bbbe-49e4ee93aa38,6413,Passport,9107441,2035-05-29,True
1f37894d-7289-4184-9490-be6c9423e7f0,6414,Passport,6860277,2035-03-12,True
80f898ab-299a-47f7-a0ca-435c1543b465,6415,ID Card,5929608,2032-06-07,True
a578de6f-8a9e-4bdf-a442-5325cf5c4326,6416,Health Card,6176946,2032-02-22,True
a0046362-ddbc-4b6a-b3cc-e32329a88e62,6417,Passport,2517452,2034-03-27,True
0af52c60-e4fa-4ed5-be2d-09a95c2d96d2,6418,Passport,5096550,2029-09-22,True
a2686eab-ff77-4c05-ab19-340de005a532,6419,Passport,5067051,2034-08-21,True
e996dfed-f7ca-42f3-9dd9-1bac0df4e8aa,6420,Passport,2720139,2029-07-12,True
11bdfd73-d9b9-45e3-837e-a3f2ec9c3be4,6421,ID Card,6212653,2028-05-06,True
7d997355-2e91-49cb-90cf-1665035539a5,6422,Health Card,6543523,2027-12-21,True
97b036a2-4927-44ed-b613-a6d75296b50e,6423,Passport,8353901,2032-12-13,True
b39c4637-ee8b-4443-9f2f-eb3446a78303,6424,ID Card,1801256,2029-02-07,True
d1d39cf3-8c88-4c45-a05a-13039f9632b1,6425,Health Card,3023096,2032-12-17,True
1dda1ba7-3ec1-42c9-b3a6-84f5cca56612,6426,ID Card,2413332,2035-09-08,True
54aa3db1-fbec-4623-bf51-b4feb52955a4,6427,Passport,9549506,2029-06-22,True
9d2ed4bb-b654-4200-9113-c1bc478b51ad,6428,Passport,6958027,2030-09-12,True
bc559285-d290-41ea-86f8-003c9f29a36e,6429,Passport,6548508,2029-07-26,True
d8a5c884-a973-433d-852c-2c20a5dc4611,6430,ID Card,1826685,2031-08-01,True
86272ce5-f7f8-465b-923b-16d1935039d2,6431,Health Card,8925789,2034-10-25,True
16751160-0e38-4fac-88fc-788acfe59dbd,6432,Passport,2607363,2030-01-27,True
84b34935-3ab5-4d60-ac99-dfb2a6fe4306,6433,Health Card,9436848,2027-12-01,True
be80b993-fce6-4ff3-b989-95cba3726380,6434,ID Card,7835205,2030-03-23,True
7bd2493e-81f0-473d-85d8-b8fa1f8a7bd9,6435,ID Card,6963578,2035-11-16,True
2a5aee55-9c1c-48dd-9203-1179f0831cdd,6436,Passport,4829569,2035-10-30,True
ce5408a0-ead6-479b-97db-514ef2f52149,6437,Health Card,9004701,2032-08-19,True
7b0a7d0b-655a-44ea-bc2f-29adc72edb59,6438,Health Card,6737587,2028-11-12,True
14ed758f-ca04-4c24-bbf2-72aebb86d382,6439,Health Card,1378015,2033-07-20,True
a46ba2b2-e0fc-4162-be7e-a71983a03b8e,6440,Health Card,6983486,2028-08-04,True
797de167-c359-400c-a585-ed98bfb6cd38,6441,Passport,8576211,2032-06-16,True
d2722547-55d8-4cb3-97fd-fdb7d10ffa54,6442,Passport,2275959,2029-02-08,True
983eb894-a7d7-4ea9-a36d-f15a2de93275,6443,Health Card,8680054,2028-08-29,True
c543641c-7288-4902-91b7-3bc44b17651c,6444,Passport,4452165,2031-10-26,True
2f7cf416-6296-4739-8469-2aed223a1e72,6445,Health Card,8845395,2028-06-08,True
420c2951-2963-4afa-bc13-66a43436a8f6,6446,Passport,8341251,2032-03-08,True
d5e1c0a2-6cc6-436c-9195-599ba42812f3,6447,ID Card,7860733,2030-01-19,True
ae88bbc4-9c08-4f30-a86c-97be29adef4a,6448,ID Card,4512784,2029-07-12,True
9b8eb35b-d849-4998-ba88-d1368d9a5ec6,6449,Passport,6091393,2031-10-23,True
99bdfda4-d77c-4f8c-bce9-7fcda0e64e4d,6450,ID Card,1387505,2033-12-10,True
974e83f1-5198-4aca-bdda-d08e1f4777c4,6451,ID Card,8131739,2027-02-27,True
fa5d8ceb-1bcb-4b4b-8690-93cdd37d319e,6452,Passport,4678686,2028-04-03,True
7ac573ee-09f3-4bae-8c73-c5fb66e6aa40,6453,Health Card,3373037,2035-11-06,True
4b0a518c-5b3c-42b0-a242-5f28b532c566,6454,ID Card,8688055,2031-06-07,True
9c246beb-36e0-4416-b79f-21686963d48c,6455,Passport,8270355,2030-12-08,True
4b8ec9b2-28d8-46c3-9ea8-772215e1b470,6456,Passport,2343696,2030-03-17,True
d7a7b386-1892-4762-a23c-2a60234933b7,6457,ID Card,8695845,2031-10-22,True
83dc9093-951b-4a08-828b-848680e374d4,6458,Passport,4122319,2027-09-27,True
c79fe469-5087-435b-82fe-256d892785e2,6459,Passport,6875127,2032-12-16,True
822ba179-8421-4792-af2e-adb56aa3dff1,6460,Passport,6398561,2029-03-19,True
9a7369b4-3c90-46a4-800d-772d28dd13af,6461,Passport,6040977,2033-02-24,True
1851956b-9861-4fa8-93d7-347e8fcc98f5,6462,ID Card,9109411,2028-12-17,True
18834b20-b8b6-44e4-b3e3-02c844e7650a,6463,Health Card,2949994,2030-09-09,True
76e51239-10e5-4081-bf48-0a3ff8d5739b,6464,ID Card,2032150,2029-12-31,True
92d48fd2-4ded-4896-9e75-13bb3d8641fd,6465,ID Card,8468628,2033-03-15,True
ca4759f2-1b27-430f-9210-652918cf9f25,6466,ID Card,8640154,2035-03-20,True
22ff76bf-abb8-4957-9819-0c7a186b7a7a,6467,ID Card,4740645,2028-11-07,True
b26563d4-596f-4ad4-8ef9-89eefc6cc37e,6468,Health Card,5457049,2032-05-26,True
4aee56c6-87a7-47c1-82c3-6c7f0d44ea9c,6469,ID Card,8847272,2027-09-15,True
f9879ac1-e1e9-42d3-a73e-76c52341a304,6470,Passport,6318434,2031-11-21,True
4651971d-43b4-43d6-99cb-527c1f9dc938,6471,ID Card,5550118,2027-04-16,True
0b7534e6-9c3d-4d3f-97a5-a41dd10103b8,6472,Passport,8231868,2035-12-06,True
40412fe2-f5a8-4496-b1b0-b31de7e9ab18,6473,ID Card,4550141,2032-04-08,True
4dfddb29-5916-4ebd-909a-b9833046cff0,6474,ID Card,6920950,2028-08-17,True
c0080ee0-5022-41ca-a648-a647b496e15c,6475,Passport,2406838,2033-11-29,True
567fd76b-6713-4a45-b256-689368c5a4ad,6476,Passport,7784549,2031-04-29,True
642d4efd-1870-4fc2-86ca-9ccb38b5d246,6477,Passport,3192202,2028-06-02,True
05c09ccc-02e3-45ba-b117-25a1ff4370fc,6478,Passport,7805766,2035-06-20,True
e2e211bb-c6af-461c-bb48-9c3ce26f369e,6479,Health Card,9741664,2033-04-10,True
f9efab15-df36-43cf-b472-9ac284f337ec,6480,Passport,1333054,2030-03-06,True
17bbf994-d450-4220-9948-7d34993c1ae9,6481,ID Card,8382335,2035-03-06,True
45402c2c-c550-4e2d-86b2-cf92b22f6b6a,6482,Passport,4563259,2031-12-31,True
5c391773-edea-4677-b04d-a8507ae3fd73,6483,Health Card,7995309,2033-03-18,True
ec8577f5-8531-40c7-8408-62a940fee6d6,6484,Passport,7296118,2035-12-01,True
9da101d1-2805-4c25-a36d-98144ef4fe65,6485,ID Card,6331364,2034-01-16,True
982e3297-9d48-47cb-801d-11b07227f110,6486,Passport,2359606,2030-11-09,True
f60f7a09-03b8-4fa5-a1d0-34a774e5d20f,6487,Passport,2048689,2033-07-27,True
1db568a0-03e8-4440-b95b-689e0397b2ba,6488,Health Card,9299423,2032-03-31,True
79fb3de5-2f8f-4d2c-9372-a6cd12444214,6489,ID Card,1982747,2035-12-06,True
3bdb7817-d1ce-411d-aab0-db65209c7539,6490,Health Card,8794646,2034-11-14,True
565ff22e-3791-4286-b122-2f27d03c272d,6491,Passport,2097737,2027-04-28,True
a153df9f-4295-42ff-8588-4affc7275762,6492,Health Card,6327057,2028-07-03,True
ba8402af-6abf-4df5-ac46-5664d407b8f0,6493,Health Card,2514560,2030-04-28,True
2e014c53-1063-4309-9541-954c7cffa958,6494,ID Card,5346571,2028-07-16,True
28093bb4-363b-488c-aff1-df1eee411d95,6495,Passport,5981054,2028-10-22,True
4a0e0bcd-8fa5-4eff-b5dd-6075a133ff26,6496,ID Card,2717444,2030-11-20,True
700643d0-b05b-4bcf-a846-2924bd879598,6497,Health Card,3440084,2027-11-11,True
82bb3a43-7d8d-4340-a6b7-9fdd81a3fe59,6498,Health Card,6156936,2028-04-26,True
8f4c2db0-979a-4575-a24e-c45979429618,6499,Health Card,3873219,2028-09-06,True
ad0d2605-4ecc-4f4b-a1e3-55464dc41899,6500,ID Card,5860084,2032-05-16,True
9917b2b8-329f-46ad-be76-3c14b55b16cd,6501,Health Card,3889832,2031-11-04,True
fa0b46d6-fce5-42e7-9a37-3110c9889b15,6502,Health Card,8192918,2031-11-13,True
d88c028b-6e64-45bd-b96d-fd6ef5512cc9,6503,Health Card,6750338,2030-05-23,True
5e32463f-172c-44c8-a7d4-604be8b0f2a4,6504,ID Card,3329229,2028-12-07,True
03b6d480-8f12-4b8f-8f0d-2b4206687a16,6505,Passport,6722532,2034-11-17,True
7b3fd2b2-fb87-49a2-a1e2-427898662286,6506,ID Card,2069283,2029-08-01,True
32303e5d-3820-48f0-9529-b9fdf1c2afcc,6507,Passport,5726595,2032-03-24,True
2591b646-d91a-4268-872f-d6a057ab1409,6508,ID Card,1326030,2027-11-20,True
5127a5b2-55d1-49ac-ae61-a2f361b6f09b,6509,Health Card,2413903,2030-02-23,True
1499fa82-4e84-489f-ac52-358d134f2dc4,6510,ID Card,2971512,2034-10-31,True
e7f96a9e-aa28-462c-8200-6ed72feaea59,6511,Health Card,8189656,2027-05-26,True
9949ad84-29de-40e3-823d-1ba2043073cf,6512,ID Card,1989507,2033-11-01,True
6471254c-9929-4139-9e16-2174739f0631,6513,ID Card,1252932,2031-09-21,True
d6aa1fdf-6752-4ec6-a4d6-916e067df270,6514,Health Card,2683581,2032-03-15,True
effd5332-f94d-49e1-afd6-5d2daf0b4bb5,6515,Passport,7537312,2028-12-01,True
20f89194-5bff-49be-9d3d-84aa06817dfe,6516,Health Card,5313719,2029-11-01,True
d66b3385-d610-4b58-bcfd-28cc5c577622,6517,Health Card,3846664,2031-08-03,True
3460e945-0ff5-46a1-bcb3-1804585b49d4,6518,ID Card,5575728,2032-04-05,True
a409234e-7e2a-4a50-8845-df681e344a22,6519,ID Card,9391986,2034-10-05,True
dedbbd60-1b46-4091-baa2-0a4b45d2f268,6520,ID Card,1980185,2034-01-26,True
aee82dfa-6b15-4e92-9eb1-f1cbf9d5a2ca,6521,ID Card,5041619,2029-08-28,True
b86667d3-56be-45a9-86b9-22eb480cf9ba,6522,ID Card,7927364,2028-07-11,True
2e627394-ec77-4d25-bd46-2ffb1ae88fe6,6523,Health Card,2535265,2029-03-06,True
976a3c76-5daf-4c0c-b88a-991ea0c5ad70,6524,Passport,7943084,2034-01-24,True
694093f7-9886-4a01-9306-f0fdcf35c66e,6525,Health Card,3571913,2031-04-15,True
63c23463-3d71-4a0c-be95-2d101ceee238,6526,Health Card,1930665,2028-10-08,True
e3975375-1bad-4e86-b978-c161d77d6207,6527,Health Card,3380454,2035-12-17,True
c3fdbcd8-641a-41a7-9942-90615ccabd7b,6528,Health Card,6955755,2032-04-27,True
21ded2e1-c1d2-44ed-9c71-356603931467,6529,Passport,3341964,2035-10-15,True
4a75134e-22dc-4157-804c-c503a154bfc5,6530,Passport,1509755,2035-03-30,True
86f093f0-3cf0-49ed-bd36-cddbd3e12b1e,6531,Health Card,8993923,2035-08-31,True
b0349cb5-e52e-4520-ae68-ee5fc6aedf16,6532,Health Card,2070012,2028-06-10,True
621a69e2-b54e-45a3-993b-ad011b9fd531,6533,ID Card,9231539,2032-04-06,True
7ed4502f-5d85-45b8-b2e6-5c9815508e71,6534,Health Card,8676525,2032-01-03,True
8429f6ad-6413-41e6-beb7-ed63b340e1e6,6535,Passport,7674619,2028-03-17,True
9706f8cb-7be8-4302-bf0d-0b31cbd2fcb0,6536,Health Card,1289659,2035-03-03,True
be7d2f1e-75b0-4c6f-9926-6486752f194a,6537,ID Card,4539134,2030-12-05,True
a7df3975-f911-4b07-80f1-b2814442d13e,6538,Passport,2040058,2031-08-21,True
cab73f7e-ca5f-40b7-9771-fc41f33df3fa,6539,Health Card,5542129,2031-08-11,True
d4a622f4-15e2-4e2e-988d-ba931dd2eea4,6540,ID Card,6942840,2027-08-20,True
c39ab104-934e-4f9b-9578-0e9319e0a1f4,6541,Health Card,6680577,2028-11-30,True
4e30012d-9c35-4cd2-a9ad-413afa16d0ae,6542,Health Card,4524081,2033-10-03,True
ec1bdcf5-fbb2-4d47-a7a7-c40a2b49ecd1,6543,ID Card,6110898,2034-09-08,True
5b1a67d6-7352-47ca-a3e5-64e45811b340,6544,Health Card,4165805,2033-04-19,True
2fd1a24e-8e91-49a0-9e0d-e9c471b47a3c,6545,ID Card,3350363,2036-01-04,True
4e778f97-d06f-46eb-ad77-0bf56049199d,6546,Passport,6064172,2030-12-10,True
ee4e1f6c-a645-4033-961d-8605dd749ec4,6547,Passport,3456297,2028-10-22,True
6d6e1ec6-aa65-4efd-b34d-2b611732dbf1,6548,Health Card,2509588,2027-12-17,True
c37e5842-8c49-42e8-a993-d9b790b07ff7,6549,Health Card,7437969,2032-10-11,True
f42d9c05-3b0e-49de-aa0f-e17be996cb53,6550,ID Card,3423419,2032-12-08,True
778498ed-9a43-4903-892d-a1826f29f1d0,6551,Passport,7233643,2035-05-15,True
d073482e-344e-4bc9-9c31-28b5ad41e6a0,6552,ID Card,1682057,2035-10-01,True
b3896138-669b-4659-ac46-497faa12c469,6553,Passport,7474653,2030-03-12,True
1ca84a5c-d287-4871-b63b-cf9a2a7ca14e,6554,Passport,3309188,2032-03-11,True
ac617568-59d2-4126-9b13-82449dbd7a86,6555,ID Card,8314064,2031-08-24,True
53e0f2f3-1044-4964-8f0d-7dda4fd4e5fe,6556,Passport,3608931,2033-07-02,True
b039341e-7efa-4c03-99c7-d8f2ee0ffc22,6557,Passport,4924404,2034-08-25,True
2cf22741-5e8a-48dc-ae79-09be0932fed7,6558,ID Card,3850339,2028-05-21,True
e2962362-d825-478d-b196-7e167c02ee09,6559,Health Card,4093106,2029-11-26,True
d9b1ef88-539b-4e18-9b05-eb0cb6eff131,6560,ID Card,8568594,2035-02-08,True
a53fd5c2-ff8f-412e-8887-a8b82997991a,6561,Health Card,3253432,2030-06-15,True
82bb8977-d08c-4cad-a8f7-ae86c32bb63c,6562,ID Card,1927417,2034-08-24,True
54476883-0626-4ad0-bb39-d3a8d1af4961,6563,ID Card,1210420,2034-05-28,True
fa0ca5c5-fb9e-4166-b9e0-aad10fa8d7a4,6564,Passport,8023294,2027-10-31,True
3c6a2ef9-068f-47f8-96f3-15b7b693f95b,6565,ID Card,9527773,2027-03-29,True
367a6051-2d34-4a8d-af9f-817905f3d7de,6566,Passport,2489071,2033-05-19,True
53b32190-9e58-4d9e-a10e-d2ca5e6a45f2,6567,Passport,3286394,2032-03-09,True
4adaa112-eb26-48c5-ba97-7e6930a51824,6568,ID Card,3798718,2030-08-21,True
163ad717-856b-466c-923b-e06575ef2bf9,6569,Health Card,1008033,2032-08-27,True
3387b7e0-db0f-41c5-a2e2-caa10a909f43,6570,Passport,4701729,2033-08-27,True
9491fa9a-6c0f-4a7a-8847-a80ed1f60add,6571,ID Card,1819328,2027-12-06,True
865fe940-6b8c-4f01-975e-a3fa32cf68f7,6572,Passport,6034560,2027-05-12,True
df8db45c-e0d4-4355-9ec1-8e8172752e8d,6573,Health Card,8526706,2027-12-02,True
55fff6aa-b296-4e89-93b4-5eef42153615,6574,Health Card,4516468,2028-06-16,True
d0422e74-7fbd-41ca-bd56-f9e944896aee,6575,ID Card,5514228,2029-07-17,True
3e6a1083-6866-4d40-b473-ce43076e4f18,6576,Passport,1054624,2033-07-24,True
4895b199-32e8-4f7a-9935-3bb989a3d03c,6577,Health Card,8373220,2033-11-14,True
734c37ac-74d6-417b-a525-3eb2ba3fd6a4,6578,Health Card,9200283,2029-12-24,True
5ff3a0fa-414c-4c1d-b66b-a6e1cd81131f,6579,ID Card,4733304,2033-07-20,True
677d6486-650b-4b73-9743-b30f9f8f7bee,6580,ID Card,3780164,2034-05-21,True
10af3c0e-84b7-41ba-b1ce-c7879a426a37,6581,Health Card,3925560,2035-11-22,True
5bb3d082-7358-4383-bf87-04d2b9cb23a5,6582,Health Card,5963104,2027-10-08,True
d497f353-7a6b-4c77-aaff-2ebbcc43d4e9,6583,ID Card,9815434,2033-11-06,True
f4675448-60de-4b03-bc70-5c37c1f12166,6584,Health Card,5457887,2029-05-31,True
9e97c6e1-2e22-435c-8d85-1db4898d1fc2,6585,ID Card,1388842,2033-01-13,True
97217e89-2aa5-44e5-b062-b90fae365075,6586,Health Card,5320685,2033-12-08,True
790c0859-1264-42c0-8d8c-ef31033b8091,6587,Health Card,9165553,2035-04-29,True
4a969847-dcda-4b68-9804-44a5be07bbe6,6588,ID Card,5078045,2033-09-20,True
abfd7fe6-6ade-4a86-bb62-82ba5686ac3a,6589,Health Card,3585384,2030-09-04,True
03f38bda-aab7-4d9a-9e68-19aa075d3b2c,6590,Health Card,3876139,2033-10-30,True
26a3ef8f-ca68-45a0-8620-275567350ee8,6591,Health Card,9757769,2031-05-19,True
daac6f5f-dc69-405e-9efe-455c804f2310,6592,Passport,6038167,2034-04-16,True
e17ad60a-fcd9-4e57-82b2-0e3d59820c02,6593,Passport,4819015,2031-11-12,True
d4dbd868-d433-4d85-ba1f-73101acecf07,6594,ID Card,3662093,2035-04-03,True
2b15a3c5-614d-47f7-a088-c35f1798e032,6595,Passport,8781621,2034-03-17,True
84998ca1-a666-4b40-9ffe-a24a02728e74,6596,Passport,4126337,2034-07-17,True
468049ed-27aa-45df-8406-45bed003d079,6597,Passport,8278526,2033-04-11,True
774861e6-f79e-44b5-8ae0-b5569cb8f2a6,6598,Health Card,2880824,2032-06-02,True
4d8d1f5d-af78-4262-8525-5b55363d143a,6599,ID Card,9383316,2028-02-22,True
cfc35486-1346-4c51-a3c7-5b01dd4126d3,6600,ID Card,5853155,2030-12-16,True
131fb336-292c-488f-b2f2-f2a42e5a4a9f,6601,ID Card,3122129,2032-12-24,True
513f23fd-e416-4443-9918-1130de93be95,6602,ID Card,4001454,2032-05-10,True
368a0137-e64d-4d58-8095-b07cc8c881f1,6603,Health Card,8816898,2032-02-27,True
6157d61c-c10c-473d-9d3d-26facf40a77b,6604,Passport,7395587,2035-05-30,True
72d67616-0d98-438d-ad3e-c2d348f1b7e3,6605,ID Card,7165778,2032-06-15,True
c7053558-72db-464e-bdcf-602d877bb581,6606,Passport,9791243,2034-07-13,True
d88aac5f-96f9-425d-b00c-76b71f82a63a,6607,Passport,8581981,2035-10-14,True
6bb3f7ff-6204-4be4-b9c3-aab59a4033d8,6608,ID Card,1161530,2029-12-02,True
479f39d7-2eea-447f-8d2c-3d4a3a2f999c,6609,Passport,5661917,2027-06-11,True
d1b11b0b-f297-4a17-9af6-4857b0c02d61,6610,Health Card,2406976,2032-06-19,True
d5f54812-f861-49c3-bc1b-fd25ab7be1f7,6611,Health Card,3167120,2032-07-21,True
fcd0e705-d912-4456-929c-60bcb9770f75,6612,Health Card,1501960,2033-06-03,True
708b768e-12fa-4945-94c7-cb8f99275eee,6613,Passport,9445488,2031-12-17,True
6de4de91-701d-4a31-9ae5-e4ae450046fc,6614,Health Card,8860353,2030-12-14,True
b457776b-d130-41bf-bbe0-29dacbf5cd64,6615,Passport,1589506,2031-12-17,True
0a765a3e-d4fe-49e1-a9bb-0f711c5973ab,6616,Health Card,2395749,2030-09-06,True
695000c6-9ade-4549-8e39-410c9306f99d,6617,Health Card,4046417,2034-05-21,True
53d1d797-6d6e-4e14-830b-c8ffc14a50de,6618,ID Card,8681241,2033-01-30,True
d9a0096a-df46-42b4-bf0a-3e6ba8c095e1,6619,Health Card,9183574,2028-07-27,True
41ab6dfd-ff1c-404c-8fe9-bab0f914eb9b,6620,ID Card,2838523,2029-02-19,True
065745d5-06f7-49e7-9f90-d7447474d066,6621,ID Card,3483114,2034-07-23,True
165db4e0-3f11-4414-ae0e-51deb1ebdd5e,6622,Health Card,1499492,2028-03-03,True
99f5175a-cc67-43a6-a891-bba88f45b087,6623,Passport,3053771,2028-06-21,True
8bd4b0ed-5d23-4ad8-a06f-d2fb53bcf093,6624,Passport,6199222,2028-05-07,True
642b2aae-5969-41b1-9f2a-fbf54fd47af5,6625,Passport,6504868,2031-10-18,True
418b564d-32b2-4ac1-8651-c4ed8b5f065e,6626,Health Card,1059214,2031-02-17,True
d5bd4388-f3c5-4fe2-87c7-ed78885a8807,6627,Passport,9468315,2034-12-08,True
8bedaac1-eba7-493f-a7f3-ffc2ed229a22,6628,ID Card,3180618,2035-07-24,True
749ed2cb-5ba2-4f6d-8544-daa0166277b2,6629,ID Card,1353649,2030-05-14,True
c377ca1c-ea41-4f9d-a4a9-9c9b6cb2e365,6630,ID Card,7983163,2029-04-25,True
e03b4ff6-2ba9-4404-8724-abb53314c8d7,6631,Passport,5937215,2029-12-07,True
f6803417-abf7-4143-ac81-c1e3acc54493,6632,Health Card,7333117,2035-05-25,True
ffc50d01-4d04-4dcf-b4e7-7f64c02f90f5,6633,Passport,6983455,2029-07-05,True
2ad57176-4967-4a08-aa56-0e87aa0fa859,6634,ID Card,1182034,2028-08-16,True
dc699882-90b4-4161-9e7d-809111d9cbed,6635,Passport,1519268,2033-07-19,True
ac87b716-d890-4f8c-940f-4dc3845e4591,6636,ID Card,4134567,2034-01-11,True
ec3a492b-34bf-4dd6-88d0-9818558005c2,6637,Health Card,1409338,2031-08-24,True
c2b9aeb0-6eae-4d98-a26b-5d418fdc9cc2,6638,Health Card,8451853,2027-06-26,True
f7780cc2-a3e5-4fcb-aa98-93613ee3d43e,6639,ID Card,3154594,2029-04-05,True
1b198414-3c18-423f-8cec-06ac93ad1453,6640,Health Card,6276489,2029-06-26,True
faac5c09-6c5a-4e80-9731-fb6c00aee6dc,6641,Passport,4231701,2031-04-20,True
0f326b94-6eed-4d36-bbe1-6996f4738876,6642,Health Card,8746033,2027-06-01,True
5515eaa5-0b90-477b-84cc-3b38ee9fbfe0,6643,ID Card,5141167,2034-07-17,True
245dca91-0825-4efb-99e5-6a67fdbf1fbb,6644,ID Card,4621623,2031-06-12,True
c48b5e65-3e7d-437f-9fca-a03567e8c7f8,6645,Health Card,6342166,2032-07-26,True
b398ec44-0c74-45db-85c4-c266b3c8f309,6646,Passport,4600202,2029-10-25,True
5903dd1f-9ddc-41bb-93f2-9592ca427fcd,6647,Passport,5498373,2027-03-10,True
3bfb4549-63f1-4a72-a22b-d6c2d0a8aa8e,6648,Passport,8317845,2034-12-22,True
6fbc1e68-9726-4373-98ef-bdeac9140ea4,6649,Passport,1505049,2030-02-15,True
334c2143-4b95-409e-b6ff-7db57964a7e0,6650,ID Card,2479735,2030-11-10,True
6d47553e-db09-4516-a72c-9f2d1804be31,6651,Health Card,1028599,2033-06-13,True
93025a7b-59ca-4c55-8162-7886fec1f00f,6652,ID Card,8381475,2033-11-20,True
f837a4a0-a881-4785-bc74-895f677e64ff,6653,Passport,8240156,2028-05-25,True
2f519d09-2c39-47ba-8e19-620b933409b9,6654,Health Card,1432206,2030-12-18,True
6728dea8-cfda-495c-9cd4-5a9c5f7bec2c,6655,Health Card,5887689,2034-11-23,True
844661c5-8519-4525-877a-421353f14c4a,6656,Health Card,2477148,2033-09-15,True
08680eb8-50a5-494d-baa4-ad7513236767,6657,Health Card,4278307,2030-09-07,True
9dc821d9-2d96-4742-97e3-97c74f4ab73f,6658,Passport,1232492,2028-03-30,True
f2e5b24d-fc39-4799-aee4-d26c638ad0a7,6659,ID Card,7520937,2031-06-26,True
b1765dc0-aa70-40ba-b82f-78c00c66a3c2,6660,Health Card,3528858,2032-02-02,True
026a6761-6743-4927-b1d4-5247a6bdea57,6661,Passport,5156759,2035-10-15,True
8ccc3c3b-a9d7-44e2-97cb-780745d3300a,6662,Passport,4327643,2028-04-20,True
4b255636-12f5-4f03-815d-d15e492eb3ad,6663,ID Card,7839917,2028-11-28,True
526ffe10-bb19-496b-97cb-06137aad0f87,6664,Passport,1278737,2034-01-31,True
98371552-7b57-4055-ad19-205f4898ed69,6665,ID Card,7568517,2027-11-03,True
3d609fbf-dd8d-4093-afab-2fb0e43389a1,6666,Health Card,3226807,2033-04-11,True
53e7debf-c722-4346-aa05-b8c1404c2e0f,6667,Passport,8327851,2029-05-21,True
e75a92f5-9161-4bbe-a58a-ab0f86a4e8fe,6668,ID Card,5281474,2032-01-30,True
05e5bcf2-00ba-45ae-bdf2-576d0c2ebea8,6669,ID Card,6550045,2028-04-06,True
69552d04-2a9d-45f2-b30f-25f063d7c4f5,6670,Passport,3553085,2031-07-12,True
a4956ce4-a87d-4b9a-8843-e77de6414664,6671,ID Card,2048925,2034-07-24,True
8472e7a8-0d49-4ddf-b362-b96a63b05324,6672,Health Card,4595502,2034-03-07,True
ee989f76-db92-4dd5-b5ce-d6c4d4eb33d4,6673,Passport,3198146,2028-04-11,True
b6b4e21d-5ec7-4fe2-aa0b-4360ff46497f,6674,Health Card,6829144,2028-09-21,True
7bf622d8-1765-440e-8da9-11f711d1fe78,6675,Health Card,4970684,2031-03-19,True
ca38a735-c0a4-40b1-a8df-8fe7ff1ac776,6676,Health Card,3821076,2032-04-13,True
3c650c8b-af45-44dc-83ac-dbe839f318b2,6677,Passport,4208904,2032-07-17,True
86c4d8f1-a3fe-4ca1-80e4-1e1d11a301ff,6678,Passport,2783877,2027-01-30,True
a02309ad-ebb7-4726-a9e3-cbdefcf5d739,6679,Health Card,1217899,2032-08-25,True
d9597038-bea2-4259-9962-c1b97b1e8c9d,6680,Passport,2915143,2033-12-29,True
ebc62646-e9ec-4c04-902a-e8cff05828f4,6681,ID Card,8785797,2033-10-10,True
8c1eaac4-8a79-485d-a224-674000642021,6682,Passport,7391209,2031-09-09,True
0ccee818-9087-452d-a31b-6fbeb4fda6f9,6683,Passport,1009444,2027-04-18,True
a2b9b606-a184-4ca4-b352-2c1cbf1d03e8,6684,Health Card,7970261,2032-05-24,True
7994cdca-112d-44e3-a70a-e70fdac0904c,6685,Passport,1063259,2034-04-25,True
948cb352-1c85-4eb5-b63b-7a66de4ee1c7,6686,ID Card,1914189,2034-12-15,True
c02bd378-57f1-41c4-bbef-33e64a02958a,6687,Health Card,3286792,2028-03-11,True
5a2e3d57-eb48-403a-ab81-d603b2e60637,6688,ID Card,2529225,2034-10-08,True
d454e0db-5a85-4741-97ac-1d8fb8f40f1d,6689,Health Card,2866922,2027-12-29,True
5504073f-50ab-4640-b48e-396f32243357,6690,Passport,4769505,2029-08-18,True
240b9d06-5454-4016-888f-31e35f6b52a5,6691,Health Card,9777321,2034-01-06,True
00e60208-db11-4c6d-89fa-393f2511d3ca,6692,ID Card,1574278,2028-04-04,True
397b221c-7e18-4936-9f3e-7cb220aebd96,6693,ID Card,7877709,2027-11-26,True
c242cc6a-71c3-4197-b2f1-c8f80de3ab87,6694,Passport,2824397,2035-03-07,True
16209ae3-11a3-448a-bdb0-ba9b7390df61,6695,Health Card,5096516,2032-01-30,True
ffbb2931-3cfd-40ff-9d92-97ab6b5f9e2d,6696,Passport,9062135,2035-01-22,True
9c60c29e-3fb6-4e8d-98c8-43ed4be60992,6697,Health Card,3676501,2033-07-13,True
ce79f957-caa6-40a7-a005-4053e20f2a7b,6698,ID Card,4925167,2031-06-20,True
70388c62-fae9-4a4e-85da-c0d7a38affd2,6699,Health Card,7601381,2029-04-21,True
6c6367b2-eceb-447c-abb8-b856e3cd6fd8,6700,Passport,2625684,2032-08-12,True
25d0a445-c090-43b2-a107-add93c895363,6701,ID Card,2570647,2035-04-01,True
d4ce4b18-73e0-4f15-945e-070a39da2864,6702,Health Card,1646374,2035-06-03,True
c64ef5e9-c037-4fdf-a407-f1ee13350c1b,6703,ID Card,4339126,2032-12-20,True
ab03807e-1fc1-47e5-a2c7-b287fd3ff9a4,6704,Passport,6378059,2027-03-02,True
3ac2f49f-2932-403b-9375-7365bc63e9e3,6705,Health Card,2085272,2027-03-11,True
f6a7898e-84df-4110-9f92-dc6b77f33b88,6706,Passport,3250676,2029-04-08,True
1412ec06-9a53-4eaa-9d27-6cc3982b114c,6707,ID Card,3439183,2032-02-10,True
75d0f918-e6b1-4590-b2d8-4613b6619e49,6708,Health Card,1306484,2027-02-20,True
c3ed33d2-a6d6-4553-ab15-0e89ab1a660c,6709,Health Card,3801755,2032-11-28,True
01528a4b-53b1-4040-9765-1ea60b8b6399,6710,Health Card,5255588,2028-10-11,True
5b379416-bc78-4f80-8118-0e2afc19b1a2,6711,Health Card,2802058,2027-05-27,True
4f365c72-5b4f-4835-b33d-1dcd2eefa46d,6712,Health Card,3846301,2030-02-14,True
ec42dd32-f9f8-4dcb-a825-d2d871e0203f,6713,ID Card,2444613,2028-08-06,True
9f1bbfc8-34fd-46a5-8cd7-892562dc2228,6714,Health Card,4629716,2027-04-14,True
2c29a1a7-889a-4047-9540-58133e0f2a29,6715,Health Card,2748849,2027-10-08,True
0366c221-eb0a-41a2-bfd2-ad8973233976,6716,Health Card,7185208,2029-05-17,True
08d1b580-0f95-4b8a-b97c-e8c96ab603f8,6717,Health Card,4876781,2034-10-13,True
d2812dcc-a11b-47a0-b5fd-7770338614e3,6718,Passport,1051381,2030-10-17,True
94a55519-f302-4d78-baee-dcfe73a45263,6719,ID Card,1480143,2030-04-21,True
fdf3a2c2-e1e5-4e9e-97c5-1907e0d0d80a,6720,Health Card,1558905,2032-10-12,True
3d52ec0e-6e35-4222-b7fa-332a54bae4be,6721,ID Card,2673941,2034-03-10,True
4d6821e8-8696-4780-ac05-c3e6bad32032,6722,Passport,4092662,2035-09-19,True
65c6dfdd-a065-4909-b0a7-98bf1c6af826,6723,ID Card,7248898,2028-04-01,True
9fdba010-42d8-48da-ac2a-8c5dad5d6520,6724,Health Card,6954982,2029-12-31,True
fdf88cc8-2916-4ecb-95b4-ae2a2a288124,6725,Passport,5345356,2033-10-11,True
2addf0a2-63dc-4404-9fae-68934622f618,6726,Passport,5654435,2030-11-26,True
9c186db3-df14-4f35-8e2f-c73544b2126c,6727,Passport,7860850,2031-12-10,True
a9792441-51fa-4c77-a634-7e41afac925a,6728,ID Card,4923363,2029-08-01,True
d8d73daf-b2e6-45f1-81af-c20adb351504,6729,Passport,1829764,2031-10-01,True
08dfdf90-ebb8-49c4-b5b9-9628f9767c66,6730,ID Card,9965460,2031-12-13,True
deffe55e-59aa-4e61-9113-0d1ebb2bd880,6731,ID Card,3492445,2028-03-02,True
01fa125d-3723-4a92-8da0-368f0b3bfea8,6732,Passport,1271894,2031-03-20,True
2b24dee0-99da-4672-910f-0fb0b4694f6e,6733,ID Card,3079416,2033-10-13,True
0a20fac7-deba-41b5-8631-7d6195782f32,6734,Passport,6794575,2035-04-16,True
f3518cbd-8442-4613-8af8-d55f85e02e12,6735,Passport,4275695,2027-03-29,True
5b5935ed-eeae-4280-ac21-ee5ab125385e,6736,Health Card,2231208,2035-12-19,True
eae8a5d9-9473-42c9-88d5-62a5c3448144,6737,Health Card,8392655,2033-10-03,True
b1242f8c-5aaa-466e-a167-b2c49a2e4dc6,6738,Passport,7479862,2032-09-03,True
12794999-9bcb-4eb7-95ea-fe4acfc4cb5e,6739,ID Card,5256335,2029-07-02,True
c180f5f7-f0ae-49ed-81de-253f43727fca,6740,Passport,4525199,2028-10-01,True
3554527d-bfe2-4ab9-8b58-ad0104ade418,6741,ID Card,2126773,2027-04-15,True
0185d368-ca61-4113-b9de-9d0dd6125bc3,6742,Health Card,6285678,2030-11-05,True
3115548d-1c7f-4ac4-a11f-04f06dd01d26,6743,Health Card,2981282,2030-08-28,True
b1f0db29-776f-4df9-941d-1e9b856ced5d,6744,ID Card,6825897,2032-04-17,True
4e428569-6b06-46ab-8554-141bf3c511ee,6745,ID Card,7356946,2028-01-24,True
47f00519-33bc-447b-ad28-34bcc843d070,6746,ID Card,6766419,2031-09-06,True
953ff664-d206-4635-a65a-ff6288f0d566,6747,Health Card,9457437,2034-04-16,True
464ca480-9de4-4c6e-9c83-3ceb9fc97c83,6748,ID Card,3877730,2033-12-22,True
dc802d60-51b3-4449-a25f-7742350b702a,6749,Health Card,1447741,2033-05-13,True
9807623f-3e85-4939-ae4d-90d1e0145e72,6750,Passport,2233335,2028-02-09,True
ac53b856-e313-445d-84df-4a7587226c6a,6751,Passport,4507444,2030-02-23,True
40da4961-1a13-40fd-80e9-8070dc08234a,6752,ID Card,4378497,2033-10-11,True
cebf726d-4c13-4310-8305-3f1c2b3cab8e,6753,Passport,4442237,2031-01-21,True
64447e5b-c32e-4b68-a281-639376f8001c,6754,Health Card,5292457,2034-12-19,True
0b46797b-4ce7-41a2-8d05-e329a7b55bc6,6755,Health Card,1384895,2028-10-16,True
812792f6-1fef-46c3-934a-2521679f0f30,6756,Passport,8931058,2027-02-18,True
ef7d6cac-a80b-4c4c-9074-e80e2c8a4253,6757,Passport,8280293,2030-12-05,True
9a1412d9-27b1-4a93-8033-6f19521415b4,6758,ID Card,2649517,2035-07-09,True
f9eda419-161f-4740-8448-b203948e848f,6759,Health Card,4536765,2027-11-06,True
a825b3e6-e881-4869-9907-d5e1efc9c37a,6760,Passport,6973073,2035-12-22,True
97af3be5-687d-4dce-813b-6dfef92c6062,6761,ID Card,5781423,2030-02-08,True
56563243-bb3a-415d-8edf-06ceeb9ef143,6762,Health Card,1290540,2031-04-20,True
4106d66f-9407-4189-8d9d-5ddbb37e0acb,6763,ID Card,2035512,2027-05-01,True
55fbc316-5978-4e8c-b505-21ca7290f4e1,6764,ID Card,9936684,2035-02-23,True
0ba592d8-a6be-4388-aeba-650cbfc4225c,6765,Health Card,4424353,2034-11-07,True
099cace2-3407-4a1d-8c11-780d103127fc,6766,Passport,3599835,2035-06-16,True
624ffe64-45b9-4360-9874-0b1cc8784d02,6767,ID Card,5777637,2030-04-02,True
3fb07a22-f963-4e14-8d16-2fc17476dfdf,6768,Passport,3711089,2027-02-06,True
fbbeaa1d-ca9a-4c98-a254-417f58af4662,6769,Health Card,4519470,2031-08-08,True
b70411ba-fc11-4bc6-adc4-33d3b9657dc8,6770,ID Card,1215977,2034-11-30,True
076ce93d-d6ae-4b90-b642-b29a881baf34,6771,ID Card,3851128,2028-12-07,True
e6378c51-bd86-40df-b474-77710e71af42,6772,Passport,7813183,2028-10-03,True
f9dfd1fc-0136-4169-9042-e5480acd7d45,6773,Health Card,4136546,2029-08-25,True
4c0fb8bc-4ecc-4210-8a87-544c94cca472,6774,Health Card,1385032,2027-04-07,True
210be98e-0c5e-4cb3-9596-53a1e9619366,6775,ID Card,3168819,2031-04-04,True
e2d27e7e-01db-4293-8ddc-ed21e4fcf221,6776,ID Card,5047146,2032-09-17,True
df246427-6454-49a8-8808-5dedc71a1a1e,6777,Health Card,7484287,2027-07-11,True
a8428163-1c1a-4e95-b322-f849cf8e589d,6778,ID Card,5274825,2032-02-24,True
68615b08-602a-477c-854c-c0ac92bd84a2,6779,ID Card,8806841,2035-12-05,True
49b8fb2f-77cb-4e06-9134-82ccd44a492c,6780,Health Card,8985279,2034-01-12,True
b3115399-2b96-49c6-8443-840c78e61d6a,6781,Passport,2332248,2032-03-06,True
7acb8e2a-4f09-42fb-8c15-99c353da1a37,6782,Passport,5502558,2032-02-24,True
47d8c25f-49a7-41ac-8eef-fffa32ebf0d0,6783,Health Card,8923382,2031-10-19,True
738b9a7a-9b8c-4994-b883-fbbeddcd7523,6784,Passport,9981973,2035-07-30,True
c2269d50-6b40-4440-9702-d1a2fc7042e5,6785,Health Card,2334679,2033-08-04,True
ea2631b2-b698-431f-98aa-3403d1953347,6786,ID Card,4387668,2031-12-16,True
2119b11c-c4cb-49e6-83dc-9954bdcc22e4,6787,Health Card,5924719,2031-08-15,True
d88cf421-d4e1-40fb-8c44-4578464cc51d,6788,Health Card,8474384,2030-05-24,True
d964110c-43c6-4cac-a0a7-854a457af9f9,6789,Health Card,9428521,2032-07-24,True
58f6dae6-d0e0-4a21-bb28-49e818f45cb2,6790,Health Card,1105619,2032-12-12,True
9a5d3063-d041-42a1-b9e1-0a002e889553,6791,Passport,6281931,2031-06-23,True
9493b05d-79e9-4747-a873-91c5d88afb86,6792,Passport,2272022,2032-02-16,True
59f37c0d-1693-4bba-b921-de51669a20a5,6793,Passport,7626258,2033-04-15,True
d04ce652-52ec-4880-9f16-900aef4afb2f,6794,ID Card,2322870,2027-04-03,True
87b267da-9265-4b94-b9a2-9a5cc8ce695a,6795,ID Card,9511729,2028-10-06,True
e6d3b965-feea-4bc2-bf0c-d158d2d1c9b6,6796,Passport,7320210,2031-04-06,True
a760c748-2833-4224-952d-2ee53bc1a173,6797,Health Card,8958121,2033-02-04,True
7dd0ff12-c450-4c24-8cf7-0bb3163808a3,6798,Health Card,9629776,2027-08-17,True
e0e14aff-68f2-4d5b-a06c-7e7afab35290,6799,Passport,5629197,2035-03-06,True
f3c1e40e-d892-4494-ab6f-f6df8af89430,6800,Passport,1881962,2035-05-26,True
ad9f4945-392d-42ec-8dea-660255b26f8d,6801,Health Card,8843407,2027-10-01,True
f38529b4-6d5f-412f-949e-7f452efe3f21,6802,ID Card,8465422,2030-04-05,True
37e86a2e-a947-41f2-8651-d5254b9dd4e9,6803,ID Card,5665724,2027-06-03,True
d2fbc43d-1d86-44d8-9896-f7d59f585916,6804,ID Card,4534339,2032-01-20,True
20c4c066-f390-4092-96f4-2c7e21f09503,6805,Health Card,2654883,2032-04-22,True
f63cf4c2-b1be-4cbf-8b00-6fb2787b2639,6806,Passport,5891830,2030-05-19,True
869e6b08-ec08-445d-a048-0a301420e305,6807,ID Card,5099619,2027-11-13,True
76e803d0-84e3-4055-a359-10cc282347f5,6808,ID Card,7092827,2034-05-04,True
3f686618-a59d-4814-b925-9e1480de98b7,6809,ID Card,9136531,2031-10-13,True
77cd3f18-abfb-461f-b76d-a60f42d468bb,6810,Health Card,8963350,2031-05-21,True
73bca1a1-94e0-41af-ae83-d8cd59c66eba,6811,Passport,8789625,2030-02-07,True
b2f7a17e-27fc-4d17-9929-401f076ddf5f,6812,Passport,2396502,2032-06-04,True
8566e488-6253-41ef-945e-4db418016284,6813,Passport,3203807,2031-02-27,True
7f24b381-ccb6-48ed-ab2f-4a8195bcabb3,6814,Health Card,3153320,2031-01-27,True
3127127a-13ad-4ad2-9118-7f8a4f75f434,6815,Passport,7073486,2031-08-06,True
27c33ec2-5af5-4f20-9aef-a45e3286f58b,6816,Health Card,3178818,2030-03-06,True
8d6d3f53-e6fc-4c83-89af-adf92706ec84,6817,Health Card,2324014,2033-07-15,True
f784500c-9db8-477b-9345-4805af8a9438,6818,Passport,7651260,2028-08-17,True
8c46a640-8308-44d4-8ab0-50054801d1fb,6819,Passport,3486277,2033-10-12,True
d43e8f27-14c2-4fe1-925c-0b61c3cf49e4,6820,Passport,6381582,2031-11-09,True
b895517f-214d-4133-892d-e46998b4bef3,6821,Passport,7479243,2033-08-12,True
057dedf8-af14-44b1-83bf-059b04e4b39f,6822,ID Card,9095475,2029-09-13,True
9c2145b7-f495-4c19-9ada-ae9740cac4bd,6823,Passport,2435008,2033-02-15,True
af5527f2-e12f-4d31-a27f-83df074ef600,6824,Passport,2776799,2031-11-20,True
0dfa22ea-71a2-40b6-a9d7-bed83cfbcdf2,6825,Passport,8214518,2035-05-29,True
d151ce75-2569-499e-92eb-409bafc31c92,6826,Passport,6292041,2030-07-08,True
433ae4fa-2873-4688-8f6f-2eb5ce6c33b7,6827,ID Card,6089248,2034-12-15,True
b14c86f0-f03b-4476-aee8-1ffe2636850a,6828,Health Card,9354284,2028-11-03,True
9acade26-bf6f-4544-8b99-efca3729ed4d,6829,ID Card,9539385,2035-07-15,True
06957471-5ae9-4618-8320-30e5b76c6414,6830,Health Card,6881985,2035-04-04,True
a7c93999-729d-4fdc-ae36-174f3b98d058,6831,Passport,6781525,2030-12-25,True
3455321d-6f03-4868-a3ce-ca28e705632e,6832,ID Card,4441159,2035-08-27,True
3f8f1e79-856e-4901-b720-6fa9ffa416a9,6833,ID Card,5854875,2031-05-19,True
3459e6cb-5336-4ed5-aa26-11187d30694a,6834,Passport,9904161,2034-01-11,True
c53a5320-aa0a-4e5d-8f42-b68604e57b8a,6835,Health Card,2296481,2034-07-28,True
6abaad19-85b8-49ff-937f-c107423c9e8e,6836,Passport,6383842,2029-12-27,True
857c10de-2cc0-4e6d-a348-9559b07d8d9b,6837,Passport,1285335,2033-11-09,True
d429a7c0-c781-47b4-bb92-a05c87ac3d4b,6838,Health Card,2135802,2034-06-15,True
fd6cb979-2140-434a-8f38-f4b2b3122b4b,6839,ID Card,3067601,2031-02-20,True
687bafae-0da3-47f6-bd75-6881c5fde71f,6840,Health Card,3447698,2033-04-21,True
3e1048b3-b88f-4cd8-bb14-b21aa513ae73,6841,ID Card,2021961,2034-07-17,True
359ff084-2023-4acb-a33e-4a9bb4808b1c,6842,Health Card,3458711,2027-04-11,True
89019781-ce7a-48dd-b5e7-c57439dd7423,6843,ID Card,5125478,2029-11-12,True
ff13e44a-4c61-4e5a-84c2-8fb94d277bf5,6844,ID Card,7246425,2028-10-22,True
93806265-148c-4230-8999-e7d13efe08b8,6845,Health Card,9225426,2035-11-11,True
bf7ba153-cf4b-4f46-87ba-41a6251e15d4,6846,ID Card,8697497,2031-07-25,True
cbf85779-6bb3-43ad-920d-615c569c9142,6847,Passport,5249830,2027-09-30,True
eebb21dd-8c02-4bcb-a5f8-65d61e22ffd9,6848,ID Card,4665114,2029-02-09,True
881c6978-efd0-4528-bfe4-bf904721e604,6849,Passport,8165071,2034-01-16,True
c7040777-6a09-4649-a10b-5003cfb6f8e9,6850,Health Card,5865393,2029-12-22,True
6949db59-a9d3-48ee-8917-ff598f311e4a,6851,ID Card,3942923,2035-10-19,True
385999ad-144b-49bd-9ef5-70b7389620ea,6852,Passport,9470962,2034-03-09,True
4e3ab0e1-933e-43f9-a6ab-bdcbcf8d5855,6853,ID Card,1610920,2028-03-08,True
e4b89ad0-4f8b-42f7-87a6-22e684fe563e,6854,ID Card,8902710,2030-10-16,True
594199af-d7a8-45b9-9a34-c0e5bf7c3e45,6855,Passport,3317556,2032-12-11,True
0ccbb592-bd4d-44ac-a3d0-1c91334148a6,6856,Passport,3606002,2029-09-19,True
e15a1747-6997-45fe-a648-a7ac7d249705,6857,Health Card,1644930,2027-05-22,True
fadc2ede-156b-4999-80df-e62ed7b25586,6858,Health Card,8149928,2030-07-17,True
34b553d5-e3d7-4d9a-959e-b79f30374114,6859,ID Card,1080471,2029-05-14,True
65b9280e-aebd-4832-b506-0e2b650fc728,6860,Passport,8428659,2033-08-21,True
c450e605-7b58-4692-ba36-f4955282d6c0,6861,Health Card,5377556,2029-11-07,True
6d20b8b4-aaab-4a25-a6a4-b2ef0bb47d00,6862,ID Card,3324618,2030-12-12,True
bebdf720-a34c-465a-948f-cffedc75e91c,6863,Passport,6982113,2033-07-17,True
a4306d7f-2c53-4081-9786-08eea83ba383,6864,Health Card,9845482,2033-08-11,True
fe863eb7-36d9-4117-97f3-d616731bfc4c,6865,Passport,6802751,2035-10-02,True
8a91a15e-5d38-48b7-8a01-b7d0394ffdd4,6866,Passport,1833213,2035-01-18,True
afae35ab-5c6d-43c8-a9da-179de70dc0ec,6867,Health Card,9523769,2030-09-23,True
d5f1ddf5-d2a6-474d-b1fb-59f905027854,6868,Health Card,6662665,2032-07-08,True
08a89437-ce9c-46d5-a261-28e32165e4a7,6869,ID Card,5593066,2027-03-28,True
801ed29f-92a3-4cd8-941e-e78bb343badd,6870,Health Card,8698528,2032-12-03,True
780fe051-5da3-4c32-b66b-a4e09877507c,6871,Passport,9626421,2036-01-01,True
e073cd3e-0afc-412b-91f7-8dc8187d4380,6872,ID Card,1996385,2034-10-06,True
a93431d6-ddc8-4279-a3e7-7c9c0b78f058,6873,Health Card,7878126,2028-03-17,True
6b7df008-30f5-446d-a473-4f344770c567,6874,Health Card,2565752,2028-03-28,True
7b5be67b-de94-471f-8f81-bf3c4be3ed05,6875,ID Card,3502486,2031-01-11,True
bdeb3a0a-4f1c-41ae-90b4-97fcdb072e14,6876,Passport,8391251,2027-08-16,True
9e682a32-6109-414e-8b9c-7820ee7ba13c,6877,ID Card,8332724,2029-02-23,True
6416b480-c939-4dae-9149-89134df4a9ae,6878,Health Card,7463176,2030-05-20,True
63b751e9-d1b6-40b0-b75f-0d705cd7c383,6879,Passport,7564744,2033-07-17,True
abe4c99b-4930-4283-a387-c4dfdd8c04d2,6880,ID Card,4723107,2031-05-05,True
b29598e3-f7cf-48ae-9dd3-bbb4cb6fcfd6,6881,ID Card,1307661,2033-08-17,True
69e5a093-d192-498b-a0f8-e8d5342fb005,6882,ID Card,3124423,2035-08-17,True
1c96693e-32f4-4234-a713-d9d9363a0766,6883,Health Card,3901711,2028-12-16,True
e4c93bb4-baec-4cef-aab9-35521611680e,6884,Health Card,9144912,2030-07-30,True
918c1f66-33b4-45c1-ae7b-72533b2201b9,6885,ID Card,5742033,2031-06-13,True
9f3e6eee-0173-44f1-a173-88fba0f597ea,6886,ID Card,2000306,2027-08-09,True
2585bb31-8fa0-4684-a436-549dd351f061,6887,ID Card,8073890,2028-08-20,True
1bd3ee4f-66cc-483d-a121-3153d4437d6e,6888,ID Card,1510668,2035-10-28,True
7e5ffbb4-5310-4d50-8472-7f611b022b24,6889,Health Card,2945323,2032-06-25,True
481815f0-2092-4aeb-b435-24c3b5ee57ab,6890,Health Card,9537123,2033-01-28,True
360a39c3-b11f-4b85-a30a-a384735b9224,6891,Health Card,6234397,2027-02-10,True
1f387afc-8c83-4fd7-bd65-3aa50c1770e2,6892,Health Card,1701521,2028-07-21,True
5195b0f9-4311-4faa-8151-6c94ebc5e5df,6893,Passport,4323280,2034-06-09,True
41e9bf97-c4b1-4c33-8ec5-ae540c38a834,6894,ID Card,6886191,2035-04-28,True
463665cb-4c6e-4e4b-8ea1-e95002fb1376,6895,Health Card,3828004,2027-06-23,True
d456977b-b177-442f-a95b-cd2e8599e990,6896,Health Card,1625064,2030-06-09,True
865922e4-6cf4-47e4-8f2d-5da306a2b4f0,6897,ID Card,8082451,2035-07-31,True
97250d15-cc63-4c85-8240-52e73f914b11,6898,Health Card,1908008,2034-03-05,True
8acef234-17f6-4292-adb2-6368f15d71a3,6899,Health Card,8103614,2032-06-03,True
08092fe0-61f1-40a9-b2b9-58c53bfba025,6900,Passport,8296030,2029-03-22,True
9528d162-bc80-406b-9468-1d9c13d70cd7,6901,Passport,8991824,2036-01-08,True
887220fb-f1cd-45e0-9d7e-4cce6e05f4a6,6902,Health Card,5802016,2029-09-08,True
243bda71-b389-4f31-bcce-413853805818,6903,ID Card,1038643,2030-05-13,True
ff7b77b9-db4f-4162-a62e-4ac65b9d85ca,6904,Passport,6142804,2033-06-16,True
8f9eb688-eb0d-4d32-b4ff-0b64b31e0629,6905,Health Card,3005332,2032-01-29,True
339b7b4d-d46a-49a6-9b59-fd1e916e548c,6906,ID Card,1772391,2029-02-17,True
d56f23bc-280c-49fd-b461-7aaf53175f5f,6907,Passport,7705378,2031-01-18,True
4fd8c5ef-03c4-458d-a2ca-8a0b927c6fc8,6908,ID Card,6309550,2030-09-23,True
e741b5ea-e2c8-46ff-932c-8dbb9e6f353d,6909,Passport,9708429,2030-02-09,True
fcc93b60-f8fb-4a37-b5e4-4e86f1b86352,6910,ID Card,8556671,2034-08-16,True
cfeeb249-e2e2-4200-ab13-87fefe3e5a0e,6911,Health Card,6218186,2033-05-03,True
58e8dbeb-fb57-4b3c-bbf8-318f978e3d43,6912,ID Card,6444782,2027-04-19,True
43d03b3b-af32-4ca5-959c-827ac1973dad,6913,Passport,1712631,2033-05-21,True
43bc8873-ddb8-4a20-b249-6aa97ac59152,6914,Passport,9504975,2035-04-02,True
991a7d12-8c5c-45a7-a220-66137b061a92,6915,Health Card,1010965,2033-02-17,True
d8899cfe-f9be-4caf-bf7d-83f4e0fe99ef,6916,Health Card,5615750,2029-01-08,True
96182006-75bb-485e-b325-338d7aebfbe9,6917,Health Card,5981624,2029-03-20,True
c4cb1cb1-eb33-4f70-8391-dc30142a07ff,6918,ID Card,1721040,2029-09-22,True
cf78daef-884b-4ef5-9276-23f28f011b52,6919,Health Card,1002397,2035-05-05,True
f296e75f-764f-40a1-ac08-452ce452e379,6920,Health Card,1333069,2034-10-09,True
b5a8e5ce-47f3-4f52-8fcf-60cb218c3504,6921,Health Card,9720070,2035-11-10,True
2c7395f4-6888-4bee-a783-6c9873e2fce8,6922,Health Card,7158750,2032-10-08,True
d9a52235-1483-4640-9494-b58cb42fc08e,6923,ID Card,3346881,2030-01-29,True
4cd665c7-d4b7-4ffc-9930-d45544e263ac,6924,Health Card,4779585,2032-07-22,True
c1904185-1992-4811-9268-5afae44fbea0,6925,Health Card,4579315,2033-08-11,True
3a62120d-1b8d-4023-9662-1b5c9c53645e,6926,Passport,1742036,2030-11-06,True
4caf5043-f07e-42c3-80cd-770ffa250a16,6927,Health Card,5224765,2034-05-01,True
6c3a3a06-4404-4efa-92ab-f4202a289f40,6928,Health Card,1911676,2035-09-26,True
cf9464bd-fcce-42b6-9e4d-92689e02cec5,6929,Health Card,1252926,2029-06-13,True
d530a429-cfd4-4535-b17a-4eccca0c0501,6930,Passport,6179019,2035-10-04,True
4f5695c7-b09a-40b7-99c7-dc34abd59d0d,6931,Passport,3102291,2035-06-29,True
dff7ec0c-626d-487b-b96b-87803f5fbacf,6932,Passport,5226666,2034-02-28,True
fd2efeda-bc26-4fe6-b1da-98860e4db20e,6933,ID Card,6282987,2034-08-05,True
a8785904-c02b-461e-a161-aee85b24eaa5,6934,ID Card,8052203,2027-05-05,True
0ccff598-dfb3-4820-bc4a-0000b6e2fbcf,6935,Passport,5427025,2027-09-15,True
9022e816-18af-496c-8203-9b0674085227,6936,ID Card,1775196,2027-07-21,True
28cec99e-bd23-4f64-a5c1-2066344ebb5f,6937,Health Card,7955609,2032-02-08,True
6a9fbbd5-08e8-409e-9438-54a3a1abfa87,6938,Passport,8793097,2030-03-07,True
d83eff02-0911-4250-8929-b6f7a9f940df,6939,Passport,6109438,2028-04-09,True
c0615a71-a56f-4a29-a9f7-485e5236de4b,6940,Passport,4128680,2034-08-10,True
e98f10a1-5c9b-41bf-bd3d-e79e5d30679e,6941,Passport,9774067,2027-05-15,True
424b1051-5163-4ad2-b7a0-97cece2436fe,6942,Health Card,9224877,2031-08-12,True
7fffa50e-1cac-4ccd-9b43-c29d097e70ea,6943,Passport,2204554,2034-01-04,True
26737297-bff0-479d-b126-561da36a4cc0,6944,ID Card,8573442,2031-10-23,True
29fed607-712f-457c-a96a-4385f222ec0a,6945,Health Card,8509426,2029-08-27,True
1fd18e2b-13ca-4743-9204-081e109ea4e8,6946,Health Card,5043508,2031-09-21,True
b1932c7b-e6fb-48a1-8624-19afd23e0dd0,6947,Passport,5660207,2031-02-11,True
4502674c-a6de-4759-9f34-1ab9ad86dd5c,6948,Passport,2447392,2034-05-11,True
11d4eef2-7ea8-4f4f-b293-45a6a25321c6,6949,Health Card,6626119,2032-09-11,True
a95633b6-a93a-49d5-ac29-ce5028a557ba,6950,ID Card,1101378,2028-10-10,True
4251e2ac-84bf-45ee-b855-b9c8f5e5d891,6951,Health Card,8023643,2031-05-26,True
c0f8adb9-b978-4f66-8fc8-fb942384a049,6952,Passport,5310195,2031-03-06,True
8f196d39-e549-4f85-b798-22267251f7be,6953,Passport,7516176,2035-03-09,True
95c1de24-3a07-45d0-bdc2-feca4de4e892,6954,ID Card,8234639,2030-11-30,True
14625497-4c0b-45f7-9b28-37c4c4a7622a,6955,Health Card,5427972,2031-06-16,True
51631bc5-c2ba-4db1-bfc5-9bb1dc2b9479,6956,Health Card,1793649,2029-10-31,True
9adf6f7e-4825-4497-821d-f9da5788c347,6957,Health Card,2311885,2034-11-11,True
444e256c-60d2-4226-821d-699381be9a13,6958,ID Card,3375179,2030-08-12,True
f6b78f9c-f610-41d6-9448-dc2456f32878,6959,Passport,4576597,2028-11-18,True
e256bdb7-8765-4d72-8923-9b0ec0b9eed2,6960,Passport,9569192,2031-05-11,True
3b5520fc-23e6-4ffd-a9a0-8e64276d8d1e,6961,Passport,9355765,2029-06-08,True
4b618a39-5b64-40ca-a6c6-020cf3a3eb28,6962,ID Card,1030209,2034-07-29,True
c3b1517b-a121-4aeb-ad16-ad70554a1dd4,6963,Health Card,8601629,2028-02-29,True
f4153fab-c204-4f29-8a2d-a2dadee72c53,6964,Health Card,3486973,2034-08-08,True
f1f22bac-d3bd-4f71-a650-d99900590cc0,6965,Health Card,6084989,2027-05-27,True
646e2687-aec8-413d-9c30-42361c418c9f,6966,Health Card,4403569,2033-01-23,True
e0eeac70-7f6b-428d-a3f1-ad95c0a97c7f,6967,Health Card,9418233,2035-08-07,True
8c8bf265-5a76-444c-b4a1-e607462f42b0,6968,Health Card,7357678,2028-11-14,True
a482232d-2345-4c14-9245-58511d5eb088,6969,Health Card,5407311,2030-03-01,True
5d252371-8cb5-479a-b29c-b6cd693caf1f,6970,Passport,8943303,2032-08-24,True
58da1bca-afb8-467a-a05e-40010417c612,6971,Health Card,9976585,2035-05-18,True
80ce9546-e7fc-4499-8a3a-e46bac46661a,6972,Health Card,3470042,2035-06-07,True
27a9926f-7394-4156-a7b8-978ae5758523,6973,ID Card,4069464,2034-07-11,True
552e1007-ceea-43a9-be9d-6c80f22b1c16,6974,Passport,6640847,2034-06-09,True
5d6e4b18-1996-4d5e-88a3-d3194450618b,6975,Health Card,9357104,2033-04-01,True
e31e922d-4ba3-4196-8c78-bf82ad5e449d,6976,Passport,4074491,2027-05-26,True
5f65ad57-487d-4172-b0b2-da744087f055,6977,Health Card,8100394,2029-11-17,True
3974282e-f4c4-41af-ab29-15340e0db104,6978,Passport,1186542,2035-08-05,True
52846091-fdc4-46c3-902b-a4bb48bcef77,6979,Passport,1095804,2031-10-05,True
9207c5bc-b973-4ed2-9866-deafde870063,6980,Passport,3602521,2028-06-23,True
ef978086-31b3-49d6-8d5f-b34f8fb6eb2f,6981,ID Card,3931789,2034-03-25,True
fc3001a7-4106-4c72-8a15-4d43cc4e4652,6982,Health Card,4521990,2030-07-12,True
cd895d72-c0a3-4bd0-81a5-9fd3c630053e,6983,ID Card,6265488,2035-12-05,True
05548dc6-81b0-4679-8f2a-b8cf9f834b08,6984,Health Card,1399932,2029-01-12,True
b4296c41-abfa-47f8-b059-f44948a7eace,6985,ID Card,4990065,2029-03-17,True
c49379eb-480c-46b1-b327-a8f61ce3c5e5,6986,ID Card,1263042,2031-07-16,True
cf67f745-2596-4def-bdcd-b13d0bdeeab7,6987,ID Card,9903794,2035-07-20,True
2c375af6-65f9-4430-a174-daed1ed31282,6988,Passport,1999016,2028-09-30,True
3efe228e-b309-4666-9bc8-38e638a40f41,6989,Passport,6283208,2036-01-21,True
fb9008f1-34b8-4d78-bca0-dfad464c6e66,6990,Health Card,1494746,2033-11-16,True
3896ed3d-0fb0-4e60-a16b-c81199a72cd9,6991,ID Card,8829016,2027-09-25,True
0c11f25a-7816-49ca-b5ba-d33f748c0c80,6992,ID Card,8532008,2030-12-04,True
bed05b32-46f8-4609-9d28-f17c18c4170c,6993,ID Card,5643026,2032-05-01,True
f7d96d69-79fa-4cb1-9766-29342c6903e1,6994,Health Card,7326104,2033-04-19,True
7ac8c650-9af6-4b78-935e-1d0af9054425,6995,ID Card,9839209,2029-07-31,True
883d5394-f297-4ada-84cf-e4d8bf9605da,6996,ID Card,9319340,2035-08-14,True
217b7c9c-a8a4-4cea-b4ee-ff81a51d40bb,6997,Health Card,9340771,2034-04-17,True
7e89ab2c-6947-4e0e-9368-e85e43e01fb4,6998,Health Card,5878581,2033-12-21,True
3f1cac2f-3eac-4fa5-b113-de273e16ca23,6999,Health Card,4653922,2031-02-04,True
597338e3-fca7-4db4-a9a9-4c58246e1425,7000,Passport,8328105,2027-11-03,True
590f9af0-49c1-4f3e-8dd7-fbab66a79d74,7001,Passport,1544566,2032-06-09,True
7f996614-85bd-4e55-9888-4b5b4c8ee246,7002,Health Card,2491341,2031-06-14,True
0799036f-a274-4f16-8986-dd8df09dffb8,7003,ID Card,7746786,2033-03-11,True
8fe9d890-517a-434a-8c55-933a59d41fb0,7004,Passport,6632439,2031-05-04,True
6c989aee-ed5e-4ee2-a39d-84f556376a72,7005,Health Card,5933548,2032-02-29,True
9989d87f-069f-4c69-93a4-5fb5256cc603,7006,Passport,1246211,2035-07-11,True
b5c0d2e0-7516-46e7-9fa2-661a764fe22e,7007,Passport,2285081,2033-06-04,True
87489a4e-704f-4d64-a435-123206a2961a,7008,Passport,4536328,2035-05-20,True
306786fa-20d0-449c-a7f9-6b60e0f31117,7009,ID Card,3966235,2031-06-02,True
a8cb0e2c-2772-46dc-b2e8-540325909224,7010,ID Card,1223063,2030-12-29,True
573f8a80-2c66-4ba8-b810-37261d2da193,7011,Health Card,1519483,2028-04-03,True
aa340054-009d-4f49-a38c-671be23ecf0e,7012,Health Card,1807724,2032-07-30,True
bcef26df-104e-4373-9634-1f84f2b89003,7013,ID Card,2335816,2029-11-17,True
ff222451-7b2f-4bc1-b970-8c5128b45edc,7014,ID Card,8557229,2030-11-13,True
1cd62285-fa02-4bb2-8597-e825ebf3542f,7015,Health Card,4316051,2031-03-04,True
de3cffb6-a08d-49fc-aa40-660e9456f6d1,7016,Passport,2535049,2032-11-28,True
7ab6de57-68b1-4ee2-9a88-1ca9291d5619,7017,ID Card,8289280,2034-10-15,True
23d91dc6-3be8-497e-bc6c-6dcb2359bfd0,7018,Passport,1847664,2034-06-14,True
c0130595-f44a-425f-8b5c-801d15a435c1,7019,ID Card,5048413,2027-07-18,True
3a1b8e51-04ae-474e-9478-eec398665557,7020,Health Card,3599595,2035-06-09,True
821606e4-8898-4250-98c3-e24007a198d7,7021,ID Card,2443726,2030-08-08,True
129ad188-0bb0-462d-9939-51c50eacbe64,7022,ID Card,2023929,2034-05-27,True
21542e37-e4d7-4743-8183-755cf1deba90,7023,ID Card,8509129,2030-12-23,True
fc07244f-7e19-46d5-8e4d-192ae9bdb2a9,7024,ID Card,6144012,2029-03-28,True
897cc958-9088-41a0-ac9e-f49fba849dee,7025,ID Card,9367173,2030-01-11,True
3765a264-df43-4693-8a7a-ee475ea6e9a5,7026,Health Card,8365730,2032-06-22,True
d354d9e2-f014-4380-b189-3e6c0be9d3eb,7027,Health Card,8117397,2035-01-25,True
fb8e7620-6e56-48ea-a05d-74a159e19663,7028,Passport,1411621,2033-09-17,True
0c02d5a0-7016-4346-92b2-051a863290a8,7029,ID Card,9971500,2035-03-21,True
0937e4b2-910e-4e98-9f21-6077b926564f,7030,Passport,8065857,2027-11-06,True
b18497a4-cbb4-478b-a2d1-3c4f44a97f6a,7031,ID Card,4670936,2028-06-16,True
d0a17270-8cfa-4b5a-b31e-0e56241fd87a,7032,ID Card,1709988,2029-08-27,True
d6eb2bb1-6dca-448d-a7c8-d94a13bf81ba,7033,Passport,1291437,2034-06-25,True
547e614c-0fcf-48a8-badb-f2df9fa59bbd,7034,Health Card,3372143,2030-04-04,True
f0dcbc59-1d12-4042-8441-8c34bd91314d,7035,ID Card,7743009,2029-06-24,True
30c718fa-2217-4481-9711-be331e5de67d,7036,ID Card,9927427,2034-04-22,True
0908200f-ed19-4402-931f-d02b0a8e7a98,7037,ID Card,8836052,2034-07-07,True
33a2cc67-6211-4466-b21e-9a2a331013f5,7038,Health Card,6180800,2028-03-23,True
c3f98897-ffba-4fb1-83f9-f181c4f4b1bf,7039,ID Card,7591793,2029-08-25,True
f6218022-e024-4f98-8e62-218bc14c586e,7040,Health Card,8547045,2034-09-29,True
3a47f3e1-5f32-4a5b-9934-49adb87c149d,7041,Health Card,2204429,2031-10-03,True
70ff7c62-71ea-4f4e-9033-8807c1312df9,7042,ID Card,4406969,2029-03-04,True
0c9fcbb9-eed7-4447-b6af-db975413280f,7043,ID Card,7350427,2031-07-21,True
5f9b7803-2153-4b19-aac6-9d324bd2144f,7044,Health Card,6649394,2034-01-10,True
a7b4b90c-e690-48d9-904d-880796c758b3,7045,Passport,4454063,2032-07-26,True
623127f6-a523-42a7-8aad-6a0e005ed44d,7046,ID Card,7534510,2031-05-27,True
a087d7c2-a87a-40ca-bd5c-53eafa6ab19e,7047,Passport,6428927,2035-07-28,True
aa2c8140-bbba-47aa-9ddb-9033522da52c,7048,Passport,9991255,2033-02-11,True
fa663dca-c79e-4452-99e4-d0be71d2a6ac,7049,Passport,4586308,2030-11-28,True
4d0a0f54-a376-45c0-8228-834ab692a821,7050,Passport,7536832,2029-09-26,True
bc68b0f1-2ecc-4010-9ca1-e64744852e7c,7051,Passport,6248324,2028-08-30,True
cdce1650-56f1-4136-9d56-3e4d22dff2bf,7052,ID Card,3735548,2033-01-08,True
0a2895c1-429b-4af4-b72b-bf903a650d6e,7053,ID Card,2400126,2029-04-01,True
4c126ace-d0d3-4eb8-993d-72d8b280e976,7054,ID Card,9414747,2030-02-23,True
97554dc1-757c-4b3c-a59d-8268fbef88c2,7055,Health Card,6161597,2033-10-29,True
fc3ccef3-69fd-4ab5-b323-c4da2d3e1d1b,7056,ID Card,9392993,2027-12-14,True
2e1e1a4f-7c22-4f18-8493-8ab1f8454cc7,7057,Passport,4204250,2034-07-30,True
dc7154d3-8739-4317-842a-cc23184b03c2,7058,ID Card,6579673,2033-10-18,True
50938f14-0c3e-4c78-bef9-11247a7ad094,7059,Passport,4567430,2031-10-25,True
efe7402a-e950-4177-98c6-152b163701d5,7060,Passport,2631073,2027-03-28,True
4dd837ec-67ca-495c-b347-dce2357fd690,7061,Passport,5583931,2035-04-22,True
175fe6a0-a163-45d6-baf0-9c049ff43b50,7062,Passport,1070784,2029-03-30,True
06798091-3be4-4fb0-bf0b-3e528c56d9db,7063,Passport,9594814,2034-05-20,True
204b7705-937d-49f0-81e1-13d44cb71423,7064,Passport,8379844,2030-07-22,True
5941fcad-7155-43f2-841f-14ff556afa6d,7065,ID Card,8531740,2030-02-02,True
fad733d4-1297-48a5-a374-a13493322ad3,7066,ID Card,2649329,2035-09-16,True
0ed17f29-e556-4fdf-b38e-db3e9837b73c,7067,Passport,3654135,2029-01-15,True
8b61efca-1c23-454e-b7be-7102ea82571c,7068,Health Card,4295214,2035-03-30,True
749ba8ec-a7d7-49c1-9a66-2c484cd4f52c,7069,ID Card,2319137,2034-12-16,True
a16d6eca-8063-4ed1-a4bf-0cca273d1e6c,7070,Health Card,9563914,2031-10-03,True
b724f18e-7495-4aad-b753-1d696329fb0a,7071,ID Card,5181029,2034-11-20,True
aff9c814-c37e-45e8-a6d7-52ff0e1575e7,7072,Health Card,8919347,2029-06-27,True
747215be-7b08-4260-9220-71970573d869,7073,Health Card,5048587,2034-09-08,True
1f4d65ce-e324-4cc9-980f-9552f8441580,7074,ID Card,4965472,2027-12-02,True
f69e7a79-780b-42b2-8965-408d405755b7,7075,Passport,6236229,2035-12-08,True
d769d46c-df36-492d-9636-55902fb624c0,7076,ID Card,1268542,2034-12-14,True
5699b21e-d798-423e-8b38-22fb45099f1d,7077,Health Card,3556537,2034-09-15,True
74fb27f2-47c8-406a-b34f-38e3195ed001,7078,Passport,7633715,2031-06-09,True
2bd1d4aa-7730-4799-94d6-7e71a8859bd2,7079,Health Card,5524231,2034-11-02,True
c6bd175b-00c0-4186-a10c-55a889303fe4,7080,Health Card,3405929,2031-06-12,True
2e6e5d6c-d6dc-4d18-bd56-ce3e909a4fa4,7081,Health Card,9983790,2035-04-02,True
1e4320c0-9f34-4f8b-9368-51156ac82fba,7082,ID Card,8376196,2032-08-09,True
742aa3ba-b4d8-4eec-840d-ab8dc26691ea,7083,Passport,5500046,2029-08-31,True
239335ce-e31d-429a-ba55-ad84f49dc373,7084,Passport,8046219,2034-09-06,True
d398c024-86a1-4267-8e7b-347afce19c90,7085,ID Card,3345727,2031-03-15,True
b5e555f2-32a6-41ab-a291-b778979fb371,7086,Passport,1285328,2035-03-03,True
76beadb4-a84c-462d-8de9-5e3fa533362c,7087,ID Card,4169428,2028-11-21,True
c6b9bdad-b62f-48b9-baec-1262fa91bd65,7088,Health Card,3027458,2035-12-14,True
46ae6cc7-9d7c-4de2-b912-ab57562f46f3,7089,Passport,5119088,2032-10-07,True
207b6127-840f-47a4-8ddd-49999e16c0ce,7090,ID Card,9598443,2035-11-28,True
24696eb1-a6b4-4686-bd49-992b9243bb29,7091,Health Card,2155230,2028-07-11,True
ec9fc304-73ae-4bda-854e-9b05760e71ac,7092,ID Card,9289611,2035-12-31,True
879a1d65-0a51-4bfb-9490-44bee0464fe9,7093,ID Card,4202755,2033-07-16,True
791e95ff-c37e-4fae-9633-4780efb59a28,7094,ID Card,4037264,2032-08-18,True
dc7c07bb-c9d5-4b59-9417-41f72f3c9ed5,7095,Passport,1363006,2031-10-25,True
475a86dc-7920-4735-82f6-b681cbd7fc55,7096,Passport,5651217,2031-09-25,True
5055b8af-10fc-48d7-a860-97ece2f75c1c,7097,Health Card,8311523,2028-09-28,True
e0adb981-88b0-44bd-a9a0-90150ebc869f,7098,Passport,2775036,2031-12-13,True
d555749d-8e12-4c0c-9d60-4593821499c4,7099,Passport,8751468,2031-09-14,True
722b052a-ad3e-4297-93d6-341e5b0f9213,7100,Passport,6771917,2029-08-03,True
88f330e9-ae42-4f49-be07-5f893baf7bd8,7101,Health Card,8575751,2029-07-14,True
4d402634-fa78-4157-874a-3a4831ce4654,7102,Passport,6358990,2028-09-08,True
c185788d-b25d-4e1d-b985-b61db7a7c53e,7103,Passport,2204031,2029-07-20,True
490a16de-05b9-4c38-babf-fd9206e567c1,7104,ID Card,3494676,2027-10-19,True
a99da5e2-6322-4ada-abe1-a94049ac805c,7105,Passport,3999734,2031-05-07,True
e8380129-4fa3-444a-a7db-17307d0a7580,7106,Passport,6881590,2029-03-26,True
6e163160-db48-47d1-8a19-67e56e9df61d,7107,ID Card,1111641,2029-11-02,True
3756178c-23be-4ac7-8917-9cedddd9bebc,7108,Passport,4649458,2034-05-24,True
eea9d5e5-6aa4-45b2-8c55-4c354d613ca9,7109,ID Card,1913106,2034-10-22,True
e363d34e-46de-45eb-848d-89c0ab31c88d,7110,ID Card,3021495,2031-12-09,True
d3e3d947-1f47-4385-a519-d7290346e266,7111,Health Card,2763777,2027-07-26,True
dab60d8a-9f80-4993-8473-a1071aa7c5fb,7112,ID Card,9210780,2031-04-30,True
d9de0d9a-97f5-42a3-947e-f902935fe82f,7113,Passport,2872610,2033-04-08,True
69ea0bb2-fa63-474b-b438-0a9db294cc33,7114,ID Card,6319542,2028-11-12,True
e6a7aef4-0720-4713-97ba-bafca129de7c,7115,ID Card,3912355,2033-05-09,True
a053a44e-5950-40d5-af25-7e4fee6b3b3d,7116,Health Card,1142404,2035-01-24,True
23886c00-93c5-4e02-b63f-cc6694df16b4,7117,Passport,5236271,2033-11-15,True
cd3fa6a4-2896-41fc-804c-5572d2f886fb,7118,Passport,2740310,2033-01-23,True
ccbc8f22-77a2-4b7a-92c5-a56cf0288337,7119,Health Card,8997379,2032-05-01,True
2a3755a4-4448-4838-a780-2c42050867e7,7120,Passport,5444532,2030-06-02,True
1ed05932-2735-4f65-b209-bb2d425ddd23,7121,Passport,1190788,2027-03-31,True
96722093-2a9f-4348-b3c9-fae82d9a3eff,7122,ID Card,6153223,2034-02-19,True
f1899eea-1d05-4ae0-9e77-c3e5e74bb12f,7123,Passport,2760226,2029-05-23,True
730f2f51-1dc0-49cf-a63e-fa757ea9d560,7124,ID Card,9197870,2030-04-21,True
5186ffee-4f58-4959-b56c-a8baa2d4acb3,7125,Passport,1666902,2033-03-17,True
2205117f-7d78-48f4-a564-7182c87fe6de,7126,Health Card,6052337,2033-12-03,True
ea429af6-de9b-44d1-bdef-84aa4867ae77,7127,Health Card,3387519,2029-06-22,True
380bc3ed-659a-44a6-8eca-01dce9d1e3cf,7128,Passport,7206725,2028-04-24,True
cf71a5e8-6cdc-462a-bfb6-69376ec1c619,7129,Health Card,7785224,2029-12-16,True
256967b3-b99b-4327-aa77-5aa3fdd6a978,7130,Passport,9126460,2034-10-21,True
39e4d6bf-3e28-4e90-a156-ebbf0e60a192,7131,Passport,5541719,2027-04-30,True
aab81a7d-ba05-41f0-a73f-c4588e42a568,7132,Passport,3760768,2027-06-07,True
a3bda863-7bcf-478d-81f8-e75bc3d64acf,7133,Passport,4938436,2031-04-21,True
22bf30af-cee1-4801-ba55-df60c28c9867,7134,Health Card,5025075,2035-09-15,True
98f25b36-ca52-4057-b389-119c552a6d41,7135,Health Card,4738768,2033-03-01,True
2a80e50f-cc44-496f-b04e-b3fc290e32e8,7136,Health Card,2781008,2032-08-12,True
771e429f-5b5a-4a1e-9022-24c797248857,7137,ID Card,6630833,2031-01-22,True
c88b8ae4-500f-4efd-b32a-6215f721fc3b,7138,ID Card,9636256,2033-08-05,True
f5c280c0-3847-43f9-9398-a78ae107c200,7139,Health Card,1192468,2032-09-04,True
f74d5c60-5bc4-420c-9a05-3b1a3a8f3949,7140,Health Card,3389009,2030-01-01,True
3beed790-3692-4f98-b015-d300bdad31ff,7141,Health Card,7583028,2027-05-06,True
93b1a599-29d3-4dc7-8186-f9aa33722ac4,7142,Health Card,5055935,2031-09-30,True
44572f14-31ca-48c1-97df-b296ae530adb,7143,Passport,4922830,2033-07-02,True
8829a687-e93a-40b0-a67f-8dfa054112f4,7144,Health Card,3779651,2032-11-03,True
489a9368-6bfb-480e-ae0b-836946ad94a7,7145,ID Card,6689180,2033-09-17,True
da2fc4d8-9ca1-4d42-b4e3-263fbdda881a,7146,Health Card,2707770,2032-01-25,True
d454165a-04f8-4a34-970f-3172f261e9eb,7147,Passport,3436609,2034-05-30,True
d0557ebc-e3ed-4fc6-b125-bf8ec577ffd0,7148,Health Card,7276063,2027-09-02,True
d8d0452c-aad3-499c-bdc7-06f8ebda667d,7149,ID Card,2812152,2034-04-11,True
d4ee7101-b5f4-4649-bd48-9462cdbf9a32,7150,Passport,6318998,2032-10-09,True
adf7428a-dd16-4e29-9891-763b299c848a,7151,ID Card,4980037,2027-12-22,True
e10edb72-c269-4e07-8c8e-0461360881da,7152,Health Card,9219658,2030-07-30,True
1f7f16a4-2120-41a5-8644-b223340d0417,7153,ID Card,2992149,2035-09-02,True
f1ce73de-f76b-4957-92f1-e14bc2c95672,7154,Health Card,5030898,2030-08-09,True
2b251a08-dd45-4a7e-982b-de4c344798f1,7155,ID Card,1603799,2027-11-08,True
66bcb5df-fec6-40d2-99d3-623b34060cbe,7156,ID Card,7515713,2034-11-08,True
54da2ec7-1aea-423a-81df-3e5137659049,7157,ID Card,9962337,2027-02-27,True
ee5d4f14-f411-4b28-8b6a-37d9e544ac1c,7158,ID Card,1932823,2027-01-27,True
9b9e54a8-6235-4ceb-b51d-098c0fa066f1,7159,Health Card,2019598,2029-08-02,True
d298fa13-bb77-404b-9f70-0e0df70470d3,7160,Health Card,9027552,2033-09-07,True
b3b416ae-c105-4333-a626-ec1869589649,7161,Health Card,1427400,2027-03-26,True
9ee0695b-ea59-4025-8596-f3e121ed35a8,7162,ID Card,2303447,2032-06-25,True
c12d79c2-ce7c-4e28-80be-faa2dde30cf8,7163,ID Card,9710279,2027-07-10,True
8a19a188-f0d4-4977-aff5-1c2c262dae9d,7164,Passport,7401131,2029-01-22,True
ba04b922-f3b7-4f22-a4e9-2b1686d96d7e,7165,Passport,1233107,2031-06-08,True
6379e3aa-1e05-41aa-b6ef-59419e7a3a82,7166,Passport,1369781,2029-02-19,True
273829f5-0896-4c1e-b378-a38f5c1c8d3d,7167,ID Card,4116317,2035-10-13,True
f17e0ba8-3190-4272-9e0b-56987f101d6c,7168,Passport,5908799,2034-08-21,True
1dcdd44a-f3c4-4217-884b-3a3fcda86c63,7169,Health Card,6177460,2034-11-02,True
6c64bb64-7480-4dbc-95b1-e0b8ac7b0b14,7170,ID Card,4862615,2033-08-15,True
88622f83-c9f3-4e3d-89e0-e0dbe3908348,7171,Health Card,7305044,2031-11-08,True
eb3be2d8-d188-42f6-b69d-cb619235f725,7172,Health Card,8084954,2028-02-17,True
669eecc5-f977-4163-be2c-2b6157abc67b,7173,Health Card,1152237,2029-10-26,True
54c45a4f-82b1-469e-8d62-f33d757720e4,7174,Passport,5760940,2029-06-14,True
c8f633d0-f767-4219-bf28-0ac82f65f2b5,7175,Health Card,3341076,2032-10-02,True
7d6a457c-9f55-4d1d-a38f-5e9b9bbc39ae,7176,ID Card,1172845,2028-11-27,True
8632ca56-4c81-46a6-a93b-21c1e8aae86c,7177,Health Card,1474500,2033-06-17,True
57bb9b7f-ceac-473f-9ac1-bcde973a40c1,7178,Health Card,7695371,2027-04-07,True
218cec72-b259-46db-bbb0-5d517aac55e7,7179,ID Card,7374844,2030-06-27,True
c5e00d72-66f5-496c-8ceb-03101b2d48ef,7180,Health Card,3399602,2034-08-03,True
32f0fda0-3233-40ac-8cfa-0c0fe85db1ee,7181,ID Card,7735675,2032-10-02,True
3c8f0446-a00d-46a0-9eef-978ef577a0f2,7182,ID Card,7198703,2028-05-22,True
237d5275-6f5d-493a-a305-a0d09d25cac7,7183,Passport,4250306,2031-09-14,True
5e44513a-210b-4d34-9754-c32c2ed99901,7184,Health Card,8358101,2027-12-01,True
e833459d-a836-45a6-a2d6-888528f195aa,7185,Passport,4122260,2032-06-24,True
cf82862f-4c17-4d6a-8eb5-7ba98a07e954,7186,Passport,6859500,2029-12-04,True
f14b8343-de1b-481b-bdd3-fc2c290aa81e,7187,Passport,9405594,2027-12-08,True
4d20c47f-e143-4e90-92d4-25b07c100d52,7188,ID Card,3154931,2031-06-18,True
0225ebd4-dcac-4f50-bde7-fc3c6191cf7a,7189,ID Card,1950984,2033-10-08,True
19953a0d-22c7-4fc2-9ebf-7369f3ec4921,7190,Health Card,1468105,2030-05-21,True
bcaf2315-dd54-4bc4-8843-76d680c9bdd9,7191,Passport,4763341,2033-06-29,True
0b430f03-6c48-45b1-9e44-c77eb2cbdcb7,7192,Health Card,4676340,2027-11-05,True
4986fe05-265c-49a5-96ff-ebd9a44ff924,7193,ID Card,3388744,2027-04-13,True
5b5e7c64-a4ad-44b2-b521-379dd925290a,7194,Health Card,5527639,2035-10-18,True
bee927d9-c48a-4a6e-9bb7-8738219818cb,7195,Health Card,2031581,2033-06-15,True
a7bba512-e4a2-412c-ae53-a05bad92453e,7196,Health Card,9830936,2031-04-21,True
a7231341-118a-4d21-a34b-4a071ad91dc5,7197,Health Card,6560658,2034-02-10,True
da93bf00-d1d9-49c9-9304-e9f9e871fd4c,7198,Health Card,8327358,2034-11-05,True
f72ed6a8-ad2c-4186-a50c-7d873d60b43f,7199,ID Card,7316542,2034-06-07,True
b41f76cb-48de-400a-8694-c08fec96401a,7200,Health Card,1040187,2029-11-14,True
52f295c2-d65c-4c88-aa4a-18efb5dc7616,7201,ID Card,5867880,2029-02-15,True
31b3d164-a96e-46a6-afb7-1a96ae1adfa2,7202,ID Card,5030894,2031-05-07,True
3fd49cd1-4f2c-40c3-a335-ba2b2400647e,7203,Passport,6905396,2034-06-05,True
307c9c06-3a10-48f9-954a-f4013a074ab6,7204,Health Card,3870439,2035-02-25,True
2feaf0f8-6c04-4245-9c14-9566f9c04b73,7205,ID Card,8063648,2032-04-27,True
7abbb994-9c3e-4c13-89d7-a4f841bdea7b,7206,Health Card,3910781,2035-01-24,True
b180bb87-94ff-4696-8d00-33c1d0c3424f,7207,Passport,6603205,2029-08-20,True
38636636-f752-4cee-9eaa-b1b08b109068,7208,Health Card,8184685,2029-11-08,True
9f9f5a5c-5999-49d4-972a-5f778b159356,7209,Health Card,1465055,2031-03-31,True
688ef042-0eaa-4084-8faa-1885d902d255,7210,Health Card,7258420,2033-08-14,True
33a45bf1-015a-48d5-bb4c-8b9ac8600b64,7211,Passport,9327414,2027-01-26,True
4c9b7d12-8442-4d67-b361-9493099afb76,7212,Passport,4687779,2029-01-13,True
07bc93c1-50c1-41d0-ad2a-3529d2cc3708,7213,ID Card,5175260,2029-03-04,True
b7df247a-cb7c-4d2f-88ac-b472391bc0b3,7214,Passport,2916542,2028-10-04,True
2ce3661f-b7db-4160-ba75-6bde7c59a395,7215,Health Card,1983454,2031-10-16,True
b83a0265-64f1-42c1-bf80-c203ba2e0154,7216,Health Card,9584126,2029-11-07,True
df24f307-0916-49ee-ad4d-374afd2b60aa,7217,ID Card,9950977,2028-06-30,True
bcf59c02-b33e-45c7-a368-5e70c440cbc8,7218,Health Card,9703590,2034-10-12,True
b5bea17c-69c3-48a4-aa99-a5960a70e36f,7219,Health Card,7836515,2027-04-01,True
93cff933-aca3-4c0c-9856-8c2a222d13be,7220,ID Card,7261963,2027-08-07,True
05b264e8-d80d-4fd2-9e73-df0f1aff6f5a,7221,Passport,2503286,2027-09-20,True
72bf7877-f86d-4f63-8573-594e354feb0e,7222,Passport,4619962,2029-03-18,True
c4ccad07-6eb1-4026-8f9b-d6285444bf30,7223,Passport,9674475,2032-06-08,True
12dfc153-0dbf-49c2-9ab5-8e275cfc8f4e,7224,Health Card,1966551,2033-06-16,True
3eb27dde-37b8-43db-91a6-b6366798a222,7225,ID Card,5714986,2032-03-23,True
dd6b3f8e-27de-474d-8945-8f5874c6f659,7226,Passport,6782814,2029-05-14,True
a1742329-402a-486c-99c7-b2d181c5ccc3,7227,Passport,9243308,2031-04-01,True
020bea68-84f3-43f2-bc2c-95ef66c9814c,7228,Health Card,3524078,2029-10-24,True
b5923f1a-a8ac-49be-9ad4-e6525a45c623,7229,Health Card,5357941,2028-03-15,True
fa601861-349a-4a7e-97ca-a02fad4598b7,7230,Health Card,2848984,2032-08-25,True
53315fd8-6fde-4e9e-a115-f2652cc5c0a0,7231,ID Card,1104646,2027-03-27,True
bf817a03-d906-43bb-a187-2af92a362edf,7232,ID Card,3656355,2034-01-04,True
c0505183-55ee-4365-a17c-908bfa11a32d,7233,Passport,7799197,2034-02-04,True
7edb7e7d-ab25-44d8-9734-a7187792d9c0,7234,Passport,5618987,2033-01-25,True
244d863c-55c4-440c-9b5e-d83fa29946b6,7235,Passport,7781243,2030-11-26,True
f383c6f9-9765-49de-85cb-bb799795c0ea,7236,Health Card,4635885,2034-07-29,True
68af2a82-abc2-4752-911a-c3e93995af86,7237,Passport,5534704,2035-02-17,True
d7bbe43f-14d9-412d-acc5-99833e364cad,7238,Passport,4365305,2030-03-26,True
d8446852-d1b4-4e12-b002-123e30a08dd4,7239,Health Card,3886015,2032-02-11,True
e7dba030-e9a9-4db7-aa0c-c621159277eb,7240,Passport,1759702,2029-04-07,True
cc63e301-a92e-4f97-ae97-814aaa036a9f,7241,Passport,2080488,2027-12-05,True
fc0d0ffe-362d-4de2-ba65-a493954b6616,7242,Health Card,2978409,2033-07-14,True
7db3590b-1fe9-4410-a59b-2929bc05d710,7243,ID Card,9019695,2031-07-30,True
0ba15c17-7c79-4bb2-9cf6-94bc3dbaa68a,7244,Passport,7678000,2027-10-01,True
f647ce72-b81d-45e0-adc4-eea716362d22,7245,ID Card,8287506,2029-10-30,True
b7f412be-12f2-472f-99d4-c3e1e6be12dc,7246,Passport,3824444,2028-10-26,True
cff6af7f-95ac-4629-8dbe-fd08747761bf,7247,Passport,2361015,2029-12-08,True
1d8497b4-ceb7-4ebf-9334-6b0ab0c7a7a9,7248,ID Card,8791077,2031-07-23,True
e6927fe7-52c8-45bd-91b5-45b7bcaf1f72,7249,Health Card,6459431,2033-10-10,True
ca609606-4f1d-4c87-b886-f141aa138b6d,7250,ID Card,5154803,2034-09-28,True
f8feb7a2-32e6-48dc-bf86-1ea94b5b2181,7251,Health Card,2779931,2027-10-19,True
311582b6-6608-4b01-b56e-19bc9c9c415c,7252,Passport,4524235,2027-09-20,True
8c1e97d5-c496-4375-92fd-ab5fdc50b2fa,7253,Passport,8235913,2032-08-18,True
c41a3f75-10c6-4129-abdb-e9da5f98b5ae,7254,ID Card,9985590,2031-07-26,True
ff675a17-b1f3-4c17-a48a-115345dd6f5d,7255,Health Card,2930916,2030-06-22,True
79523dc9-9c42-429c-bc78-e0279be2ef79,7256,Health Card,4705223,2030-09-23,True
c16fa971-8783-4f12-a634-979e5566929c,7257,ID Card,6713329,2028-12-13,True
c98b44e7-f8ae-4813-ae51-1c7bb0ed265f,7258,ID Card,8742504,2030-05-18,True
cf0dc320-5d23-4984-b0ea-e1d2beb4f3c3,7259,Passport,4848674,2034-05-04,True
c4a57b4f-405a-4d66-a44b-bd9902d5980e,7260,Health Card,7401434,2035-07-28,True
b70eada8-0c6a-48ca-b876-0a05cbb14b23,7261,Passport,7007262,2030-03-17,True
a3fef4bd-55b1-4740-bf0b-8954ede570c6,7262,ID Card,3624275,2033-05-11,True
8a295acc-d3ad-4ec6-86ca-f2b703170557,7263,Passport,9651062,2034-03-24,True
536a5218-81c5-4f48-a9ce-7161b036ad47,7264,ID Card,9779996,2029-10-22,True
6a88ae41-0753-44a1-88b0-d2c2f22e7295,7265,Passport,8742137,2034-12-04,True
a834148b-f89b-46fe-88d4-c11fa416c63b,7266,Passport,1050231,2035-04-23,True
03faa2a9-9afe-4574-b58a-62c11d94ccab,7267,ID Card,3359669,2029-05-15,True
c557c497-ae21-4ccb-bf21-e6b152fbd2e2,7268,Health Card,9872339,2035-11-12,True
95c8f939-e3f2-406b-b80a-7b1df530db98,7269,Health Card,8790250,2032-02-08,True
1e45ca70-f93a-4129-bc52-e6aaab1f0e2f,7270,Health Card,4163123,2028-11-28,True
c58c9ae8-9059-4bc5-8ff7-90846aa005dc,7271,Passport,5862210,2035-12-07,True
fd9541fc-9be4-45d8-aa61-3fe7eacc9029,7272,Passport,6797524,2033-11-04,True
5fceb7f8-22dd-492d-b5b2-ef86ea579842,7273,Passport,7896722,2030-06-06,True
e7c01605-023d-4801-9321-3286bc6ca3b4,7274,Health Card,1345551,2028-12-11,True
37a0b337-e55b-4a7e-9cc6-f0b9a5eaafe9,7275,Health Card,5927904,2034-07-05,True
72f93f7a-302a-4fdb-b618-42626da96ac4,7276,ID Card,6001242,2030-10-24,True
a123c14f-380b-4f23-a609-a61f9a393701,7277,Health Card,5548300,2033-11-22,True
c115074b-d021-40d0-87b4-fb977f86a983,7278,Health Card,1802679,2032-10-10,True
34361433-562a-439e-90a0-04bf8719c3bc,7279,Passport,9851299,2034-09-27,True
7568e3fb-0fdd-44c4-920e-4e5e2a4462a5,7280,Health Card,7471213,2036-01-07,True
c56cbb7d-dfb4-47de-a0b7-d89fcf858f0a,7281,Passport,2014695,2030-09-08,True
78cc0878-1d5a-4469-9caa-5631bccfedf7,7282,ID Card,5124414,2032-05-13,True
0e5c33fb-9caf-4273-899a-a1451aa4f3dc,7283,Passport,2184272,2028-10-05,True
412f67cf-abe6-4d61-ad7a-0ad8f77a904d,7284,Health Card,5525286,2033-07-08,True
a8e95bb4-56f3-40ce-bc85-a3424f119339,7285,Health Card,9890339,2035-06-06,True
fce0ec41-5b0b-43f8-9179-babc5f681c2a,7286,ID Card,7051240,2031-07-28,True
883c020a-0650-4df1-a484-304eff9a7788,7287,Health Card,2386929,2029-07-04,True
69572103-d77b-4646-a68c-43d8d81a81d5,7288,Health Card,7376854,2034-12-07,True
54ba95ab-2fdb-4235-b2b5-7d1826d30b60,7289,Health Card,1923863,2033-12-10,True
70660e9b-62d5-48b1-a741-880e1c218706,7290,Passport,5402882,2028-01-13,True
06c169a8-c6ac-4f11-a1d3-823c4e00b037,7291,Passport,4229794,2033-07-02,True
3aa8de1e-b793-4bd6-96b0-c01e311a73c3,7292,Health Card,3180346,2032-12-24,True
85ac08ce-c23c-4d43-be43-8a7c93fb1175,7293,ID Card,9749439,2028-08-29,True
d39824c4-1349-417b-97b7-944337b04668,7294,Passport,6918870,2032-10-10,True
ac56d075-ea79-45af-a0c3-f7250cbf8972,7295,ID Card,2375904,2034-06-16,True
089cd2cf-517f-4096-819d-d71746831c99,7296,Health Card,6523995,2030-01-29,True
e09faaad-7ba8-4550-a457-1937fa687a9f,7297,Passport,4269544,2028-12-05,True
ef8cc4b2-8357-4684-98b8-721c4663ba6e,7298,ID Card,6656083,2029-09-10,True
2b5fd8cf-de35-453a-a257-bc3d8110ab63,7299,ID Card,3095857,2028-03-28,True
a42a1b13-525d-4e19-96b2-ad5cae43ed65,7300,Passport,1059436,2030-04-16,True
a7529b8b-84ea-4d03-8953-9caddbd9f29b,7301,Health Card,7913673,2028-12-09,True
37fa2782-9f4e-4b14-85cb-17b91b10265d,7302,Passport,1818477,2034-10-26,True
8b30eea9-b8d0-4a19-9a16-b146fe8eddbc,7303,Passport,8062231,2033-01-29,True
e5137ebc-0c53-43fc-9055-d0434e7d824b,7304,Health Card,5821156,2032-07-31,True
5f910e9e-616c-476c-84e0-b1af4089ec37,7305,Passport,7394579,2027-03-14,True
c99a3ecb-6c25-4380-8c94-07acc34c628b,7306,Passport,3873114,2034-03-04,True
63098209-2029-4cd3-ae5c-e032b0206f4c,7307,Health Card,9769927,2028-10-13,True
7d6311bc-1e06-4869-83c5-47340b6baa26,7308,Health Card,8879153,2036-01-03,True
35b5dfbb-5180-4225-9d0b-46eb10060603,7309,ID Card,4025671,2029-07-23,True
dd98812f-1161-48c4-8301-8b5441d7de04,7310,Passport,5889078,2033-04-24,True
0d21d1ad-6b5e-46e4-af34-d4693e277651,7311,ID Card,7205256,2034-03-12,True
cb02f030-0034-418a-ae54-9ea5e2b1135a,7312,ID Card,9196215,2035-05-16,True
2a075163-c3f2-4776-a7d0-35094f3a3811,7313,Passport,3511246,2034-04-10,True
b726e19c-5e1d-4499-bb80-2c13b7fae7c2,7314,ID Card,2542440,2028-12-18,True
c84103d2-470e-421f-8bee-b1ce4aff6e3b,7315,Health Card,6456206,2027-10-08,True
9106cfa0-b060-415d-96cd-623cea298a87,7316,Passport,6418962,2029-12-31,True
eb382c61-a7f1-4b5a-b94d-80789b38e6bc,7317,Health Card,7924646,2034-10-04,True
a5018a7f-361c-454f-bd90-4f968fba4112,7318,ID Card,1556732,2030-07-29,True
3c31ca77-34aa-4924-8795-fe8928f5bf18,7319,Passport,3811059,2034-01-02,True
eb6eabb5-f549-4ece-a311-a0f61336f83d,7320,ID Card,5810898,2034-08-14,True
18f2dd33-3fb7-4bae-9b70-0a7d36893c53,7321,Health Card,1057159,2033-02-03,True
0286032c-bc6d-4a84-8007-21e4c471280f,7322,Passport,3260939,2028-04-23,True
80834076-5a15-4ef0-b05e-ed3724c6f907,7323,Passport,7632185,2028-12-18,True
fb6c9a11-ad7b-42e2-8244-5fc310ba9d03,7324,Health Card,9629288,2027-03-28,True
107231fd-43ac-4ead-b7c5-becfaee3c8cc,7325,Health Card,4702555,2029-12-27,True
6ec9c0e9-2ccf-41ca-bd07-b49a2921e39a,7326,ID Card,7028673,2031-06-20,True
03769558-22d5-48fa-85fb-7ebda1ff0e4e,7327,Passport,4835876,2030-07-26,True
3a7f3e23-90b6-48a9-a258-a4552f159c65,7328,ID Card,5299587,2032-12-24,True
90e6ec99-406e-4cb4-9c24-99ac434630ee,7329,Passport,1925117,2027-07-06,True
c70406ab-d662-4580-8fec-83d3bc32acd9,7330,ID Card,3297550,2033-04-29,True
0c96ae39-18d7-48cf-b570-51999db9f6b4,7331,Health Card,3581701,2031-11-14,True
e39ba16b-0f1d-4930-b418-4a50cf5ae0b8,7332,ID Card,5744805,2031-11-27,True
3451e86b-ce0a-4e36-9910-871033de761d,7333,Health Card,1749572,2031-11-18,True
e98e6b05-0d7f-4e05-a9f9-fabb63c173c8,7334,ID Card,2601056,2027-02-16,True
cc403d43-4c90-4982-8639-7927ed68a33e,7335,Health Card,2286811,2033-01-06,True
38b8cbe2-53f1-4d99-8104-1b6a8af9200c,7336,Passport,5258314,2034-03-30,True
dd7dd2c6-3a43-46f1-b94f-910658d69fc2,7337,Health Card,1987783,2029-08-20,True
339fa5f9-e104-43a9-b69a-7a272ad8102e,7338,Health Card,8628209,2028-12-09,True
6f372250-bbf3-4cbf-b81d-d1cf30bea1a2,7339,ID Card,9415350,2033-04-08,True
81562ed1-7f14-4dcc-8fb8-20508542dc90,7340,Health Card,5557651,2031-09-02,True
f283b039-90e4-4d26-806b-b7b7b4dbb258,7341,ID Card,4301978,2034-08-05,True
b457b474-769c-49e2-8171-f6e6f9d14365,7342,ID Card,6002702,2035-07-09,True
09936d1e-2f0e-47a9-bfc2-43c5401289d8,7343,Health Card,8481806,2028-07-03,True
f72f8720-0893-44d6-8e71-604c21848ce2,7344,Health Card,5493170,2027-03-03,True
03254274-cd8b-4ce0-be33-69b0d8362a34,7345,Passport,9465925,2034-06-23,True
dff20845-1ee6-4f58-b07f-aa57035c232d,7346,Passport,2262686,2029-09-17,True
aa752cf7-2730-4e7b-a042-a487f461cd14,7347,Health Card,8339950,2029-06-22,True
a5d01f1e-f009-4332-a387-7892f9bd7820,7348,ID Card,7211537,2035-12-09,True
180a9278-9aa8-4296-a9ee-8a0562c69efe,7349,ID Card,8624799,2029-12-12,True
7dd1c978-f27b-4b6c-bf43-2980ba436c14,7350,Health Card,1617431,2030-05-01,True
2b64945a-fbda-4a1d-9de4-cc46ac9f8b5f,7351,ID Card,2919687,2027-07-03,True
76d84473-1de9-4de2-bfe4-5aae3ab93b49,7352,Health Card,3605782,2028-04-06,True
a68ee901-8b87-4a7b-89e0-c1a891d804e3,7353,ID Card,7616100,2033-11-10,True
6effc486-4993-4b2a-bffb-89c1f887dcae,7354,Health Card,4174442,2028-06-23,True
d76d4ef0-92d8-4635-8a32-775cc9f9dce3,7355,ID Card,3794288,2035-09-26,True
c712ab8c-a9e3-4bfd-9ef4-58c31c08d8da,7356,Passport,2612386,2033-05-03,True
4c201bb0-5659-4fff-a089-ee848b3e61cf,7357,Passport,2447913,2032-05-20,True
71833d06-c93d-4594-8110-b3719aa7caf3,7358,Health Card,1852868,2032-06-24,True
daffbe99-975b-4fcf-9870-92ac59fa961a,7359,Passport,9323990,2027-11-08,True
bab22c11-e772-4212-a041-5134d6940965,7360,Passport,3756738,2030-09-13,True
e5251256-3882-4e1f-9d39-732c99749624,7361,Passport,4549881,2035-11-02,True
fb6c99c1-dda1-42a8-a516-c90bbb1698e9,7362,Passport,1494525,2033-07-29,True
d611f446-43fc-405d-bc77-bc7568762cdb,7363,Passport,7036689,2027-04-27,True
4ec9df14-5e90-479c-8f50-ea2b7d624b6d,7364,Passport,8242858,2031-07-08,True
523c4bea-ed54-4959-b9e4-e526623c0ba0,7365,ID Card,2752098,2032-03-07,True
8a7fb5d8-24dc-4d43-b204-b7f2e8c0a068,7366,Passport,9083811,2030-10-24,True
65d0076b-94e5-4697-940f-0d303999f803,7367,Passport,7280834,2033-11-14,True
9549c3b1-c0bc-4863-b340-4bb47028a194,7368,Health Card,6446803,2033-12-27,True
97e4063f-7670-4dc9-b68a-e56dc6a7b7f2,7369,Health Card,1958334,2034-02-10,True
ab58e275-c962-4506-96c0-0d28c1c7d311,7370,ID Card,8802560,2030-05-19,True
07895d89-6669-40e7-9091-a66a60f6ac15,7371,Health Card,5743063,2029-04-07,True
a0505437-0541-4cec-838f-21f5fbd8f16d,7372,Passport,6433398,2030-07-13,True
c7311437-9a5f-4e51-a480-5c3c338b06f8,7373,Health Card,5815973,2028-10-10,True
2849971c-c941-4e2e-b370-e03bd6c494f6,7374,ID Card,7701971,2030-11-07,True
fc574c54-8b1d-4fd3-8934-7d15c11d5465,7375,ID Card,6499707,2031-06-05,True
04075e3c-09ba-44aa-926a-4ff2f1451899,7376,Health Card,2291275,2029-03-12,True
31e9824e-ae57-420b-b28e-cbd7c6f68d69,7377,Passport,9772094,2027-02-10,True
e2662de4-7ecd-49bb-bb27-c88ebcc08666,7378,Health Card,9799181,2031-04-18,True
36ddd77b-93a6-4912-b277-53f0b74a1c86,7379,ID Card,3338732,2027-05-26,True
b6f01f9c-06ca-4604-91f5-a80d0eb95cab,7380,ID Card,2638984,2028-11-05,True
58aa9275-35df-48e3-baf8-439f47ba793d,7381,Passport,1009878,2028-09-04,True
ebd2b5af-1a08-4eed-b16d-a180f4fd5f8b,7382,ID Card,4651376,2030-10-01,True
07536165-3335-4576-b9fd-91999bd1034f,7383,ID Card,1333882,2035-11-20,True
d8f2dce2-6ba4-459b-b8d3-1a1c2c37498a,7384,ID Card,6432223,2033-08-07,True
ecf0e0bc-6b33-4293-a1cc-8b5e0425dbbc,7385,ID Card,6468434,2032-05-10,True
c7bfab00-dad7-4575-b7fa-00f29f68bf52,7386,Health Card,9669581,2034-01-19,True
94840669-bfeb-41e7-b802-4028e827acb0,7387,Health Card,1133960,2030-11-22,True
9c75323b-78fb-496e-ac55-c6189a83cbae,7388,Health Card,2724529,2030-09-26,True
414b0600-e381-4976-98f8-24bab048ccd7,7389,Health Card,4974964,2033-02-26,True
53c0c33b-7489-4adf-973e-29b820349af5,7390,Passport,1993810,2034-03-01,True
2d676c49-26ea-4b2e-9b94-c56abb6af4b5,7391,Passport,2977214,2033-06-01,True
930f2f46-095a-4cd4-a77b-b83125190b99,7392,ID Card,1138343,2030-08-06,True
e91e632c-9d87-48ad-ac44-4c944c1daa99,7393,ID Card,4171806,2033-02-24,True
eb1dcf9c-2930-45a2-b85b-2861cf0ce356,7394,Health Card,9839754,2034-12-08,True
c3aa8de8-95a7-4cda-a988-421c4127156f,7395,ID Card,6612025,2032-07-18,True
6d11307c-2449-4a07-b4f0-9d0cda9708aa,7396,Passport,3221730,2030-02-14,True
4d416a9e-fd5d-48fd-953b-9b0217b32ac3,7397,ID Card,5620191,2028-10-04,True
c7b8b642-f12a-44fc-9227-05a4c93a427f,7398,Passport,6614217,2035-06-11,True
57c13392-f157-450b-87a4-9edf46684702,7399,ID Card,2628367,2033-05-12,True
dea432a4-c4a9-4ae8-bfea-6d9488391959,7400,Health Card,4557361,2028-12-26,True
7e06cf03-0163-427a-b9c2-989293e3428a,7401,Health Card,2176994,2030-03-13,True
707f3d95-b084-458e-bff8-f0007788413e,7402,Health Card,8321510,2027-02-06,True
3a1ea612-f167-49b2-a466-280b3f2de39e,7403,ID Card,3358800,2030-06-20,True
1a6c5e40-1828-4f6d-82ee-d6a342c1ae98,7404,ID Card,1542969,2034-04-09,True
ef8e72a1-bc3c-4a03-8ae7-ad0ff9c94fba,7405,ID Card,4861509,2028-11-18,True
dc52777f-1979-4761-882e-e94474daa92b,7406,ID Card,1577166,2029-01-05,True
c58e2914-cb45-4712-b5f9-182c56b9d071,7407,Health Card,8028265,2030-08-12,True
416b940c-5b35-4cbf-894f-f9483e163502,7408,ID Card,5190067,2029-06-20,True
ab6c5c54-16d4-474a-a70e-8fb33757eb36,7409,Health Card,8504402,2029-04-30,True
29f649ee-f4f3-472e-b066-8052b957f4d9,7410,Health Card,1446623,2028-02-23,True
ce3d2ac5-64a9-4c5c-97f9-c24d1d097350,7411,Health Card,3679942,2028-09-06,True
24e248f5-9933-4af8-87fc-b6c261de4209,7412,ID Card,1997874,2033-09-22,True
b04a8b2e-abfb-42ab-bf03-614503cd0d9c,7413,ID Card,9217849,2031-02-03,True
5679edff-744d-41fe-91af-bd16ec18a41a,7414,ID Card,9040731,2033-10-12,True
61a40e75-2fbd-4988-b394-7af68b20b528,7415,ID Card,2621514,2033-04-03,True
d1ef6477-b3a4-4b3f-b11c-950226e9c84c,7416,ID Card,3758778,2032-01-21,True
d16845a1-c548-4251-a2b1-b6400117bb14,7417,ID Card,8893811,2032-05-26,True
b2ea9ab2-0412-42fa-9e68-5778739e7ffa,7418,ID Card,4227975,2031-01-02,True
f8407057-59f4-4f2d-93b8-3921cda5807e,7419,Passport,5169706,2031-10-15,True
2cc8726e-bf1a-41b0-981a-d63f33f4db28,7420,Health Card,1098826,2027-07-23,True
1d63e516-d00a-4cf1-9fd1-662e687a8066,7421,Health Card,3342625,2028-06-21,True
0a3799a9-ba17-4552-adb8-93b4309a3341,7422,Health Card,8586496,2031-08-14,True
d234a716-a7ba-4b59-84a6-df8da361f336,7423,Passport,8235318,2033-04-11,True
4737b1a5-c53b-47de-88f0-ba27ed9459e8,7424,ID Card,2398548,2034-12-26,True
2c82a2d5-7347-46ee-8be6-69409b620af9,7425,ID Card,6837890,2027-10-24,True
fd8ec981-74bd-431b-a699-e4de8cc0b39c,7426,Passport,2737570,2029-01-16,True
65aff3eb-cbef-4d54-ae5d-caddd7ceca54,7427,Health Card,8598530,2031-10-08,True
40ff3ea6-d66f-40d9-aa86-60bca5febea7,7428,Passport,9880178,2028-03-23,True
5d22a839-0234-4c32-a10a-002939e20030,7429,Health Card,3988088,2031-11-01,True
9c02d397-67dd-413d-b1b8-cb5379d2293e,7430,ID Card,2670190,2033-11-21,True
c0254869-e861-400a-944a-e700ffd57747,7431,Health Card,1039782,2031-04-20,True
f5c3a0a5-79c1-4480-b069-e60cd17b1df7,7432,Passport,8050250,2034-07-23,True
8535ecb5-b74a-4ae2-9c52-c2b2122cb4e0,7433,ID Card,7159611,2027-08-30,True
468c17bb-868d-4c8d-9824-67a3f7977622,7434,Health Card,4532128,2030-10-06,True
9da116f7-baf9-4018-901e-bb7f6a01371f,7435,Health Card,9103652,2029-05-31,True
3c77e207-0c99-4ea4-b9e1-1a8311975ecc,7436,Passport,3385223,2029-10-29,True
c28230c1-231d-4582-ab9b-846ef7ab3192,7437,ID Card,4443219,2033-07-08,True
449070d0-0703-461f-83da-b3b199237295,7438,Passport,8754415,2031-09-15,True
ca226fdd-31db-4955-95bc-8714ff4211af,7439,Passport,5908836,2028-10-12,True
d5fe8fbb-9236-46c7-aff9-2bc690c754bf,7440,Health Card,3027328,2034-02-17,True
317e7d72-0978-4819-8b6e-4c7e30247eed,7441,ID Card,4875276,2030-04-16,True
b7c04eff-4848-4ea5-9887-e5e8df0c62c2,7442,Passport,3747783,2030-06-30,True
8ddf1b67-0f3b-41ad-a32e-b3d1b1ca8ef0,7443,Passport,7669238,2030-12-04,True
a05c9287-0b90-4e1e-9dc3-2278c8902730,7444,Passport,5072906,2033-06-21,True
9356ed89-bf99-4b81-a161-85052bd3573d,7445,ID Card,2732459,2029-06-27,True
01cb3f2d-c75a-4a70-8b9e-7846e9a8fc10,7446,Passport,4283425,2032-06-11,True
8de457c2-3533-4ce0-8c3f-464c0bfdd53c,7447,ID Card,7733881,2030-06-09,True
82e1af46-c833-4014-be32-393a4519d3ee,7448,ID Card,5541500,2033-09-07,True
77cbd53e-1310-4a5a-9377-795de403bb4e,7449,Passport,5157260,2031-03-02,True
4357d617-33ed-4ffb-a30d-40dbffd075c2,7450,Health Card,1184169,2034-02-12,True
7baffb78-3f72-4a2b-8522-af95666ad468,7451,Health Card,4913404,2032-07-17,True
c5b40f19-afbc-490d-a16e-0c1952ff37f4,7452,Passport,7086606,2028-02-20,True
6bb5ed54-cfc9-417f-b4cc-54640fc1db0c,7453,Health Card,3069833,2029-01-19,True
d95eb967-3e59-4b32-b3fb-bbe9d5b526f6,7454,Passport,8088262,2027-03-05,True
4ccd3656-0a0d-45ad-86a2-1917a4797cba,7455,Health Card,4160549,2033-09-10,True
0fab6559-ed1e-49fd-98b7-4e1b1b7e476a,7456,Passport,4580245,2030-10-24,True
2f48fe8b-4967-438d-9a49-eda7f736759a,7457,ID Card,6172147,2029-03-22,True
585e9059-d863-481e-80f3-292cfae475fc,7458,Health Card,6159130,2029-06-14,True
ad6bbad8-5752-43db-8b0a-acb8924c88ed,7459,ID Card,7067780,2033-11-07,True
404711f4-a044-48ba-9516-771af844fb30,7460,Passport,9706697,2028-03-01,True
c546443c-a2b1-446a-8e64-e8dbf75c1044,7461,Health Card,7777439,2036-01-15,True
26e8bcc4-4426-43a4-a36f-1ff97564d9dc,7462,Health Card,2802771,2027-05-18,True
8be3688a-7816-4023-8373-bdc14e4a9983,7463,Health Card,4010384,2028-04-02,True
8a5c6b5a-5db1-4e8a-b4e5-0327dd9bbd9f,7464,Health Card,8068955,2029-10-07,True
ebe93cd6-71e7-4f23-88c1-1161970aef2f,7465,Passport,5670587,2029-11-08,True
83e0c81e-ee17-45c4-82b8-92119f974b50,7466,Passport,8460727,2028-08-30,True
a2d69075-7e67-4b67-829d-05d80ba9d6b3,7467,ID Card,1256357,2031-01-14,True
dfed91cf-a808-4147-b14f-15538d29ac56,7468,Health Card,1789726,2032-03-11,True
d0c9f9b4-6ab0-4ed3-8850-5f0aca397ea8,7469,ID Card,1289732,2028-03-24,True
7dd59b09-47f4-4698-8165-6bf226fad88f,7470,Passport,2738304,2031-06-19,True
2c054fa2-bf14-4832-8bcb-ff3c2515cd29,7471,ID Card,1232377,2029-11-13,True
9ea11303-1d2b-464d-a1f1-d44369e64578,7472,Health Card,3245317,2035-02-03,True
3f5f7b14-5535-47a7-af50-95d3f8ac842b,7473,Health Card,8689436,2030-01-27,True
23d23c69-8525-46d0-a1ca-0dd6a29ce71d,7474,Health Card,8761342,2035-05-15,True
41414837-ac92-40be-b17d-2da234186638,7475,ID Card,9460919,2035-05-18,True
335b8512-fb6f-4841-814b-aa8b8339a222,7476,ID Card,4655591,2035-12-13,True
8ec746f0-bad7-4807-a98f-daaf7c78d902,7477,Health Card,6116450,2031-01-08,True
164c1afe-e5d8-4532-b725-0dfd3e5d1d4a,7478,Passport,9656091,2028-04-11,True
061ff12a-0d85-49c3-a6ab-c794aa6c2209,7479,ID Card,9432854,2027-10-02,True
a665ed52-9893-48ef-9e59-ec442b27fa8c,7480,Passport,6949642,2027-09-02,True
fba2b13f-87f1-4744-8a8c-00d98ad4136e,7481,ID Card,6548501,2030-07-12,True
80c4b2b0-4788-4a40-bbfa-144f31ce6a25,7482,Health Card,8615655,2034-08-16,True
2c3a554a-a214-448c-95bb-b3cb9262ae29,7483,ID Card,7091660,2030-05-14,True
e9dc97fc-7253-4faa-ae0f-387ef04bea20,7484,ID Card,9825618,2028-11-15,True
9081c91a-61cd-4744-a0e2-1b85d7eda889,7485,Passport,6674236,2035-07-02,True
ba0c2fdb-cc90-48c4-9de6-f53dd1562ca1,7486,Health Card,8211745,2027-03-31,True
8d166169-9b37-46da-a32c-d75908171107,7487,Health Card,7949869,2031-12-29,True
5dd26546-e6d2-473a-acea-0dfed64e7cee,7488,Health Card,5488598,2032-05-27,True
79fb7e2f-45e9-45a4-a695-900f0b0bb47a,7489,ID Card,7363166,2030-12-27,True
3c482595-ffa4-4065-ac88-c3df03f561f5,7490,ID Card,9400568,2035-05-31,True
1e11fb7a-383d-4a70-ab4f-338cc1886bfb,7491,Health Card,8533809,2032-08-31,True
7bec82ce-fc07-4af6-b457-3816488a3125,7492,Passport,6815949,2031-04-12,True
b0d4d1bb-0d99-4a02-b102-fbdded24fa2d,7493,Health Card,1255184,2035-07-17,True
22736f99-2057-42f7-83f4-56d61f7b4697,7494,Passport,5383366,2033-05-15,True
259c2460-5fff-46ba-94f7-ef9088f8d8df,7495,Health Card,3390369,2033-03-16,True
be3aff57-c671-49bf-8195-634328c178ea,7496,ID Card,9454624,2031-08-19,True
abc2a049-3d8f-42b5-8741-067178a225b4,7497,ID Card,3906363,2034-05-21,True
56851a71-53c1-416a-981f-29a590032701,7498,ID Card,6984551,2031-10-05,True
e1c4fc8e-467a-4184-83c9-b6a5a6aa7518,7499,ID Card,2634006,2028-08-23,True
cf03cb6b-99c6-4cf3-9c91-5fb190dbc9a9,7500,Health Card,2826496,2033-01-24,True
0d324bcb-b337-47ea-8f0d-805de49d6666,7501,Passport,8461326,2036-01-01,True
4e4a9d86-e1f6-4425-851a-a584aa48f139,7502,Health Card,4541506,2032-04-13,True
3b457e13-e0ba-420b-900e-85454c35c44a,7503,Health Card,3473911,2034-04-10,True
09434a85-9d1e-4390-9e6a-2fe83af97c47,7504,ID Card,1615471,2029-03-05,True
9de38901-db5b-4087-9247-ac4885c8a045,7505,Health Card,5062117,2027-02-01,True
0a561df7-17ac-4529-acac-fef110489752,7506,Passport,7181835,2031-04-29,True
26c827c2-11ce-4fe7-aded-299e1b03319a,7507,Passport,5038310,2030-04-21,True
ef95f0ba-fbcd-49be-b2cb-f0ec669c1571,7508,ID Card,6349726,2030-08-04,True
aeb2d7fc-72df-47fc-abbd-cee1dfbe1602,7509,Health Card,4098622,2033-11-27,True
a39cb5b3-6610-4a53-bda1-9d77b98e8dac,7510,ID Card,8476890,2033-12-23,True
e531330d-8e67-47cf-84db-e4a6dd938e58,7511,Health Card,5212677,2029-03-07,True
ae2aa742-3415-4d08-a3f5-cf6904ae4d97,7512,Health Card,4510554,2029-09-17,True
927a4137-b2f8-459b-bde6-b72863dd68e3,7513,Passport,1798486,2028-06-12,True
635e73ff-abfc-4a01-9287-bea2e6f759ef,7514,ID Card,3442491,2033-10-20,True
f686b6d4-85a0-4a27-821e-12b7b15731a4,7515,ID Card,8270949,2034-03-14,True
5e5757e6-3f1d-499d-a33e-376c57b852de,7516,Passport,6717772,2027-08-06,True
13dcee2e-9615-43d2-b987-a7b7b2f55fb0,7517,Passport,6234345,2029-04-26,True
2248c94c-4dad-4867-a1dd-c5836e2a46f9,7518,ID Card,2717801,2036-01-16,True
31b98ebf-bc9d-4646-8bf1-53f229ebd3cf,7519,Passport,3215940,2028-11-27,True
b78c437a-f9ea-4e1c-864f-05d9ffa5cff6,7520,ID Card,8630208,2033-10-11,True
e1c3b80f-8c6c-45f8-95cc-0291e25988d0,7521,ID Card,9117272,2027-07-13,True
cca5f4e9-53a4-4ec8-937e-4acf4c7ceb91,7522,Passport,1779464,2027-08-30,True
09ba6afc-da70-410b-a585-ca4b09fca2e0,7523,Passport,8469489,2034-01-13,True
8d84e143-c118-42f9-b6fc-e205d210ad21,7524,Health Card,4426303,2028-05-10,True
4ca14ddb-6135-46f5-b5d1-0c550762dab4,7525,ID Card,4632446,2033-01-07,True
307eaa6a-a7da-4c1b-91ae-5ce53a4a081a,7526,ID Card,6313580,2028-04-13,True
5942a2b1-3b25-4860-afb4-34c233827f29,7527,ID Card,8122861,2029-05-30,True
fd91a4ad-1806-413e-8cbd-5bbc95757436,7528,ID Card,9044045,2031-10-19,True
44756160-0278-4ca9-938a-4a17e8dc1fc4,7529,Health Card,1563186,2033-07-03,True
05502cca-4dfc-4f67-8f91-a02ca70770a6,7530,ID Card,3367262,2032-06-17,True
4b090806-c10d-4de5-9088-0529d7876bbe,7531,ID Card,2641795,2031-12-28,True
cb12b8b9-0726-4b74-b31f-c0ebc6b7abb9,7532,Passport,5202539,2028-11-22,True
819dbcd0-642f-4ce6-a9d8-9ee8f9eb575e,7533,ID Card,5466626,2029-01-15,True
c33153ee-f212-4e19-b1cc-a727290f2ad3,7534,Passport,3957296,2035-05-08,True
25bfaf79-10df-4695-b180-09f63070d963,7535,Passport,6727890,2033-03-05,True
0498bc0c-ef00-47f7-907b-34f34f373942,7536,Passport,3482661,2032-01-31,True
e493b14a-22be-4eea-a977-eaed263e25a5,7537,Health Card,6892893,2034-05-20,True
72ee55a5-738e-460b-9009-f25ef3f59b1a,7538,Health Card,9191885,2036-01-07,True
c866fc32-6de8-4f61-bbf1-faef12dd3e57,7539,Health Card,6156402,2035-03-20,True
2c13ffc5-750b-478e-bc32-6173ccff5da6,7540,Health Card,1911215,2034-05-26,True
5e32c366-64c2-47ac-b353-f3208a809f85,7541,Health Card,3426935,2030-10-25,True
c19f677b-0cdf-4ddd-97f9-c0af3bb71490,7542,ID Card,5238699,2034-01-24,True
6fa8fcf5-52dd-4cad-80c4-d50a240b1d33,7543,Passport,7697273,2034-09-01,True
cd166861-612f-4a5d-a3b9-be7387109be9,7544,Health Card,9683940,2032-04-04,True
c0192f82-4d2c-48da-b47a-bd177e05201e,7545,Health Card,6299041,2027-04-12,True
c983b062-7ce1-4dfe-be81-774cd92d5a6e,7546,Passport,6747191,2032-03-22,True
a4afce6e-278a-4855-b587-70272fa95209,7547,ID Card,7598153,2033-01-14,True
f6a124a8-21f8-4b33-92b4-bba371a768cd,7548,ID Card,2627879,2028-03-21,True
1c528799-81dc-474b-aa68-ec29fafae066,7549,Passport,1243728,2035-06-05,True
bb3e5d8f-2ca4-42f2-b2d4-a0114944b117,7550,ID Card,8550832,2028-04-21,True
83a3167b-53cf-472e-807a-d75416c2db52,7551,Health Card,2304917,2034-02-23,True
09b728f2-9ade-4386-bad9-bf76c462fe0c,7552,ID Card,2780284,2030-07-06,True
b2fff227-04ee-44d5-a535-552b7dba7bb3,7553,ID Card,8537066,2030-01-29,True
ee6c6699-b477-4d2b-8b59-f7d1cff53a94,7554,Passport,1566367,2030-02-02,True
10a63f0b-fe61-41a6-b679-8bd5c5253fd6,7555,Health Card,3218842,2033-01-06,True
a60af842-923b-4318-b6af-26587827cf96,7556,Health Card,7174741,2035-03-12,True
a6048816-5a18-4506-ac3f-007bb514a40c,7557,Health Card,3568683,2028-11-07,True
3ca87355-166b-4519-ad52-13eb2007aa99,7558,Passport,7262470,2032-01-11,True
854039f6-a34f-4573-969e-b445dde25820,7559,Health Card,2738096,2027-03-02,True
516a4334-3e75-4109-aded-58d9652e8866,7560,ID Card,6824887,2033-08-17,True
8e98f82a-8c59-4b91-87d4-f623d66bd8f0,7561,Health Card,5760526,2033-10-19,True
b80b86cf-26d0-4730-9e19-c7136fc75781,7562,ID Card,7656157,2031-10-11,True
d624c8de-e75a-4708-978d-752c00b424d2,7563,Health Card,4982391,2031-04-30,True
360bb4ff-a6f1-4b13-8371-de341f0aa9d4,7564,Health Card,3507299,2034-08-20,True
1c8afc4f-ec6c-4742-9c33-e643e2b11db2,7565,ID Card,9572276,2032-11-16,True
7f3f3102-cb10-407b-9ebf-3fda366ab025,7566,Passport,7199089,2035-12-22,True
2dc551f0-d869-4b97-8ba2-53ae67236168,7567,Passport,3108904,2031-12-06,True
e0d0437a-0dec-4ead-b206-74468bbf85f1,7568,ID Card,6023474,2028-09-01,True
6da1a803-91d6-4d0f-92f7-16f7c5c14377,7569,Health Card,2914525,2029-01-01,True
b151d794-50d4-4c4c-8971-e55f3bc50204,7570,Passport,5189688,2032-12-30,True
605321f6-c9a3-4f43-8124-812dddbe685f,7571,ID Card,9487525,2029-04-04,True
124bb315-c35f-4c3d-80dd-9af955073e44,7572,Health Card,6607703,2028-02-12,True
3c51ccd0-81e3-44bd-b6cc-b6ab046f20e8,7573,ID Card,1443887,2032-06-24,True
7f131aa2-480a-47a0-9c90-df9b6b1c2ee5,7574,ID Card,1698048,2033-02-21,True
95465fb7-5ee9-4c55-a345-d772c2eceb4f,7575,Passport,6886147,2031-07-09,True
4f9f369e-c62b-4f49-9f20-5b19828aea1b,7576,Health Card,5038613,2035-06-30,True
a35c5af1-f332-488a-8281-4e3a66da9507,7577,Passport,7979080,2035-12-29,True
e89f41f3-63ef-4114-adaa-b15bc2656f7b,7578,Passport,4232799,2031-02-18,True
d076d597-f492-41b8-b4f8-8aa104717ad0,7579,Health Card,6305635,2033-07-17,True
084bcf00-4874-44e1-ba42-d96137cb9917,7580,Passport,7288533,2028-12-20,True
ec5ab68b-e3ea-46a9-8405-0c444b1266d0,7581,ID Card,6347727,2030-05-28,True
15f39f02-f6f8-4258-aeec-85e7557a8fce,7582,ID Card,6513888,2035-04-11,True
9d390395-8762-4a41-9b1e-74b7f2054d46,7583,Health Card,1053580,2028-02-18,True
a540dcfb-a0e8-4fa5-b58e-4b14c39acda9,7584,Passport,6334310,2027-08-30,True
83054e28-b84f-4f6c-ab93-4a074067392b,7585,ID Card,9091658,2034-01-30,True
d2ad7a1c-b76e-449d-8548-b5cf760da7ac,7586,ID Card,6685072,2031-06-08,True
1d0b7787-c20b-45ef-8536-630cc67cfc9b,7587,Health Card,8147560,2035-08-26,True
50fa9a95-cd27-4d31-9902-a4736cc08138,7588,ID Card,1654464,2033-01-28,True
1bec9d25-088b-4a44-bad4-d4e4ddbdbef4,7589,ID Card,4653172,2031-03-17,True
3ca7f77b-fb4c-45a3-af29-a3190384e017,7590,ID Card,3425922,2028-06-09,True
7adbb67e-5ac8-4aee-aa91-b132e0fe179a,7591,Passport,6311669,2034-09-19,True
a733f20a-ea96-445d-92f0-72efa7e0dc1f,7592,Health Card,8041772,2031-07-25,True
e350b8ec-1cbd-411a-8c11-14c82da23ffd,7593,ID Card,3331521,2034-07-07,True
0a67a05e-963a-40ae-a60c-a7445c0790f8,7594,ID Card,7061528,2032-10-03,True
45a73f34-f34c-4f91-899d-b18fd0f56a7a,7595,Health Card,8343348,2027-06-08,True
17ea594e-a765-456d-8905-242d0e06e77b,7596,ID Card,7164015,2029-11-14,True
999db131-4725-483a-bbf8-5a53d30b2f82,7597,Passport,1429413,2027-02-13,True
16be7b3b-f5f6-46b7-9b4c-62c366f9f0d3,7598,Health Card,2820368,2028-06-29,True
ec405d80-4a73-4f5a-a018-104a14eb3004,7599,Health Card,1392046,2032-08-28,True
1a1b3be3-3812-4c54-a00c-55a7f7a65721,7600,ID Card,6377493,2030-10-10,True
427dd09b-cd4c-458d-b823-e12ecfb22155,7601,Passport,4039977,2035-04-27,True
530652ea-1cc1-4e70-bf43-1ba5c0354c43,7602,Passport,7861350,2035-01-18,True
38080794-78d5-4a4c-936a-1a217016285a,7603,Health Card,9057976,2028-09-01,True
912a2ec9-c7d7-4737-bd8d-cfe10d5749db,7604,Health Card,7050593,2035-09-10,True
2d11eeef-1405-4016-8904-07e2a3e4eeca,7605,ID Card,1113856,2034-12-04,True
0fb919de-7dde-4a4a-9537-3eba7e86d206,7606,ID Card,8904578,2035-06-28,True
aabdbaa3-44cb-4a88-befc-a3108befed7b,7607,Passport,9862321,2028-03-23,True
ada58755-f636-403e-ac1e-d745bafcc70a,7608,Passport,4468827,2029-03-04,True
b137246f-f172-46fa-b7e9-70d2bdb81a31,7609,Health Card,2995228,2030-10-30,True
70e27e7c-b255-48d5-bdc7-bcb0df05a786,7610,Passport,5000195,2032-09-20,True
b1805675-20ee-4a08-9aaa-e448c6621459,7611,Passport,5215021,2034-07-06,True
bc583d4b-276f-4bfc-b581-64a7d8abe1b2,7612,Health Card,9497686,2029-10-23,True
31b84d51-82ab-4fbb-a278-76a057528d52,7613,ID Card,3014181,2030-05-25,True
070a478e-d2e3-492f-9597-74d023ce2fbd,7614,ID Card,6944355,2028-12-28,True
1c609f02-da1a-499d-b183-d756aeb693aa,7615,Health Card,5485340,2031-10-04,True
7581a966-aa6e-49f6-9114-f72267766ad2,7616,ID Card,1980700,2027-05-26,True
0541c577-01e0-4e82-af1b-e9074e4db9d6,7617,Health Card,9054959,2031-01-02,True
d33bd6ac-4a50-4f05-ad0b-30d09c05a151,7618,Health Card,3413451,2027-07-08,True
da68eab3-e08b-4963-ab3a-35882b5813d2,7619,ID Card,4271072,2032-04-25,True
854f6dc0-95a3-4e04-a7a5-bf7d3caf3438,7620,ID Card,3106610,2034-11-13,True
23ef72b3-c3a4-49d1-b90c-ee687113910e,7621,ID Card,3586391,2029-05-19,True
86c1b838-7de7-43dd-946b-047915459495,7622,Health Card,1319427,2033-05-15,True
c560f293-55d8-4411-9f99-339c0f3bb7a9,7623,ID Card,3023922,2030-09-11,True
7ec4fc3e-e5e6-49d1-b643-9a7182673b6d,7624,Health Card,4548657,2030-03-12,True
380c50e0-0974-415d-b2a1-96e5e396273d,7625,ID Card,1931671,2029-05-30,True
980d8380-8899-43c0-93bb-e2896eec393b,7626,Passport,5204563,2031-04-24,True
c8c3f566-c105-400c-831c-beabb47c8f91,7627,Passport,8430360,2029-02-11,True
7a861afe-b25a-4bf0-ac81-39aa286df5fe,7628,ID Card,8318300,2032-06-08,True
8d903bcf-e31f-46c3-adab-2de070c2eb18,7629,ID Card,2712266,2035-12-26,True
1315162d-5be8-4827-be18-0afd2763173d,7630,ID Card,6522947,2028-10-20,True
85a6ce1c-e54b-4386-9010-60bc6e53d409,7631,Health Card,3321149,2035-08-05,True
082774ce-f5d5-45fc-8186-a2a1a8a6cab9,7632,Health Card,5706948,2027-01-31,True
c3b4d589-bb60-4135-9011-6fedd9c49d2e,7633,Passport,3576584,2027-06-20,True
1913681e-c664-4968-b4c0-edb56b2e4bcf,7634,ID Card,6980914,2027-09-01,True
6547a768-c520-4590-b9ab-2b91f5b48206,7635,Passport,1154266,2028-09-16,True
eb44036a-73ca-4f24-ac10-c56cfd5d1054,7636,Health Card,3808588,2027-09-26,True
14edfe29-95a6-4e87-96cf-46db2b25794f,7637,Passport,2314414,2031-01-14,True
0bd19476-e7da-4c0b-9461-7d7d2c3e9507,7638,Health Card,8474899,2029-10-01,True
b22cd4af-30ba-421d-bea6-106a381ac88e,7639,Passport,1257001,2033-10-25,True
9b8dbdc7-a163-4186-b8fa-400b917efa3b,7640,Passport,3777399,2033-02-24,True
90baf7ad-f19c-49b0-8edf-68f16d4891d7,7641,Health Card,1454357,2033-09-18,True
7a0b76e4-0393-497a-89a5-19ffd47f32d4,7642,ID Card,9044733,2030-10-22,True
7e8b00ac-ab66-4b94-b1bb-83e69ed37175,7643,Health Card,6631307,2034-03-16,True
06671fef-5ba1-47f6-a697-111073387003,7644,Passport,4046497,2034-09-12,True
864b17f8-c863-46ef-81cc-ffa38cedbf55,7645,ID Card,2087196,2027-01-24,True
7c984988-a194-4c8e-b605-05947d36e05e,7646,Health Card,7740155,2031-04-05,True
b72941a4-3723-405b-8abe-b59a120a23f2,7647,Health Card,8673136,2034-09-25,True
5c6e77ee-c5b0-483b-a0e0-d8b93681581b,7648,Passport,9556341,2035-02-18,True
4df98ab4-0395-4146-8e9e-fb3536e60713,7649,Health Card,7468240,2028-07-21,True
0723b7ce-1498-45d4-a0c1-1337dd3e9a97,7650,Passport,3485629,2031-10-16,True
a3b8b304-49ff-4683-bbc2-da098ac63db6,7651,Health Card,5695329,2030-04-18,True
bec3e1da-a675-456c-ba98-3a77a7ba6a94,7652,ID Card,2297743,2030-04-18,True
4922e55b-d50b-49f6-8fd6-f30cc299e210,7653,ID Card,8555534,2035-03-17,True
e757a8d2-7ef5-4e9c-b510-c5feb4a85931,7654,Health Card,3673919,2027-04-29,True
b0519e05-a6f5-4f73-8979-397c1e8a4a8e,7655,ID Card,8903204,2035-11-15,True
60cb0bf5-c1e8-4b6c-96d3-14375bc1126a,7656,ID Card,5461581,2032-06-19,True
c5002bef-717c-46d7-b6c1-27f9349b4120,7657,ID Card,7823374,2028-04-18,True
b95378ad-aa04-451f-9931-b58b2ff19eff,7658,Passport,9980243,2033-06-16,True
7f06d79a-a9d6-4bbe-8ec5-95fa2856e080,7659,Passport,2794324,2027-02-24,True
11616fed-bbbd-4de9-8cd1-8b31dd8398f1,7660,Passport,5276458,2031-02-11,True
b1828690-2724-4453-898a-572d97c9a7d7,7661,Health Card,1919534,2029-04-23,True
83dc7258-d7e4-4b07-b661-1e9fb78b4fc5,7662,ID Card,5893521,2032-03-01,True
d1b4620f-6126-4ece-a210-eebd62ca8206,7663,Health Card,7165288,2033-06-04,True
818bb15a-d809-449d-8d5f-4974858608cc,7664,ID Card,7201387,2035-08-26,True
c4f820c5-2940-46c9-ad44-7ebb17c44bc2,7665,Passport,7715541,2027-05-22,True
295c743e-c122-4b4d-903e-fbf1da6ebeb8,7666,Passport,4239005,2034-04-19,True
f9c4a464-aedf-41e2-bec4-b51776b4e1f6,7667,Health Card,5804447,2027-12-15,True
0888434b-c750-4de4-8981-3e2ea30061ca,7668,Health Card,7531305,2032-12-24,True
8925bd70-b1c7-4514-a8a4-e1fd547dfd9a,7669,Health Card,6770747,2028-04-21,True
321ef8d5-b03b-434c-9517-2f4dd34ea222,7670,Passport,2827978,2028-11-12,True
92d2f579-730b-4c3f-90d0-b8b96bf8b18c,7671,ID Card,9059863,2033-12-25,True
3c890b74-d7ca-4098-8c98-193880eeefaa,7672,Passport,9014715,2030-01-18,True
e1680286-5417-4520-9fa1-1ddf8d1a4402,7673,ID Card,2583843,2028-01-31,True
a2c34470-efd0-448c-a6bc-1fe43ff19a1f,7674,ID Card,1042631,2035-06-24,True
2a6855bd-df5d-4df3-93c9-bb51253f52a4,7675,Passport,6303796,2027-12-15,True
25e2d42d-9709-4821-b697-0ec36288a887,7676,Health Card,6730537,2027-11-03,True
37fcd25a-c363-443b-b625-98dc1baf7da0,7677,Health Card,4242908,2033-02-11,True
9c0ef65c-336d-4715-b1e5-d0f2ce0786a5,7678,Health Card,8271516,2035-02-11,True
e6f133fe-9e1a-4af2-9b86-878854c76ad0,7679,Health Card,1113839,2035-12-15,True
d3acdc2b-94f7-4ae0-9e39-11c525b586a9,7680,ID Card,5607754,2030-05-11,True
dceeff4f-425f-4295-9858-cbe94d6cd07d,7681,ID Card,7807782,2029-03-29,True
1c993b6c-2f7f-49f6-8339-a621841d8805,7682,Health Card,9129285,2031-06-26,True
e9097233-6991-4bcd-9152-b23415f2f81b,7683,Health Card,1470496,2031-05-14,True
4d88e6e7-d563-490f-b97d-97222be5e2de,7684,ID Card,1437123,2032-06-17,True
fc71696e-ee72-485d-a34e-7e35f4ea79d1,7685,Passport,1815625,2035-02-23,True
db8fce61-fb96-4239-b423-cad231d781b0,7686,ID Card,9147670,2029-06-02,True
4ec5287b-18ca-466b-867b-b98cea34afb1,7687,Health Card,2165364,2028-07-13,True
404f1034-0a74-429f-934f-e4efeb720c87,7688,Health Card,3397027,2032-01-16,True
d390d218-78c2-4151-b416-04179b1576fd,7689,Passport,3037660,2031-01-10,True
514ddb90-4d0d-4725-a1f1-705c00a46034,7690,ID Card,9584985,2033-01-17,True
8dcdc9a0-c1a2-48a4-ab78-32e27a2d71ab,7691,Health Card,8538399,2027-05-28,True
dabab615-0b8e-498f-8a35-8893878b1820,7692,ID Card,4047559,2034-12-20,True
6953a010-b857-4e99-a9e0-d60444dd9e55,7693,ID Card,3635670,2029-03-12,True
ac6020df-04d7-42a8-a22a-b97bc503279f,7694,Passport,9671672,2034-03-09,True
e69eae27-68a5-48ab-82a4-7d98659b8f12,7695,Passport,3961377,2028-12-08,True
7d8fbe40-04b5-4d2a-9ec6-22ece781356f,7696,ID Card,5586611,2032-02-10,True
e8a4d7ea-34c3-4e48-85db-f973b0846d4f,7697,Passport,9770087,2031-12-06,True
845e2e38-0815-416b-8c06-19585c162ac7,7698,Health Card,5203753,2029-02-28,True
811a23b4-2738-459f-af41-a82ea08f82d6,7699,ID Card,6104681,2028-09-22,True
fcb878a3-0656-477c-ac42-5e816ee76cff,7700,Passport,3725573,2029-01-30,True
d8b892bc-1a22-4c37-9688-d3952dd3a106,7701,Health Card,4851514,2032-07-14,True
734566fd-413e-43e6-b21f-71257d6e6169,7702,Health Card,2381182,2033-08-24,True
4f28c583-7c40-4df7-9ea5-f2dba40abf9f,7703,Passport,1993363,2029-02-14,True
413c564b-f33c-473e-bc77-a594ec7baf61,7704,ID Card,3546937,2028-01-12,True
e2c52217-7b98-475d-9b18-cefd7da8671b,7705,ID Card,7077575,2033-12-26,True
e90c6e3e-8cf9-4771-add6-8636a6202928,7706,Passport,4445504,2032-08-13,True
efc60b1b-0559-4442-8801-9de60a27d8af,7707,ID Card,3681082,2034-09-28,True
e2e3d632-0f9a-4a45-a1fc-50a5a36ce8c8,7708,Health Card,4929858,2028-08-29,True
0fc21399-f9a6-4433-9315-70081a707a9f,7709,Passport,2751566,2033-12-20,True
896dd222-e2b9-46fc-80a3-ece7eb331dc1,7710,Health Card,3111497,2035-04-05,True
06306730-4498-455c-a3c3-79ad7eebc032,7711,Health Card,3648075,2027-04-19,True
02d7c24b-b65f-4e6b-85c3-e5576e60766f,7712,Passport,1469147,2028-02-22,True
15f8c1cf-9344-4a7a-a0ed-15869d7b3706,7713,Health Card,6437212,2032-09-17,True
7886d263-8216-4d47-ae1f-bc593e953f24,7714,ID Card,5622114,2031-02-03,True
7cccbdd6-ae23-41b9-8e38-459158cf4660,7715,Passport,2415953,2031-09-09,True
8869d7b8-3832-4aeb-85ee-328732712d42,7716,ID Card,9062692,2029-07-29,True
564ada39-e119-4d25-bc6e-2b480883b804,7717,ID Card,8134445,2032-09-08,True
888e0431-0bab-43d2-8869-6fabeae85df5,7718,Passport,8485721,2031-01-05,True
bcf8bae5-8a5d-49c9-b021-8e89af057efe,7719,Passport,7908506,2032-02-23,True
9905d6da-572a-4bc9-817a-7bd7c4484d9d,7720,Health Card,1073935,2028-09-21,True
f800ca57-0464-4a61-82d1-8312b05f358d,7721,Passport,3730126,2032-12-11,True
0632442f-ba9a-467c-a47c-0859a095410a,7722,Passport,9303738,2032-03-07,True
8fe109f1-c2eb-438c-8991-045b36598f14,7723,Passport,5486755,2030-10-02,True
ce4ba157-b0a3-46d1-b782-e7a462b8c317,7724,Passport,4346509,2030-08-28,True
0cda35ca-0d4b-4fb1-9ad1-21e0100e8637,7725,Passport,9303872,2028-02-25,True
4eebe525-53d0-41fd-95b2-a6959e44e6f2,7726,Passport,7337609,2029-01-12,True
c29b2f5a-c9f8-4d89-8f5b-4c76f5dbbdba,7727,Health Card,6440495,2035-11-27,True
0db0b86a-9eda-4310-931e-925ac6c011b7,7728,ID Card,4457961,2032-01-13,True
80d649c0-b6ed-4311-bdf8-fc032d16c581,7729,Health Card,2205849,2030-05-07,True
f5394caa-99da-4c1c-977b-a6998f9b5196,7730,Health Card,1902506,2033-11-05,True
84f2cb20-05a7-44fd-b386-5b83c1c81868,7731,ID Card,7694244,2027-08-18,True
2e0b87af-957a-4f8a-97ea-9168ff36db10,7732,Health Card,9667664,2027-04-20,True
0e1ef43f-c1b3-4d5e-9e9b-b934069994a1,7733,Health Card,7843637,2027-03-09,True
80f08ddc-0a3d-4d3d-8aa6-f4f259d2181b,7734,Health Card,4873743,2031-01-22,True
f8ec914d-b72c-4d4c-84d6-d34c69a81b5d,7735,ID Card,7975881,2030-04-27,True
01987b48-d63b-49fa-91e6-f19354a9c301,7736,Health Card,5046304,2027-10-20,True
4d15d46d-ce94-498d-ad2c-ad91863ab908,7737,Health Card,5815478,2033-11-21,True
06b585cc-7fe2-4cf6-8ca3-7fa6608ed947,7738,Passport,3090816,2035-05-16,True
8c5c9afc-7b22-4883-b748-87b7dd761cd8,7739,ID Card,6024599,2030-10-08,True
d0e4de3a-3f0c-4d3d-a039-1d063e4974dd,7740,Passport,3677981,2031-12-05,True
4e418067-ac0d-45c1-88df-30606db99530,7741,ID Card,5016099,2031-11-29,True
2bd4d323-e149-48f6-91dc-a9ebcdd2b2d6,7742,ID Card,8137061,2035-01-16,True
34bc3156-9619-4d36-86d6-858f5bbfd31f,7743,ID Card,2294794,2034-11-11,True
e078db4e-8a56-4207-92ae-f37fffc8d1ff,7744,Health Card,9597375,2035-09-18,True
4c733d30-b5ec-4f42-8829-88d9136e0099,7745,ID Card,2677512,2031-02-24,True
22773afe-27da-41c7-88b5-fc53745feda3,7746,Passport,2651323,2030-03-05,True
d965d5f1-0e20-4651-8712-ad9ada68469b,7747,Health Card,2232140,2035-12-01,True
7489acfb-69e7-49d2-a751-1b9ce6ca800f,7748,Health Card,6989787,2029-02-19,True
cecb3293-84b4-420c-ac23-2d7dd8414c7b,7749,Health Card,8185806,2034-11-04,True
73e3e1e5-0b82-40ad-9979-ca4b5222c1a9,7750,Passport,6254212,2034-04-08,True
3a169762-fb45-4865-837a-da9bc651f3ad,7751,Passport,7060758,2027-11-16,True
2a7a215d-4ab7-425e-b50b-92bfe8e2fc2b,7752,Passport,1590901,2033-03-15,True
136eb843-300d-4f5b-bcb7-a579b5122844,7753,Health Card,3795396,2027-12-07,True
7c22986c-0cfe-4bca-a829-a78fc1599088,7754,ID Card,5453544,2033-03-22,True
351f34b9-7efd-44b4-8a4b-a3944b1a153e,7755,ID Card,1221479,2028-10-15,True
5b2a54f3-9db5-4526-99e8-d1dc9d51ece1,7756,Passport,8186496,2031-11-12,True
6c81fec4-6627-4790-81af-35568e3ad353,7757,Health Card,2636787,2032-04-16,True
3ce74dab-1615-4632-b06a-bb64fd2e8a82,7758,ID Card,3589910,2028-06-24,True
02ed1484-b885-454a-a6d3-7b77d83dea63,7759,ID Card,8485117,2035-06-18,True
2550cfde-3657-4830-93a7-556191a51d62,7760,ID Card,8177774,2030-10-23,True
115db15a-07d5-4afd-851f-e20b14584b7c,7761,Passport,5799703,2030-09-27,True
519f9278-c943-4b09-911c-5286ad10defc,7762,ID Card,8658547,2033-06-20,True
d3dc7599-cc19-4b04-ab69-e3e56df2d2a3,7763,Passport,6309366,2035-11-17,True
e2a6563d-0da3-4c80-acec-206712604b10,7764,Health Card,9064202,2029-04-24,True
59c004e0-4d0d-4b63-8824-65c3d33445e6,7765,ID Card,9180443,2029-11-12,True
72d007dd-e977-42d0-b7df-ddda037c549b,7766,ID Card,9241448,2034-10-21,True
20118b29-fb31-4120-812c-1b1f81f4e39d,7767,Health Card,2886838,2031-07-23,True
8df9fbe0-94d1-4006-ad43-fdf6b26c8029,7768,Health Card,8668530,2029-01-11,True
ecd773f0-fc64-47ce-9edf-3e3d486282de,7769,Health Card,8421358,2033-07-24,True
ffaf470f-3a45-4af8-8bf0-905a605697e7,7770,ID Card,9253737,2028-07-11,True
df3eee8a-c5eb-425c-810b-b7a8ddae9c79,7771,Passport,1342411,2031-01-23,True
ebdfc31b-6f89-49fd-9d3e-9105bc81cd3e,7772,Health Card,1052896,2032-05-26,True
cb112fbc-9dc4-4f28-924f-3b059b7a6a7a,7773,Health Card,9977412,2028-06-26,True
b1a1594c-235e-44d4-8303-d48909d36f1e,7774,Health Card,9554875,2034-12-06,True
1e7ebdf7-5703-4e63-bde2-1d67e28fcdce,7775,Health Card,2363978,2032-10-21,True
b12d79b3-8742-48df-ad9f-ae9ae402c875,7776,ID Card,7123597,2032-03-01,True
19600183-d6d8-470c-9d32-c7cfad5eb827,7777,Health Card,9242265,2028-06-02,True
7c5d6974-fd8a-48cc-ade2-1ffcd114590b,7778,ID Card,6566526,2032-12-22,True
e2c8c078-31af-40d1-9912-ba3dce235e54,7779,ID Card,5202576,2029-03-01,True
339fa507-1b7b-4ac6-9fbe-b43887a7e1a2,7780,Passport,4855712,2035-07-08,True
2109a06b-8ba6-499b-8d07-4f0e29e390dd,7781,ID Card,8843975,2030-07-09,True
ffdc9847-45e0-4056-af12-76531a43a8a1,7782,Health Card,6539151,2027-04-08,True
5fdf99d1-5464-4a9d-a210-317a59a1d8cc,7783,Passport,6493769,2032-12-25,True
405abde6-e0e3-4f08-aebd-618ef9baedc8,7784,Passport,9136123,2029-07-23,True
4b1dd1df-0815-4b6a-96f5-cc48ad40ed17,7785,ID Card,2232233,2032-06-27,True
483203ad-5c9f-44fe-806f-f8f4068997b2,7786,ID Card,8279899,2028-05-22,True
12f4328d-349e-4dea-83b0-bff1e069bb26,7787,Health Card,9258982,2035-10-10,True
dcb339be-2d45-490f-9082-e439e3d75258,7788,ID Card,8931228,2034-02-25,True
fc2f2ae4-eecc-4bd8-b012-5ed1bfefa2e8,7789,ID Card,8727279,2034-12-16,True
c59c9254-144f-436f-ad06-6284fcac5d9f,7790,ID Card,1195974,2029-07-25,True
e095c08d-0ace-493f-b7e2-4423c6b5e7a8,7791,ID Card,3764139,2031-03-26,True
4e71ceef-fd3a-4605-8b9c-dbf9468b1d77,7792,ID Card,3924908,2027-12-07,True
a012a6d0-fd03-4fbf-8a3a-5322b5c1d865,7793,ID Card,2236177,2032-06-18,True
69ff1d95-d6c4-4d7b-9baf-8242f8a31d4a,7794,ID Card,7985067,2027-12-16,True
8c48e22d-9e77-4d1e-ac8e-227a589620ef,7795,Passport,1462925,2027-05-01,True
9c33418d-18c5-441f-994a-b01c1bab47a7,7796,ID Card,1195330,2036-01-20,True
bc250ab2-620a-4d7a-a9b9-a9f39a0c5679,7797,Passport,5758524,2032-04-05,True
8f344a81-644a-4972-8354-f50bb6c278f5,7798,Passport,6711500,2029-02-21,True
cea0af0c-a3eb-4143-82de-3241167e4e1f,7799,Passport,1950883,2029-01-13,True
8129cfe2-99c7-40ed-a71e-7a9d50b0eb6b,7800,ID Card,8961995,2031-09-21,True
ce6e6cde-1e97-4bdd-9bcb-ca99645e0112,7801,Passport,9102425,2030-04-02,True
a174e2fb-84ba-41e4-ac08-f3c9daf9501a,7802,Passport,8534727,2033-09-11,True
a78087f9-1e4b-4e28-a12d-45abbe950180,7803,Passport,5726276,2032-04-11,True
166a380d-70a3-4ac7-be00-60cd49af8a9b,7804,ID Card,3080697,2035-10-14,True
435b8c4d-fd9c-4785-b5b0-4982d25d072b,7805,Health Card,1735240,2031-07-03,True
3e130c0d-a12c-4e1d-b2a9-7177436ef7b6,7806,Health Card,8631148,2027-01-27,True
b0634ff1-0d17-4331-aa5a-0cb70052bc87,7807,Passport,9183359,2028-07-10,True
12374be2-c496-4511-8d64-04f923bca487,7808,Passport,9714174,2031-08-23,True
9d2d3324-c359-4fc2-ac4f-15271886d03d,7809,Health Card,3410168,2032-02-08,True
cc96f567-5a5e-4a63-b116-5c587005393e,7810,ID Card,5155021,2035-11-04,True
2aa2e9e7-015d-433e-a283-46f7b4e742a8,7811,ID Card,8115823,2033-12-19,True
af3bcc5a-7da0-4795-8c27-afd623ebf4fe,7812,Health Card,2820864,2027-03-28,True
3cbb1215-dff7-4847-9f72-37aa40b411ce,7813,Health Card,5148570,2031-12-23,True
d4020b7c-debb-4220-9a51-20e72af9da96,7814,ID Card,4502072,2033-10-23,True
039c2afa-d5bc-4fb1-a7ad-fdd22f49e7ae,7815,Health Card,8715353,2034-05-18,True
c861d32c-8120-4493-82a1-f8a08964fedc,7816,ID Card,4320565,2027-10-29,True
d74884a0-09e3-4dfc-ab9d-49771944fa24,7817,Health Card,5200909,2034-10-25,True
dd9a7f2f-45cb-4755-b5a3-176182526480,7818,Passport,6566386,2032-03-20,True
7b75e591-2a7a-4b1b-a2fb-0c8ef5facabf,7819,Passport,3936100,2035-07-06,True
c457cb24-9672-4104-9c65-a6ce450f8d45,7820,Health Card,6617625,2032-12-08,True
03c91642-2c48-4afa-89af-5cfe4c8cbbc2,7821,Passport,3495802,2029-12-11,True
d2e457f8-6d4a-4f20-9a1d-b023a1e0d135,7822,ID Card,1394621,2035-12-22,True
8c2a679a-3d9f-415e-b3c6-7acf8b603e68,7823,ID Card,1726071,2035-05-28,True
2f537606-74ca-452c-ad9d-26a60719bd38,7824,Health Card,3481979,2034-11-04,True
c2403afd-007f-497c-b31d-d755becf496b,7825,Passport,5387278,2035-05-29,True
e7993d54-82ac-4ad8-ac5d-97a4ff390b86,7826,ID Card,6865260,2032-12-31,True
2d29f0c9-9845-4c68-9076-c7a81f395df1,7827,Health Card,1489107,2033-09-03,True
b7bbd2c8-a813-438f-981d-56121ddf01f8,7828,Passport,8850707,2033-01-06,True
3119751c-3184-4c28-a41d-9d2ab22ba379,7829,Passport,9868233,2032-01-02,True
611752d3-ff1b-4e4c-9c68-948c9f52763d,7830,Health Card,3848557,2031-02-24,True
65479b98-4f12-42ef-b5b0-fd3618ce2bcc,7831,Passport,5229498,2031-02-25,True
cf684b8e-ad44-4ea7-8420-df98681fc021,7832,ID Card,5820008,2033-10-23,True
66fe3068-83db-41a3-814a-d604b41f5b6b,7833,Passport,9030148,2029-01-02,True
eb8ac705-8001-4feb-9c0a-94d42eb50140,7834,ID Card,5517852,2031-04-11,True
be857f8c-3ab8-48b3-8731-3fa1a6f2ac9b,7835,ID Card,3600618,2029-08-29,True
573780a8-5091-4ede-909c-bd9fde538cc7,7836,Health Card,1508705,2030-07-23,True
391cac65-9439-4e6b-bbab-61d205bb14ce,7837,Health Card,5078386,2028-05-24,True
fd40f2ea-248b-4678-adbf-331480fcbb5c,7838,ID Card,8211628,2031-07-22,True
03d9173b-c828-423b-bbbd-bd4fd908ec7c,7839,Passport,8618842,2034-04-25,True
fca97d20-60c5-4e88-b9bc-e0a012dd46b1,7840,Health Card,5053996,2034-05-22,True
b34071eb-ebd5-40b7-a276-778e780373b2,7841,ID Card,6000096,2028-07-12,True
56039e96-b51d-46f3-abde-dcad0e6ca3c5,7842,Passport,2995872,2028-01-24,True
8a23acee-4e8f-491d-a965-55807077fcee,7843,Health Card,5637148,2035-09-14,True
7e67c541-dc3a-4cbe-9a22-51f7e3938ecf,7844,ID Card,9761101,2028-11-12,True
c95df9da-7ca2-4957-93bb-7f06a100fe42,7845,ID Card,8478633,2027-10-25,True
28904b98-e988-4399-9104-c6b5a6ea4438,7846,Passport,8230928,2030-06-17,True
8d846221-db5a-42a5-a167-707d31b2c06e,7847,Passport,1503546,2028-08-05,True
93604a92-c9a8-4577-8dd7-8257324e853d,7848,Passport,8307962,2027-02-27,True
a975510a-e255-4bfd-a0b4-4e37bfe6327f,7849,Passport,8497735,2029-01-31,True
f7c43602-fdc9-4aa3-aa70-f593350f2f69,7850,Passport,4641795,2029-09-27,True
713963d8-3c9d-44a8-8601-8a06e1c33071,7851,Passport,3334719,2028-01-10,True
d2215d37-f106-4cff-b04b-bfcc811dccb1,7852,Health Card,4434906,2031-01-31,True
af45cb6f-9cb4-4db1-aaf6-34d26f4e4ca1,7853,ID Card,9337320,2034-11-13,True
2c7a0699-6963-45be-87d9-45f94a3410c4,7854,Health Card,9721936,2029-09-23,True
78c6aa68-83dd-4681-917e-0bfc31e75fcb,7855,Health Card,1278798,2029-05-29,True
b15281bc-f488-489e-a9fe-5a06d2d7532a,7856,Passport,3918566,2031-09-29,True
4c62a284-0b99-4ec8-9cbb-aac2441cf6c9,7857,Health Card,5445826,2027-07-06,True
90025c97-adf2-4e6a-8088-653a5d483630,7858,ID Card,2400564,2027-03-12,True
880b211c-bc1a-4d6d-b8e8-ddd80bb2a20a,7859,Passport,7701918,2029-01-14,True
44ab3a1f-2d49-4ad3-a53f-faee2aab4466,7860,ID Card,2051506,2028-12-03,True
12e501e9-ce17-4190-af09-2d2302eb94c7,7861,ID Card,6816127,2033-06-20,True
55af0531-5c34-476a-97ed-f225afd4e89e,7862,Health Card,5049183,2031-07-21,True
d91e4648-9cda-4b9b-9a00-319198773a1b,7863,ID Card,3314427,2028-01-03,True
a5f05a6a-70b3-4f65-a2b6-79eb93d793cc,7864,ID Card,3356613,2029-07-27,True
df9eaabc-5b0b-4609-b52c-63c42f5e97b0,7865,ID Card,7052528,2030-12-12,True
9076e68e-958a-4201-b673-f16d5c13d2fb,7866,ID Card,1942092,2033-11-04,True
ccae8050-78a9-4220-bb9f-31136d5fbe76,7867,ID Card,9145134,2033-02-10,True
8c5896aa-39a8-4af2-8f32-5b56a1b780ea,7868,ID Card,4720038,2034-11-14,True
80b36f01-438b-4d19-afeb-a51466aa470f,7869,Health Card,5245194,2033-04-17,True
85b3340b-2ace-4747-8f92-4dbc09336a63,7870,ID Card,7931279,2027-02-18,True
28119b7a-a966-4dd3-b1f1-ef16dc124ce3,7871,Health Card,2596524,2035-04-20,True
ce14e182-338d-44eb-9fc2-7686694ab7d0,7872,Health Card,6295747,2027-04-05,True
cf02faa2-dae2-461c-8280-3604ba4fbd37,7873,Health Card,4073018,2028-04-30,True
95b5169c-64d4-4839-a697-c45f858be930,7874,ID Card,4548273,2032-07-13,True
3e75b9fc-2973-4540-aa8e-14e670a24fd6,7875,ID Card,1196407,2032-07-19,True
9f69ac66-908b-47fb-b6af-53b694c2f518,7876,ID Card,9148508,2031-10-01,True
d9e3a26c-1ddd-4753-8e6e-0bd17a662473,7877,Health Card,7942203,2027-09-11,True
51fbc70d-c4f3-4c15-8f25-703a333bc562,7878,Passport,6204932,2032-10-19,True
33a9119e-ce3e-46f9-895f-775f491446ce,7879,ID Card,1418267,2031-03-02,True
b95f9b3d-4091-4648-afbd-b1153ed3c13a,7880,ID Card,3860358,2036-01-14,True
9985a8d6-60be-4f98-b3a4-1e87d899fb1a,7881,Health Card,9885808,2029-01-27,True
832666f8-6536-4b9d-b23d-1825e8238c53,7882,ID Card,4551273,2029-01-25,True
6b92223c-5b06-4742-81c7-fe03f6e011dd,7883,Health Card,5379939,2031-06-10,True
d4b4ff41-2813-4b84-b17c-90eb0071395c,7884,ID Card,1311020,2034-05-04,True
1d6e8869-d525-4e72-a5e0-642f558ec557,7885,Health Card,8100564,2033-04-19,True
33656ef2-c144-4d0f-aa86-f20ebffa7b14,7886,ID Card,7849853,2028-02-03,True
0d7b155b-938e-42e0-bd27-5e858117fbb6,7887,Passport,2664223,2030-12-03,True
5a64497b-791b-4938-8f7d-9624667ec3e5,7888,Passport,6585114,2032-07-18,True
a48e67fe-5dc9-4cca-a514-20c8706df03c,7889,ID Card,7474726,2031-01-04,True
2d4948c9-3cc2-4824-83a5-bebbff128df4,7890,Passport,7991986,2029-06-01,True
4369bdcf-1e65-40d5-a0dd-dae2d99930a8,7891,Passport,6224249,2034-06-28,True
3a75a3be-c298-494c-bc3f-b4b5ade35a04,7892,Passport,9869749,2031-12-27,True
f582136f-a085-4f84-a26f-10f885571aa4,7893,Passport,3704623,2028-06-26,True
e6f7a8ad-b080-49a4-b6ab-a8365b20e8a5,7894,Health Card,5908506,2028-07-13,True
b759281b-36dd-4ddf-839e-0f24acca33b0,7895,Health Card,1215492,2030-03-18,True
03ce5b1d-5965-495b-bd69-89230bcecebb,7896,Passport,6858177,2032-10-23,True
08894330-4ce0-488b-bd3c-bedbbf021043,7897,Health Card,2293704,2034-03-02,True
4bd27a7d-0fb9-4af4-bc66-9e7a2e601137,7898,ID Card,6637115,2033-03-18,True
831d422e-7f21-43bd-a72d-3d34c992de31,7899,ID Card,3880043,2035-06-06,True
2aea21c0-8243-4c28-b924-743baa903368,7900,Passport,8552052,2033-05-10,True
6b630636-a854-486c-bed7-66769f80454b,7901,Passport,3062823,2029-05-05,True
484632ef-1abb-4049-b1d7-09bc24950507,7902,Passport,8978143,2027-04-28,True
1f90f149-6b59-4e8e-a186-9e3c4dd7a926,7903,Passport,3507971,2027-09-05,True
f2e7eb3d-9d10-4e7e-aa72-48e4a9bb08f8,7904,Passport,3916114,2033-02-21,True
5e6a31b2-3dc4-45fc-b9c7-68841afffd93,7905,Health Card,2857090,2031-08-24,True
25f1f163-8074-4ff6-b67c-ec216f1d2fb3,7906,ID Card,4056401,2029-08-15,True
7b47e241-961e-4a87-8151-65f1c8f2b61d,7907,Passport,6341917,2027-07-23,True
5222029b-e8c5-4198-a94f-ccfb71f62659,7908,ID Card,5486907,2031-04-17,True
78bbbfbd-7a01-4497-b0cc-07623575fd9a,7909,ID Card,1388699,2029-01-14,True
79f47521-e327-407d-bca0-b83343a9ece5,7910,Passport,8148464,2034-11-23,True
fec25b0c-5e6d-4dd9-b55e-bbc6cb27e22d,7911,Passport,8373993,2033-06-01,True
4a52f135-4394-43b7-afd2-6acf30b7aaa7,7912,Passport,3109457,2027-02-05,True
1cf90a41-758f-48fa-96ee-cfffc37e3507,7913,Health Card,4539694,2027-06-24,True
6d2fcca8-9684-48a8-926b-43d2ce0e299c,7914,ID Card,4636047,2034-10-29,True
d0d40592-7e65-42ed-8eb3-6e4d73dddb91,7915,Passport,9387227,2028-01-13,True
bfe23173-82d0-4093-b1e9-4793cc13347e,7916,ID Card,1724213,2029-08-31,True
d1dbcb2e-a7c4-40b8-afeb-7053404498e6,7917,Passport,3195545,2033-10-12,True
b440126d-d3da-4bc0-af7c-cbf064e8898d,7918,Health Card,6932068,2034-07-22,True
b2d8a067-95ff-45b7-a0cb-37143bba8413,7919,Health Card,8582896,2029-10-12,True
c9a3d592-79e4-4471-a07c-c14543a0ffda,7920,Health Card,8557461,2031-09-16,True
65145220-7d44-4018-9d8c-b20a64d2ea6a,7921,Passport,1731686,2031-11-24,True
504cbffc-88fe-4a30-a9dc-8de8443805fc,7922,ID Card,4061259,2034-03-19,True
c37b616b-802c-4401-9e2c-83d51a62d27e,7923,ID Card,3031397,2034-03-30,True
cde56eda-3290-42a2-8f4a-f7a8d9346acc,7924,Passport,8936720,2028-03-15,True
f8d2aab5-a6ef-4484-a498-b54673b3fa85,7925,Health Card,4680246,2034-03-11,True
4a33d04f-07bf-4ac6-bf1c-52eff0d9d3ad,7926,Health Card,4903219,2032-07-19,True
e21cc53d-b904-4803-9e67-8ffb047e6aa5,7927,Passport,2267022,2033-12-08,True
a4b43159-07e1-43a4-8038-0fd48e61f496,7928,Health Card,5271404,2029-02-15,True
122e771f-7552-4ddb-a2cb-566f3dfc2b2c,7929,Health Card,5040966,2035-08-28,True
655f0684-3230-486d-a3f0-b490631debff,7930,Passport,2522191,2035-08-12,True
286bd133-729d-47df-b4a7-149cc8d69305,7931,ID Card,9850017,2035-05-07,True
50fe20df-9b8e-4352-8a37-f95cf992a699,7932,ID Card,8368689,2033-05-13,True
6919af26-724b-4b6b-b9ab-92c1f5629262,7933,Passport,1526466,2034-04-09,True
7bb8fff4-d865-47ce-b748-c83cc5738788,7934,ID Card,7255267,2027-08-30,True
bf05bcf8-d35f-464d-9689-a10adda83255,7935,Health Card,2995724,2028-04-05,True
2b02ed59-1e93-4a8d-ae44-985bad2e997f,7936,ID Card,6769437,2034-08-21,True
99819a8f-a54a-432e-81fd-6537e4868fdd,7937,Health Card,1704406,2033-11-14,True
ab067f91-16ba-43b6-a6fa-25c07bac5e8a,7938,ID Card,1785388,2032-07-19,True
db03794a-785f-4682-81a5-79641e6d4257,7939,Passport,8746014,2031-03-08,True
67b62007-1d3e-42a9-bbe5-21b0e26de594,7940,ID Card,5159039,2031-01-17,True
919eb806-c526-4892-9de1-9c37384966c2,7941,ID Card,2880233,2029-02-03,True
1a19cbfa-4a89-45ce-b202-5b82dff430b4,7942,Passport,1661647,2028-08-08,True
94a946bb-1f29-4c79-922c-224cf0adff58,7943,Health Card,9712937,2034-08-23,True
6e2a9967-f28a-4310-be5f-f28f4bfa1df9,7944,Passport,5192169,2033-12-01,True
107b16f7-d21b-46e3-9f55-1e9427aeb69f,7945,Health Card,1429480,2031-01-11,True
ff02998a-1575-4bb1-8655-d6f62cf9eb63,7946,Health Card,1432957,2032-07-07,True
6697d7d1-c3f8-4b37-89f8-0e3d01403e78,7947,Passport,5396396,2032-12-17,True
3f7c8400-121c-48a7-9134-2243280bd46c,7948,Passport,2139819,2034-08-24,True
ebe72862-7217-4377-9b5d-95609211482f,7949,Health Card,9902341,2034-03-10,True
664d53d9-9b71-413e-9f22-45338a592da3,7950,Health Card,4062625,2032-01-02,True
6bbd1ffe-1f5b-4516-ae58-7e286f8a2d7d,7951,ID Card,2851234,2035-11-19,True
20877f65-fd64-4170-a279-421c8bf05638,7952,Passport,8713176,2027-06-20,True
9f7977a2-29ea-438c-a3bf-f6559ca06cbe,7953,Passport,7803459,2032-07-16,True
54bb00ef-524b-433e-8fac-07d816c1ccdb,7954,Passport,4362864,2032-06-11,True
27a45ddf-5ddd-4bb4-aa0e-3cef7715cdfa,7955,ID Card,7773546,2028-03-24,True
e4fc595c-5e75-4543-a468-965f17dddac1,7956,Passport,7259642,2029-11-25,True
26251002-75bf-4a72-9e55-1b1abe8c8c09,7957,Health Card,7205484,2035-01-27,True
67e59c93-9d7a-4828-ba7d-0d5b052d5dbd,7958,ID Card,4764847,2029-05-27,True
be699b99-3ca5-403a-8ece-f231e9ecf8bd,7959,ID Card,6712847,2033-12-30,True
e951b3a5-70a2-4cac-b482-0bb5dbd9bee5,7960,Health Card,4864071,2032-06-09,True
01f59f78-3890-4250-9d0e-fbc86c6d7659,7961,Health Card,3147520,2031-07-13,True
92e65318-7ae6-440b-9236-72ac05a15256,7962,Passport,9680563,2034-07-04,True
308e7d3f-6b33-43c5-a30a-f55aba772479,7963,Health Card,3846604,2035-04-03,True
3b9d4788-95f0-4bab-b2d7-078f99e092f6,7964,ID Card,3723236,2033-12-09,True
7a10bc8b-52fd-4e18-932e-97b79fbdc86b,7965,ID Card,9558087,2031-11-23,True
1c7b65ef-f7b2-43cb-977e-9f26f5eb19be,7966,ID Card,1023654,2035-07-26,True
2ca94a6a-ef15-484d-8f6d-d284044edb02,7967,Passport,4893034,2034-03-14,True
c86fc837-47d2-402e-9e94-149f1368ece9,7968,Passport,5590640,2028-06-14,True
54f633b8-8847-4969-8c6d-8a0cf6e48134,7969,Passport,5836573,2029-09-10,True
669383f9-1c86-4109-bd1f-cfe2287f86e4,7970,Passport,9028637,2027-06-21,True
7b2e54cb-d503-4f68-b006-925fd74f6131,7971,ID Card,5375115,2031-01-25,True
a5ad87df-e593-47bb-9547-ef1ac7c31ca0,7972,Health Card,4601674,2031-04-30,True
09556a0e-949b-4984-9728-b2f34a8dd691,7973,Passport,2868665,2035-07-17,True
b3dbd5bf-16e9-4d1f-8570-9f4c06eb7604,7974,Passport,2139630,2030-03-24,True
be9da9af-c6c7-4483-b94f-bd8fed958fcf,7975,ID Card,4546501,2029-12-07,True
7059b887-ab87-4e53-83af-ae1998970f55,7976,Health Card,4709845,2033-08-29,True
9dde7034-684c-4ecb-bec9-375bfb4c6310,7977,Health Card,9693468,2034-11-27,True
25995c8f-273c-43e4-b205-7c6173c343ba,7978,ID Card,4701334,2029-11-01,True
5bb6be61-8136-4e0b-a377-3dcd6e08b9d4,7979,Health Card,9710205,2035-11-06,True
154f17b5-ab01-45b7-8936-8dabb3489481,7980,Passport,2877083,2034-11-01,True
08135199-438e-4dff-b349-08a6db7350d5,7981,Health Card,1809064,2033-01-07,True
1f8d1951-8685-410d-9e1f-2aeda8073896,7982,ID Card,7441826,2032-01-21,True
7451894a-e6cc-44a9-b290-6ea8bbcc8323,7983,Passport,8195739,2033-12-02,True
f6ac8728-e1cc-48e1-9892-db61cf89ab2c,7984,Passport,2654298,2034-08-06,True
08b34408-20c0-433f-9e4f-4ade98008796,7985,Health Card,3156266,2027-04-28,True
d0b553d3-2eb3-43a4-a9c5-4489fb38a88a,7986,ID Card,6693081,2031-02-13,True
4b2799d7-d953-45c2-8b3a-b3c68b368fec,7987,Health Card,5068884,2027-10-14,True
80c48f30-02fb-4cd8-96ee-3a41378c3e98,7988,ID Card,5546025,2027-07-07,True
0591997b-3634-4138-8d7d-8f3db3c2a476,7989,Passport,8655653,2028-01-14,True
30222f40-d0b7-4a29-be4d-d101e142f4dd,7990,Health Card,4268578,2035-09-14,True
f4f9b654-35fa-456d-bdb2-bb68183a9e82,7991,Health Card,3816740,2029-10-17,True
bebfae8d-0c5d-4373-bb22-a2483902a990,7992,Health Card,5280212,2029-06-10,True
d34ef5ab-4e24-40ff-bf21-993bf9298f28,7993,Passport,1767905,2033-10-26,True
72c74f0c-4da5-4023-b5b7-145e0a401d90,7994,Health Card,7203902,2034-11-09,True
49ea6c8a-1b6d-4d42-ab3e-5a8ebc09c20c,7995,Passport,4096918,2027-06-06,True
c33a5eed-d830-475e-9e2e-46e316674c80,7996,Passport,2373700,2033-05-24,True
28765c46-93b8-40e2-8a93-be03d47fc1c0,7997,Health Card,3433175,2034-05-03,True
cc1776de-0543-4d13-812d-1ac91dd5a769,7998,Passport,9470130,2032-07-31,True
5ebc1bf8-cb0c-4049-8f8a-3c14a73fc095,7999,Passport,5990774,2034-03-09,True
14812ffb-dfe8-458a-8c73-42321c4b20e8,8000,Passport,3137041,2035-01-20,True
49d08df9-3172-4cc1-895f-20329318c62f,8001,Health Card,9945972,2032-05-20,True
e2dd0f7d-35ba-4a10-86f7-cd8d510a091e,8002,ID Card,5765967,2029-02-06,True
76791ff1-f375-4e8c-a685-b86be7120986,8003,Health Card,2597472,2028-04-28,True
85891766-6ded-4cd7-bd4e-b2f7cf7cf725,8004,Passport,5272579,2030-08-20,True
f261820d-c5fb-48b0-8bad-4f3c060e89b1,8005,ID Card,5038249,2034-09-28,True
62d3c97c-8598-47b9-87b4-b3c268c49bfd,8006,Passport,9486999,2035-05-21,True
47ad6455-f411-449c-99e9-34901d40b221,8007,Health Card,1239702,2029-01-21,True
c81ac759-89a8-4d4f-b2b7-21eead5ee391,8008,Health Card,6889746,2029-04-20,True
ffd86995-92a5-49ce-b3d6-702d10e394e0,8009,Health Card,6663237,2034-06-16,True
5e19e6fd-4998-44f9-82d8-7717e0af4d99,8010,Passport,7734781,2034-06-07,True
1932ab60-46d5-4a9d-850f-89f8b4dd6711,8011,Health Card,9375743,2034-12-02,True
4283958f-8d95-47f9-b435-28eade7acc07,8012,ID Card,7680447,2030-09-15,True
6b76e330-e297-42a9-82d4-56973a0faf28,8013,Health Card,6222583,2034-03-04,True
d0a9e399-992f-4ab4-a0c3-037b8394f05d,8014,Passport,2649125,2029-07-04,True
ba2c709b-d660-47fb-aaa2-54ae91408ddc,8015,Passport,6880057,2028-07-22,True
c2acd185-d50e-4ded-a513-0b1bfa37c11e,8016,Passport,5284142,2034-07-21,True
f57267a3-5f24-4a9f-aa8a-1d6cdfc5cc4a,8017,ID Card,5057901,2027-08-09,True
15674484-ff4f-41d6-a800-536f50ad1463,8018,Passport,5453430,2029-08-05,True
6ef3b821-3aef-446f-9c8a-051104a24a52,8019,Passport,8483222,2035-04-29,True
0bfc48db-678b-4bfa-8a92-5eba13ee7324,8020,Passport,5802030,2029-10-15,True
9ad4aeea-bce7-40fa-b2f0-dbd4c7af692d,8021,ID Card,9961163,2027-09-12,True
cdd86019-426d-49ec-a0a5-2c738fe1d43e,8022,ID Card,9754331,2033-12-28,True
33d460d4-64bd-47bb-a663-edc741e980f9,8023,Passport,2774645,2027-11-22,True
5699d3b3-54eb-44eb-8e6b-be54bfa1da75,8024,Health Card,1020121,2032-05-10,True
44bd5435-19f7-4439-99ee-509cbb9cc896,8025,ID Card,2486017,2030-06-21,True
fafa3330-be46-4a92-a951-3b01f73105b8,8026,Health Card,3045066,2030-04-25,True
18ff234e-c54c-477c-a757-604f9b741fb9,8027,Health Card,9548855,2035-01-28,True
a177d6cf-84b0-4044-b56a-eb91341a5301,8028,Passport,1013607,2028-04-30,True
6c49b713-d240-4de8-8bce-48ccfcb98af5,8029,Passport,7065886,2030-06-02,True
1b4a29f6-0023-4543-b0aa-4ea442c8bdfa,8030,Passport,5129638,2035-07-03,True
87bdef8b-5184-45f1-acd9-62c01b0d35bf,8031,ID Card,4670673,2035-11-15,True
ad746b53-9140-4809-b80a-f36a37b12ea4,8032,Health Card,8728808,2033-03-09,True
696010f4-ad93-4d48-8e47-3193c6a861d0,8033,ID Card,2550038,2030-06-05,True
9d2358f5-ff09-43dc-990a-63de5c71b851,8034,ID Card,9304735,2032-07-15,True
8664c156-92e5-425c-beaa-023c8e4b527f,8035,Passport,4108988,2035-05-02,True
3fa0850d-98b2-4ae6-acce-d40162b3a6b9,8036,Health Card,8883389,2029-10-24,True
77f0a161-8fb7-4fd8-b9da-15053159fa9c,8037,Health Card,1465776,2031-12-13,True
e294f01e-e141-4818-80ea-b843036c8aaa,8038,Passport,7028540,2032-02-23,True
ccbc920f-9938-4556-90ff-6e19c2883530,8039,Passport,7968851,2031-11-19,True
77077d0d-1411-49d9-adae-af09ad606a58,8040,Health Card,3203969,2035-10-09,True
26a4659c-a8eb-405c-988d-6d2df24a9de2,8041,Passport,8165736,2031-11-12,True
97197c5a-ab48-46f2-8fbe-28de17f0c4af,8042,ID Card,2909613,2029-09-20,True
cce32a83-facc-44ac-85dd-bbaeb92e7f95,8043,ID Card,4069304,2031-01-14,True
8507316c-05ac-4ff0-ada4-bcfcebe9c3d9,8044,Health Card,8357830,2035-12-15,True
69ad89f8-fe02-4ec7-b9c4-506668845afc,8045,Passport,9754707,2035-05-28,True
6a8d1b22-f2e1-442f-8968-7a41ff7ae8e8,8046,Health Card,6874200,2034-08-23,True
0c3a2d1d-269f-4a15-af3c-81c3cdb457c9,8047,Passport,3193136,2035-05-06,True
7a1d2234-ef1f-4030-9fdc-2d0ce24793ed,8048,ID Card,5553666,2031-03-11,True
4c15383e-b2e1-4ad8-a416-c822dcf50d0f,8049,Passport,1804042,2034-02-24,True
9fbbd17a-c4c8-456c-be36-b09cde88d375,8050,Health Card,6029422,2035-05-11,True
93bc93fe-a44d-4024-86fb-f9f2f905476e,8051,ID Card,3849914,2027-02-09,True
d169c0c5-084f-4f2e-9606-814becd3b821,8052,Passport,4197327,2035-02-12,True
557e3ff8-3c33-4c46-a6b4-0fb5a8a7b576,8053,Passport,6306402,2027-11-02,True
1e7f1c05-c2e7-4741-875a-fa49c0aa91e0,8054,ID Card,1864346,2030-05-04,True
95c82777-1a7e-4de5-8998-90b466caa519,8055,Passport,6015859,2028-03-30,True
53b3a838-b129-4069-b298-f625f4005175,8056,Health Card,3727184,2029-02-22,True
70293e2a-179e-4e57-b498-96fa87739d17,8057,ID Card,4887131,2034-03-09,True
ab2c0f0d-b18f-4270-a1a0-9a9d12f60c63,8058,Health Card,2743852,2030-01-10,True
1739408c-cd8f-4732-a899-308a27c2fe77,8059,Passport,7630891,2035-09-10,True
aef10b68-2ff6-4748-b879-1cd268772930,8060,Health Card,3979494,2031-05-12,True
b3247e3a-2066-4e20-96df-4fa1283dd096,8061,ID Card,3806158,2028-12-24,True
aeba55a2-3534-46ad-b81a-6471228b215c,8062,Health Card,6328147,2033-01-09,True
c799327c-2947-43ae-bba4-56e9e7e58927,8063,Health Card,7224097,2027-11-04,True
f8b05413-faf5-4223-a62b-080ce8aee358,8064,Passport,9700915,2035-07-04,True
a74c67eb-b607-4f36-a754-3689cf00694a,8065,Passport,3744209,2033-02-14,True
bd78e5c7-8f91-4e78-819a-9288c21bcc78,8066,Health Card,4970192,2031-01-11,True
a0ccd7f1-b5de-401b-b916-06acc4154af5,8067,Health Card,8431694,2031-06-28,True
4a27ff6b-5cd8-4de5-8b0b-6c8d84ebd2fb,8068,Health Card,3019076,2027-11-09,True
3f7f0a44-5580-4e82-9728-485837204ad8,8069,ID Card,2129391,2034-10-16,True
34a95803-b37b-48f3-9098-70f4f178c771,8070,ID Card,1013407,2035-01-30,True
518e5fc0-138f-442c-8538-9e2f7516b3ce,8071,Passport,8163811,2029-08-21,True
9e4ed256-6cc4-45dd-9d73-1ad3731d6aef,8072,Health Card,4844720,2028-09-07,True
5a2fad25-fc82-4f6d-a603-62f822aa1712,8073,Passport,1321444,2027-11-05,True
a891c302-b3f8-4fc3-89ed-52ce2a7dbbd4,8074,Health Card,1239121,2033-03-24,True
4988a891-754c-40ea-a6d4-d83f87a332fe,8075,Health Card,7196603,2031-10-26,True
3aa9ee83-e651-4fda-853a-e427fb0a1c0a,8076,Health Card,1344587,2033-04-12,True
081bb3ab-42b1-4a52-b8a4-6c766206cee2,8077,ID Card,3849905,2027-05-26,True
72727892-f3cf-4077-b178-8fa9fc8ec419,8078,ID Card,2777379,2029-05-24,True
3e6627c4-76fe-4f11-9363-8b8819ae971a,8079,Health Card,2129070,2031-10-26,True
c2c59f55-250a-4e0e-bce4-8f42a5d500cd,8080,Health Card,2162321,2029-10-22,True
161e03db-46b3-41e4-b5ef-d3f690574e91,8081,ID Card,7107513,2029-01-03,True
8836f817-3136-42d9-8a4c-6178c4822fee,8082,Passport,7856376,2035-08-04,True
7585361d-90fe-4f68-bf2b-4e625853371c,8083,ID Card,4902599,2033-08-18,True
d9fcd79e-7fce-4be6-9668-2da36e9657cb,8084,ID Card,6770900,2027-12-02,True
22792c63-b99c-44ec-b883-cc109aacdd41,8085,Passport,8925364,2027-08-06,True
351cfbdc-32ac-46ed-bacf-ee0082d536d3,8086,ID Card,5478769,2031-11-10,True
5882aedb-eac4-449f-9308-a7ddd75bdc89,8087,Health Card,1713834,2032-09-25,True
7146c27c-7fe6-479f-ba7f-e850882e9b0d,8088,Health Card,5563286,2033-03-30,True
c4445316-88ea-4e71-8c86-7448bf72ae46,8089,Health Card,8936767,2031-01-12,True
c450ad7a-3ae5-4306-bc76-324093ce6b1f,8090,Passport,1691442,2035-10-22,True
db3575fc-a9ad-40bf-be11-8167646b005f,8091,Health Card,9591147,2035-03-03,True
9674e746-be5c-406f-97e9-948c36c7b1b7,8092,Health Card,3037326,2029-11-11,True
359fed45-eba8-486e-91bc-7452d1ba744f,8093,Passport,7808727,2027-12-13,True
e20c9fed-8446-4ec4-bd04-7b4fe4da0346,8094,Passport,1245165,2028-04-01,True
509e531e-d063-468f-a8ad-725e8be70382,8095,ID Card,6021940,2029-05-04,True
06d85c02-c42c-4a22-905e-4f8900844dce,8096,ID Card,2302206,2028-06-21,True
b48a496a-8001-4b84-a738-19aeb22f56c2,8097,Health Card,1270438,2031-08-14,True
d9189cb4-6e61-4768-9615-90e7fc3846b8,8098,Passport,8124299,2033-03-07,True
0814895e-af2c-48e2-bdd1-389c0b0c4737,8099,Passport,5529507,2029-06-13,True
ea3f4cdd-f64b-4618-a22f-22b0d929cc5a,8100,Passport,5540562,2031-04-30,True
b5e5546e-5658-4029-9583-df9cf85880f7,8101,Passport,8553713,2033-10-20,True
e99d5bed-ddbf-4db0-bd7d-662e1e17ff33,8102,Passport,3914457,2027-08-23,True
ed6c2602-3ceb-4177-880e-dfb9f73ebcac,8103,ID Card,8751503,2033-01-27,True
fa5fba0e-2b54-4cca-aa87-bb57413e76ef,8104,Health Card,7539326,2035-09-15,True
9f0f106d-055e-4425-8c72-4661bdcc7dc4,8105,Health Card,4245090,2029-12-13,True
85afb928-8c29-4cfd-9f5b-b7d2d2332ca3,8106,Health Card,5718137,2035-09-26,True
3dc1eb83-81f9-470c-a793-436b17b27c11,8107,ID Card,3698862,2035-12-12,True
b156e0a7-93e9-481b-8b89-456cc28a8283,8108,Health Card,9315835,2035-03-08,True
6a2aa2d7-cb33-4c44-88fe-56dd7944a1a7,8109,ID Card,4464937,2033-11-05,True
bc115120-cab4-4cd4-b66c-4eac17bd3426,8110,Passport,9790744,2029-09-14,True
67b79a94-c2c0-435c-a279-5cb97f392321,8111,Health Card,7447795,2034-12-08,True
b5e2ae0d-900c-4e6b-956a-765d30da78ec,8112,Health Card,5872528,2029-10-01,True
253b4fae-69e9-4514-9f7d-606c743fee4f,8113,Passport,3214681,2028-02-11,True
52e7d94e-3f0a-4d4f-8cad-41d5af76bea8,8114,Passport,4871884,2034-08-20,True
e4dab89b-bc3b-490d-8e8b-bb4e6f6f82a4,8115,Health Card,6256080,2034-04-30,True
30b86575-7841-435f-aff0-78a0c9db1402,8116,ID Card,6398236,2029-09-23,True
9bd290dc-bc13-4926-8d65-f3ba627763d5,8117,Health Card,7557239,2027-10-14,True
470ac11e-b649-4a56-9213-5a8ded673231,8118,Passport,2252782,2032-11-19,True
26c73a07-8133-4efb-a706-c6f306012914,8119,Passport,9477637,2030-08-03,True
8a50c15b-fd7a-4d93-ba6b-a62821b94cea,8120,Passport,9785981,2027-06-20,True
10030ef9-7b41-4511-8aa7-af7370da3768,8121,Passport,3419313,2027-09-13,True
9b4d26f2-c3dc-4bc5-9fa7-1cd320181791,8122,ID Card,4925549,2028-07-26,True
b648fa2b-e401-408a-b404-3538ce1b4017,8123,Health Card,6139482,2035-08-17,True
9f130c9a-e372-414e-a969-2a061dcd4cf9,8124,Health Card,4010558,2032-09-29,True
47718ce7-079f-4a59-ae3b-773f0fc501db,8125,Health Card,9466961,2027-11-19,True
5d5f4a84-8194-43be-9eaf-b596db1aa8fa,8126,Health Card,6398182,2032-10-17,True
6b7caea4-734c-408c-896a-6f8f8e706bf0,8127,Passport,2306636,2033-03-31,True
0769af89-a7d7-4bc9-a9be-af3d0b63cf4b,8128,Passport,3797129,2034-09-27,True
d7805890-66cd-4566-aa28-004388a31214,8129,ID Card,3507031,2030-02-17,True
f2c23bb7-985d-4a39-befc-462797edc73d,8130,Health Card,9569696,2027-02-02,True
812c17a3-2ff4-4a9f-9ce2-f9f882f1d347,8131,Passport,3560577,2029-09-08,True
adcc0b13-6baa-41ee-b01e-77e28c37d32f,8132,ID Card,2268354,2029-07-27,True
f94549a3-ce44-4a0b-8fce-63f214c04998,8133,ID Card,1307567,2034-12-14,True
f25629c3-e692-44fa-aa64-85fddc546ff8,8134,ID Card,9911255,2033-03-23,True
4d7a4552-3673-454f-a947-23bcda367345,8135,ID Card,3588586,2032-04-07,True
1812fdf2-0804-4ab5-8261-f6a059091188,8136,Health Card,6921126,2033-01-13,True
e7568c8f-5e81-4886-9b3e-505cd6b50f58,8137,ID Card,2492987,2034-02-22,True
27c7ca6a-b2ec-4d76-a602-2d408cec3520,8138,ID Card,3878711,2032-01-06,True
144f28bf-e43d-496e-b9e9-7b4a0fed6ac9,8139,Passport,8657072,2033-02-22,True
a225ae6a-6324-4e2a-b1e2-143933a57064,8140,Passport,6783615,2032-01-30,True
8512fd81-80b7-4aa0-bd7c-138efd449a7e,8141,ID Card,9853231,2028-05-16,True
f8bd5b04-1122-496c-9613-03c6bb1571f8,8142,Health Card,1725433,2029-07-12,True
2c097109-5bd5-4174-867b-72626422729d,8143,Passport,3236978,2029-08-18,True
05302031-da6b-41bc-85e9-67d57d671779,8144,Health Card,2898122,2029-08-20,True
6218a1c7-89c3-4622-8f98-824df801e77e,8145,Health Card,7934607,2031-04-27,True
ff47c5ed-0ffd-49c2-a267-a1f69eef5da4,8146,ID Card,7502809,2027-07-03,True
1f972912-78ff-43df-8409-96636fbabcea,8147,Health Card,9061661,2034-07-11,True
7aacee25-b8af-4de1-b272-3f81befc5bda,8148,Health Card,6012715,2032-08-06,True
c3dde8fe-0f2f-429e-a9cd-21ecc3dd0525,8149,ID Card,9664523,2031-03-28,True
664318a1-c63f-44bf-a7dc-5c291eb1f531,8150,Passport,1443763,2034-08-11,True
4881141d-ceae-41dd-8017-a1169c211448,8151,Passport,8674309,2027-04-22,True
1a51f3a9-b451-4297-97da-343c07b12057,8152,Health Card,2973407,2031-05-27,True
3e0da307-08e5-4632-9e45-dc22b2584fb9,8153,Passport,6520549,2034-01-02,True
5d088851-0ddb-41bf-8fb6-a69dfeb6c963,8154,Health Card,5792149,2027-09-25,True
aead32d0-068b-4c95-8562-30eb691449a6,8155,ID Card,6410141,2028-03-19,True
c408b7b3-77ae-4588-a8b2-4aa0e795261e,8156,ID Card,8535967,2032-10-17,True
a6d46a10-7f4f-41d6-b4a7-ae7c132c6c7d,8157,ID Card,1584042,2030-06-15,True
a3639cbd-4ce6-4cf0-9919-1758ea528e0d,8158,ID Card,3339634,2028-08-24,True
b4457e16-1042-4692-aa00-6f39b4aa3083,8159,Passport,9473890,2032-01-03,True
ee67c86f-2977-4517-b0e0-75f8419420f7,8160,Health Card,9892057,2029-11-06,True
11ebf169-76f0-4ce2-a4f8-3c2cfae34b85,8161,Health Card,2105533,2035-01-30,True
b927cec6-e3b3-40f2-b1d6-c33b8cfc297b,8162,Passport,5539634,2028-01-04,True
a240d00a-b1d8-44e3-8e74-13965a8d5551,8163,Health Card,7602557,2033-10-16,True
c344f4f5-2a66-4653-9de8-2a597f8a9431,8164,Passport,4893021,2035-09-10,True
91335d9d-2c08-4f9a-b6c4-edcc087b3a0f,8165,ID Card,4137378,2034-05-07,True
6a21d04e-cf21-4cae-9371-fcea2228e867,8166,ID Card,5701179,2028-12-15,True
5fda04b2-0c7a-41c3-bd9d-306c4ecb35d1,8167,Health Card,8329481,2030-06-27,True
9034bc0c-3d85-4897-bef4-38db9029db0e,8168,ID Card,8301051,2032-06-19,True
4e37b9e0-c9ab-4e8b-894e-6ff920f5b9fa,8169,Health Card,6863981,2030-08-29,True
f7f3d38d-c194-45c1-9cbc-25a224e376c8,8170,ID Card,3379025,2028-08-13,True
0bcd0ac6-0f4a-4d0c-bae6-0db48e08988d,8171,Passport,6626867,2030-06-12,True
49664803-d3ab-450b-b09a-e3df3bc9279f,8172,ID Card,8844459,2033-02-12,True
b81916ac-93f6-4ef8-a04e-1bbf866a02fb,8173,ID Card,8574234,2033-08-14,True
0b7f33fd-4eda-4e14-879c-aaaec57f8608,8174,ID Card,3111966,2033-04-02,True
f0bcf014-d0c0-4d6d-bded-1065246919a7,8175,Health Card,1950185,2030-10-19,True
10ea7549-d580-44b9-b5c0-77e7ec8a4b97,8176,Passport,2083109,2029-12-16,True
82ffff78-5537-419c-a86f-8e6f723829ce,8177,Health Card,2086196,2028-07-19,True
2682d04b-58a8-46f0-a37b-6f3725792bb6,8178,Health Card,8258409,2034-01-20,True
96f299b6-d1f0-41ab-8715-936bfd11938a,8179,Health Card,9974221,2035-03-31,True
d7e2230d-49e3-4bb8-9fbb-569e61e9f4e6,8180,Passport,9498155,2027-04-12,True
1df1282a-6c7d-4833-b569-73335c0000e8,8181,Passport,5211921,2035-04-22,True
2d41b9a7-db44-46fd-b8a6-b81d3a557e6b,8182,Health Card,6304568,2027-06-01,True
8cfccf7d-826e-493f-b985-759e94e6bac1,8183,Passport,6310330,2032-04-19,True
858d3dd6-15d0-485e-a506-19a282928b23,8184,Health Card,4845489,2031-09-26,True
4aecbff4-076f-410e-aee6-8af087544b77,8185,Health Card,5227519,2028-02-06,True
247fd544-93bc-4ce3-a2d2-83f42105b67a,8186,Health Card,6051041,2031-03-08,True
c7b0f0c7-f704-4a14-9fd5-b51ffc7d2ae5,8187,ID Card,8908898,2032-05-08,True
11438313-9009-44e1-b847-0d866b55b61e,8188,Passport,1220962,2032-10-02,True
37a150c0-486e-4df8-9dd9-4b7e9a09b347,8189,Health Card,7802489,2031-08-12,True
d1b55349-cd52-465c-9ac5-ef6db438b645,8190,ID Card,1381199,2027-04-05,True
ced747b0-b295-47df-80e2-95a37224e544,8191,Passport,6246119,2031-02-13,True
61169bab-f8a5-436a-b6fe-8ddb3ca34c3d,8192,Health Card,5475166,2034-10-14,True
7ff5ac27-9c41-4692-b54e-ffcd950c3b32,8193,Health Card,1125429,2030-08-14,True
fd7ca734-3f91-459b-bde8-eef074027e6f,8194,Health Card,9346630,2030-09-20,True
aa6065ce-918b-4e5b-a631-b5a90ad44163,8195,ID Card,2809254,2027-10-23,True
648c2a2e-1428-45b2-ac2a-01204833bc1c,8196,Passport,3203245,2027-09-19,True
7762d0f8-f580-4a5b-b66e-e41ad66c9024,8197,Health Card,2092458,2029-08-15,True
82076c19-77f3-4cf9-a551-41d3171e2e0c,8198,Passport,9257008,2031-10-23,True
2bf71421-e845-4a68-80d2-46e115837cd8,8199,Passport,1514926,2034-01-28,True
810b64d8-7980-44b2-a55a-189b3b2beee0,8200,Health Card,7772855,2028-12-02,True
e3585608-69fb-428c-b2b2-57e3b56654ae,8201,Health Card,8870227,2034-08-14,True
e6c97d88-0618-410b-bdd9-7d97ec5d66ce,8202,Health Card,6704915,2029-07-06,True
7ec69103-53c4-4d41-91d2-d4d962a6d99f,8203,Health Card,7846361,2031-10-24,True
b14d16e7-3c1a-4c99-a4ba-a7556067d095,8204,Health Card,6627968,2032-02-01,True
2195af2b-5368-4f82-9d1e-a05a8039432c,8205,ID Card,3578920,2032-04-06,True
9f82e726-83b6-491e-af0d-b555dcbd8366,8206,ID Card,6006405,2033-05-27,True
bf9c1e1e-b118-443c-88f0-bc0c8e40c8ab,8207,Passport,7206386,2032-06-14,True
3aa32eb5-a24a-47a5-9a12-3db43f03da53,8208,ID Card,9384716,2031-02-05,True
619a244e-38dc-49bd-a419-3493212f8010,8209,Health Card,7881673,2033-10-15,True
f5a73e7c-be04-441b-9706-58997e68e5f0,8210,ID Card,9979641,2033-12-01,True
dd82299d-360b-4165-8098-8849ef273359,8211,Passport,3683112,2027-04-18,True
aa6112d9-9d07-4c0e-94ae-e92efe781d50,8212,Health Card,5047570,2029-09-22,True
b76b8307-dfad-4fab-a8ca-cb4cf2159f22,8213,ID Card,1590216,2035-02-27,True
a3d7a7aa-34b9-4bef-8f1f-192ae7732e13,8214,ID Card,4468988,2033-06-05,True
ae364980-6583-4892-9c29-ac35f1a3e28f,8215,Passport,3332943,2032-06-17,True
2617d955-f3c7-4566-8705-81ff1dcbddd7,8216,Health Card,7280579,2030-08-17,True
1e4edc86-8be0-4efc-9c65-ec38617b801e,8217,ID Card,4382776,2028-09-13,True
4ad23204-4fa8-4683-bdf7-22fb2224581d,8218,Passport,7251497,2035-10-09,True
910b35ec-201f-435b-afec-59a5b653769b,8219,Passport,5677487,2033-03-11,True
c1826b45-301d-4f73-b797-af82385b3674,8220,Passport,7071916,2032-03-07,True
ceecaaf7-2ba4-40db-a87f-4a2de6f1cf16,8221,ID Card,7177680,2034-09-02,True
4457607c-7c3f-4ba4-9ce5-78568cf47909,8222,ID Card,8926650,2032-03-25,True
67c5214f-b2f8-43d3-af10-2852df70f110,8223,Passport,8361522,2027-03-31,True
53c52c44-9314-4b79-9ea9-d3a6d0bfa2ca,8224,ID Card,7093818,2034-06-04,True
407d1b0c-9648-4622-bdc8-fcbb4548c495,8225,ID Card,6055290,2035-10-16,True
2a85a071-1ee0-4eb8-b26c-64ec266f148b,8226,ID Card,7558148,2032-09-04,True
32a7f783-202d-452e-888d-f0da8330f366,8227,ID Card,7312428,2032-03-05,True
b764756e-cdfc-4e96-8236-e17b1761a34f,8228,Health Card,1923364,2034-01-14,True
c49f2242-26f9-4106-a453-844964438a33,8229,Health Card,4272903,2032-07-18,True
d07bded8-4dd1-44f6-b8ec-42f835b04de8,8230,Health Card,9340008,2031-02-02,True
c1e19580-3354-4d72-8d52-d7daa4bf7ba0,8231,Passport,2796587,2028-03-16,True
5e69a478-c1b5-47c2-b296-459628800152,8232,Passport,5122082,2033-10-26,True
f03b6e9e-c54b-4c1e-9f1d-37455e9ae820,8233,Health Card,7987416,2027-01-27,True
52e7482d-56c4-40a1-8552-a10a0ab79265,8234,Passport,1610286,2030-12-18,True
71ab62dc-e2f0-4138-9bda-f8ccf5382c13,8235,Passport,9074870,2028-07-21,True
513c3170-7f5f-4bf8-8dbe-9a713447237c,8236,Health Card,9997940,2032-07-01,True
99ec1e7f-b6b9-4b0d-8b9d-5ae20c58612b,8237,ID Card,5873599,2034-06-30,True
489feff8-6bce-4390-ba97-eef32589f360,8238,ID Card,3987973,2034-04-28,True
4c9c5229-743f-4c4f-89bd-d4f2ffe7f5c8,8239,Health Card,1476913,2031-08-08,True
25fb7ff1-8a9e-4df2-a64c-115fb964e7f2,8240,ID Card,9958651,2028-10-08,True
61af9e15-79e7-472d-860c-f340fd1ea550,8241,Health Card,7945009,2035-04-07,True
49337dbf-b07c-4229-af6b-3aeffb825a35,8242,Health Card,7508799,2030-12-20,True
5d261647-9727-40ea-8706-f460e5c5b5c6,8243,ID Card,5738364,2027-07-19,True
91bb885a-5d80-49df-bae1-4733d415f5dd,8244,ID Card,9745252,2029-05-03,True
987d5ab5-2d10-49cc-9094-aeb6ff3341d0,8245,Health Card,6887527,2035-05-02,True
7aab7e27-07b4-4b6f-b173-42b48ac67b4a,8246,Passport,1317425,2035-07-07,True
a3c8935e-f223-4a60-a684-2e8629c89919,8247,Health Card,3739950,2031-07-11,True
284ef5ca-65ab-4048-9fef-e2072ee7bf97,8248,Health Card,4279873,2028-10-14,True
4c771f1b-5ea6-4c1f-a3ef-f3723213b6b7,8249,Health Card,9170256,2029-06-02,True
3a9f0e96-2932-4c97-9272-29fe5f2f9141,8250,ID Card,8660436,2034-01-16,True
adab46de-a541-441c-b09d-06b2b7fca807,8251,ID Card,4058216,2035-03-22,True
ca1b134b-c6be-411b-8774-f1a4da5f5b08,8252,ID Card,1226742,2034-07-06,True
650ec58d-f6e1-498f-be1e-dec734d45722,8253,Passport,4492001,2030-08-14,True
8be6abe1-980d-4c13-bbec-fb99e4a13f5b,8254,ID Card,8812158,2033-01-02,True
7b4a6421-5dff-4cef-86db-a70cc256a205,8255,ID Card,8246043,2030-12-17,True
c78a5407-106b-4880-bc42-18ab83ffab45,8256,Health Card,4119484,2030-02-06,True
225abe64-87f0-41ec-89dd-bbf86fcfc28e,8257,Passport,4698318,2028-01-09,True
f8c46936-42ba-4500-ab18-c79d15ed3151,8258,Passport,1475719,2030-05-26,True
fc3ab41a-b8eb-4bf9-86a8-856d5a8da2be,8259,Passport,1852044,2033-03-23,True
153b163e-2e35-4860-a11b-0238f4689573,8260,Health Card,2900089,2033-01-18,True
64079335-6227-4993-bde6-712903aa5fc6,8261,ID Card,8173626,2034-01-29,True
25fb85fa-5462-4799-9a24-9c278eea9585,8262,Health Card,7784097,2034-01-24,True
2cf65374-eeed-43ed-a9e4-f83e2bd25151,8263,Passport,5160884,2027-10-01,True
24e7ff6e-6dc6-44a5-83bf-13c284d7b0b4,8264,Health Card,9775368,2028-02-08,True
1fc50883-2a1d-4f9e-9871-b0d7b3a4cc2f,8265,Passport,4444506,2032-04-05,True
d596e8eb-0c6b-4dc8-923c-824fb5b590ce,8266,Health Card,4937310,2034-09-15,True
2ab641c5-2f10-4ab0-aa05-99c2e19ee287,8267,ID Card,5891325,2031-04-17,True
f2d679a1-d3cf-4cc9-afe5-a0c5c93f0f14,8268,Passport,8232442,2030-04-16,True
43a9f5a8-c044-466b-98e6-2e0bee9df056,8269,Passport,1840173,2034-06-16,True
ace17190-6786-40a4-9006-90b4d4a2f57c,8270,Health Card,3419854,2029-05-30,True
2c7240eb-d025-4ee6-be9a-734a90ac1094,8271,Passport,2691439,2027-05-28,True
8be89891-4db3-47f9-a742-5cd80663a4ca,8272,Passport,8389887,2034-03-24,True
d70fa822-422d-4699-bb00-ef15dae71ffb,8273,ID Card,7858288,2033-05-16,True
63c660ca-cbaf-4e80-af4c-219294f03580,8274,Passport,1241845,2035-03-17,True
45894175-e97c-4545-b68d-6b11138d12d6,8275,Health Card,8656610,2032-11-09,True
47c9a469-4770-470b-b131-9512657cc76e,8276,ID Card,3701262,2033-01-20,True
a96aa0cf-20e2-4d4d-99a1-1668e7851b85,8277,Health Card,2202974,2033-09-27,True
431e0daf-90d1-4412-b42f-b70ef4e2c3e1,8278,Health Card,7408638,2032-01-02,True
72724bba-259d-4fa1-ae24-ff156ec2ba61,8279,ID Card,9529924,2034-12-03,True
938a1e58-e255-473c-a2a7-a4584ec17237,8280,Passport,6682035,2028-09-27,True
bd8d0d13-5672-4fc6-9c25-7ca418e432c9,8281,Health Card,2469305,2035-10-25,True
5c37fc05-48c1-4382-8ea4-b90a038fb039,8282,Passport,9043673,2030-10-23,True
1374fa08-964e-4e69-b848-e336d706d76a,8283,Passport,5583792,2029-08-14,True
4b19989f-4ad6-4336-9621-37f4897c6b70,8284,Health Card,8863364,2028-03-03,True
cfe78e5b-698c-4072-8283-6847269017d7,8285,Health Card,2930160,2029-09-01,True
257b91e5-967a-4e69-95ed-c849120143ed,8286,Health Card,8246014,2030-08-04,True
d6dd4a76-1ae3-4897-8d7c-14ab50938b63,8287,ID Card,7843377,2029-11-08,True
ceb38cee-e40e-4565-9cad-b26953debde4,8288,Health Card,1006884,2030-03-07,True
e9964fc1-f632-4816-8a65-04c68ffe7378,8289,Passport,7719849,2030-11-18,True
47ca1ec3-a5d6-451b-a962-54a22d0b893b,8290,Health Card,8123813,2027-05-02,True
860343bd-e312-4ca0-9cb5-068bc676a718,8291,Passport,5183909,2034-06-15,True
cac23aa5-3134-42f2-b2c9-574dc9124e32,8292,Health Card,3171064,2032-08-15,True
32955303-bfd6-4a29-ad7c-dbdcaeb4b779,8293,Passport,8891266,2030-07-04,True
091b4160-23e4-4b1f-81c8-7842e31326ae,8294,Health Card,3380009,2035-01-31,True
013dd568-85c1-4e16-830f-42fa8500488e,8295,Passport,4427405,2031-11-17,True
8c55d2b2-1123-4437-b894-8b8c76cee0d7,8296,ID Card,5015539,2032-06-04,True
e4ebab3e-04bd-4357-8412-55cf963a6468,8297,Health Card,3225297,2033-11-21,True
d6752ec7-20cf-4b91-8696-218bf2361974,8298,Passport,6733948,2034-04-04,True
2193c01e-e882-494c-820e-50e0ad70d791,8299,Health Card,9800481,2035-11-10,True
85db050f-3f38-4971-ad79-b4ec114c8da4,8300,ID Card,6638303,2030-09-16,True
6974cfa1-228c-4875-aaa5-4442c25c0d83,8301,Health Card,9619053,2031-03-04,True
6fb917e2-9ed8-406a-b8e7-ed7cbda8fbc3,8302,ID Card,9879499,2030-01-07,True
a5d17395-f8d0-4622-8325-940dc7c50d67,8303,Passport,4928801,2030-07-01,True
3b0f4ab3-8f4b-4b14-9aa3-cb61d7fcd163,8304,Passport,2989877,2034-01-26,True
8f0a178b-e437-43cb-a6ef-aac71bf56d2b,8305,Health Card,3722128,2029-01-25,True
b058ea8d-ce50-4192-81e4-7895f7c48e40,8306,Passport,1495753,2032-06-08,True
2abfafa9-55da-4359-a43c-536d1fa77ece,8307,Passport,8670883,2033-08-06,True
b69a6954-3311-432f-ad35-6aad70d599db,8308,Passport,2189248,2028-12-09,True
4ff308f3-b414-40ca-a15f-cb688d2d826e,8309,Passport,6922203,2027-11-14,True
a0958e76-83c4-40f4-bd8e-96650ecc0717,8310,Passport,5940846,2035-07-08,True
8cacf377-a1b0-47cd-8d28-67a939783396,8311,ID Card,8125358,2032-04-24,True
ab702c86-c473-46f7-bf12-3a82d6560866,8312,Health Card,3761476,2034-10-23,True
dd340aa9-f94e-4048-a377-6a3724c0eb36,8313,Passport,3379000,2029-08-29,True
5315317c-ec77-4369-bd6f-a6426ddbb4f2,8314,Passport,9229281,2030-10-07,True
9a811f26-6644-41c9-8fca-beaa36617c08,8315,Passport,7234833,2032-12-23,True
63e1ea0c-bcf7-490e-b9ac-4287d1bf0606,8316,Passport,4852756,2033-06-21,True
a12eaab2-75fd-4a32-bd7d-0e874a755d90,8317,ID Card,2690288,2031-07-30,True
9e68d696-d75d-4f6b-bef3-6eed459caa5f,8318,ID Card,5654633,2035-02-28,True
4c22caaa-bce4-4b3b-a2e8-1c72837613bd,8319,Passport,6495664,2034-12-10,True
a6c93c3b-36bd-43f4-90a6-3075d8ec62ff,8320,Passport,2524860,2033-06-27,True
4479db72-dd75-4341-9951-368722564c56,8321,ID Card,7680716,2027-06-07,True
988f3afa-2af0-4836-b92f-6cf6db8ee466,8322,ID Card,9384220,2030-06-02,True
b4e68741-8b60-44fd-bac1-537c6c1fa0a7,8323,ID Card,9838351,2035-01-08,True
5d86f011-fc4f-445f-a3b7-2018f77ffdf9,8324,Passport,8638066,2028-08-15,True
24de63c9-e3dd-4b5d-a65b-fd084ba34ce6,8325,Health Card,3255667,2032-10-19,True
ff6cac35-0e72-4db8-93cf-59070f853d5c,8326,Passport,9851990,2030-07-20,True
57c67b14-198e-4fad-8b3a-e406302a0670,8327,ID Card,6483283,2031-03-11,True
a0ba58db-b53a-4fe4-b359-2575685feb34,8328,Health Card,3126838,2033-11-01,True
4f867a6e-7558-44a8-ba75-b5140f6b9e03,8329,ID Card,1824182,2032-06-12,True
eddd8f43-4f05-4d81-a0ed-6accd90e833c,8330,ID Card,6873860,2028-12-01,True
2f098da6-ae1f-4018-9fab-5211849abba8,8331,ID Card,3333782,2031-11-29,True
2d041dcf-8c1a-493c-9d56-0bdcc356eaee,8332,ID Card,3249338,2035-07-12,True
d91a7ca0-365b-4740-bf2e-ae4ce8f5030b,8333,Passport,2552241,2030-01-28,True
25aca199-8214-4032-a3a0-0d7715fe4862,8334,ID Card,7383992,2027-07-27,True
2f4f7fd9-1353-4ad0-b425-7f7bf83705a5,8335,Health Card,9122760,2033-08-14,True
9ba7fcc2-6c36-4865-a981-0387f672b51b,8336,Passport,8175490,2029-10-09,True
3bf32d45-9b3f-4e02-a044-5cbd9e51e0b3,8337,Passport,2874478,2031-09-12,True
91c87f27-5068-46f9-adb0-ace8013ac54d,8338,ID Card,9515467,2029-01-20,True
2dc15be7-7f30-40cf-a6c1-d94f93149b4c,8339,Passport,4463196,2032-02-28,True
b93491b2-94e4-472a-9534-61a98ecaef7f,8340,Passport,2111782,2034-01-01,True
118206e1-01dc-43fa-b7ec-f460595831d8,8341,Health Card,9514364,2028-08-03,True
f26bc94c-3b22-4932-ad94-5dc53daab214,8342,Health Card,1566168,2032-01-09,True
2849d56a-6cbd-4939-9676-f52c9436883c,8343,Health Card,6586811,2033-07-15,True
54f6a9db-9f2e-4c14-84f9-6e2a99c59455,8344,Passport,3665415,2033-02-25,True
d2c756d2-4c1f-4dcc-a8dd-6264e4f70d3b,8345,ID Card,3157306,2032-04-29,True
39564d42-627a-452a-9550-bbe3fa6f224e,8346,Health Card,7767067,2028-08-04,True
cf9fae7c-5c55-4c76-aef5-600beafc827e,8347,Health Card,1615559,2027-11-08,True
848cf3ac-704e-47c3-9aed-333af6c858e4,8348,Health Card,6697510,2030-10-21,True
4276149c-9af8-46d6-812a-341968f1714a,8349,Health Card,5315147,2031-08-09,True
a64d06f1-2f5a-4c28-ba6e-85ddaab61b92,8350,ID Card,2222942,2028-02-20,True
bc7fde97-fa7e-4c37-aa18-1f6087465c16,8351,Passport,5098514,2030-01-13,True
10790d05-eec5-4968-a85d-f487da92c513,8352,ID Card,2199866,2035-05-05,True
2f074591-736e-483c-9f18-2f6e8770477d,8353,Passport,9989014,2032-07-14,True
f76e7880-12f7-4ee2-be1d-346fdd8a9b8d,8354,Health Card,7855164,2035-10-08,True
218162f2-4e10-4ef5-91c1-ae25f291844e,8355,ID Card,3128430,2030-08-02,True
199e9ba0-fcce-4791-985a-42e3b8afda4a,8356,Health Card,2369066,2035-10-21,True
3ce90749-0ed0-431f-ae47-a42bc1c91c31,8357,Passport,8018378,2031-12-17,True
0c183487-5040-4390-94aa-2f3c1506085e,8358,ID Card,9662666,2027-03-05,True
c9803b38-77e5-4d8f-96d6-eda7257c4e49,8359,ID Card,1856910,2030-11-20,True
84e7694c-fd22-4b29-9f35-4ff0750f31c7,8360,ID Card,4718664,2032-12-05,True
0cd2d665-e328-49ff-bbad-6e272b421975,8361,Passport,3557086,2032-12-09,True
0dbc4216-ed5f-4185-bda8-7c0e63dc4213,8362,Passport,8375593,2028-07-05,True
1bdd95da-a1ef-4b4c-84d6-4c0b3f8f0439,8363,Health Card,8399567,2032-04-09,True
ab665c4a-3e98-4aa9-b266-4acee839d88a,8364,Health Card,7965279,2030-12-15,True
99c4250b-33cd-4f4f-89cd-5bd2ae4a988a,8365,Health Card,2724051,2035-01-17,True
677feae6-0f35-4ec8-a60d-150439300da6,8366,Passport,5699309,2035-09-04,True
f4ce06d2-a469-4c9c-9fb0-e64e6f032c83,8367,Passport,4907149,2027-08-27,True
480cd65e-bcc3-47d0-b323-1f7e9520ee7f,8368,Health Card,6055260,2034-03-06,True
749810d3-b3b9-4c28-b10a-64694229bb16,8369,Health Card,9008957,2032-09-08,True
246f3d26-91da-4a6c-8364-72630239c38a,8370,ID Card,8665338,2035-03-18,True
43478570-b7f8-4a3c-8a01-6c26faebfa80,8371,Passport,1372178,2032-06-16,True
4ba9ae7a-5842-47aa-926d-e9048957cee9,8372,Passport,3319955,2031-09-23,True
9ac7ffd7-67bd-4bc5-b589-90328bc664c7,8373,ID Card,3473159,2035-01-25,True
6feb093e-a736-477d-a58e-9f71048d2cf4,8374,ID Card,3951974,2035-01-07,True
e4a64076-2989-4222-a959-b935db5767d5,8375,Passport,1647045,2034-06-13,True
adcd4abd-6709-4c76-99c0-b9df3a859b76,8376,ID Card,9023960,2033-04-15,True
99cfa288-c3f0-47f7-a161-0a2b2f446f1e,8377,ID Card,2656023,2034-05-02,True
2f3e873e-7740-4d41-9bb7-d90574bf4b8e,8378,Health Card,7903798,2033-04-20,True
4588488f-76dd-438f-b19d-b06fd311fda3,8379,ID Card,8845597,2032-06-24,True
3b1377bb-e4fa-4129-a2c8-f761230e88e6,8380,Passport,8550686,2031-10-15,True
a4c2a728-d16e-4ffd-9cdd-4d43abf09573,8381,Passport,4854419,2033-07-14,True
03d5e984-52f4-4751-b316-beccf286d574,8382,ID Card,2399542,2029-08-25,True
cdd5c053-9ae9-423d-ace8-29ef53519431,8383,Health Card,4207896,2030-12-30,True
911e2550-4306-4b6b-9753-c43021494e74,8384,Health Card,9535126,2031-02-22,True
a44ea579-7a6e-43a0-b9b2-2fce59244265,8385,Passport,9297676,2035-02-10,True
f2bfceeb-804b-47f3-909c-fd2d1e663b54,8386,Passport,5844258,2034-05-07,True
31a6d6bc-76ce-492d-a9a4-81baa76d31b6,8387,Passport,7952057,2033-06-20,True
bf3a47e0-6d0e-43ed-8ff9-851cf07227e3,8388,ID Card,7265506,2035-05-18,True
12164241-36f7-4dea-8361-0c635ec26742,8389,Passport,5075436,2029-06-11,True
f2a50ca4-642a-4187-a1e7-387715007639,8390,Passport,4258404,2030-02-03,True
88d1105b-e4df-44ce-8cf1-52be58774057,8391,Passport,8339609,2031-06-05,True
3cbd45f4-0d2f-4862-9c90-c2fa11cef745,8392,Health Card,6782408,2028-01-01,True
99e56f2a-74f0-4bbd-b917-e4031cf92475,8393,Passport,1241543,2032-10-17,True
2f881eb7-278c-4825-9a14-3891dda1ad83,8394,Health Card,1527580,2030-12-23,True
bd34f1fb-a14b-4d74-9ed2-e646f7759954,8395,Health Card,2096934,2029-03-12,True
310f021e-dc6d-494c-a738-b8aae8b7a2ce,8396,Health Card,3721097,2032-03-22,True
08d01000-0835-48c5-ba1d-82d8a609c277,8397,Passport,7936879,2029-02-02,True
20b2d002-de8a-4b94-b28a-3f2a84c629ef,8398,ID Card,7736441,2031-07-08,True
4e189b13-362b-4c4f-8636-b8b3c7f847d1,8399,ID Card,2133518,2031-03-25,True
d119b0a2-2e79-4abf-955e-45bb0cabef1d,8400,ID Card,1376099,2028-10-05,True
10292f6a-b953-4fde-ae46-3b7cf58f840c,8401,ID Card,6785657,2035-05-23,True
663507fb-7aa3-4d9c-8134-2791f3cd8779,8402,Health Card,6224491,2031-02-09,True
5825fb3b-6e1f-4020-a0ee-c261de2cf95a,8403,Passport,1966562,2028-09-25,True
115f8d27-cd4b-471d-bc8e-46333ce80005,8404,ID Card,7619641,2034-01-16,True
ea3c8fbd-bfa0-4d5e-8a70-12cbc8d88a5e,8405,Passport,5044503,2032-06-15,True
85c3ff25-bc33-4f07-b62c-f4030df80cd3,8406,Health Card,2321674,2028-12-04,True
c0a013b8-decc-4dd2-93d4-175e3de49abb,8407,Health Card,2816212,2035-03-21,True
2556c19a-321e-4307-9fd6-ef40ffa466f6,8408,ID Card,7597500,2032-09-14,True
deb61af0-8a68-4663-8657-9281a754f76c,8409,ID Card,9448406,2032-05-17,True
e0a6b44d-4524-4c73-9f6d-d3addcb7c337,8410,Passport,2152752,2028-05-04,True
bd30da8f-e31a-4830-9606-6908682bd14e,8411,ID Card,1394633,2028-12-17,True
5fb0acfd-c6ab-47c7-8c93-57a7aad6e865,8412,Health Card,8226135,2027-04-26,True
ee633077-4563-42f0-941b-35d9352bb548,8413,Health Card,5051085,2034-04-21,True
e8093986-5248-4aa9-9106-a5232f743b91,8414,Health Card,4710588,2034-01-22,True
4feab51e-7dc1-4099-b3b3-87b1c7941e8f,8415,ID Card,7232227,2028-10-11,True
e646ee46-21fd-4fa1-8e9c-fb897afdb613,8416,Health Card,9469310,2030-03-12,True
f7891851-d0a8-45d9-bda0-1c17eb0ea201,8417,ID Card,6723261,2033-12-19,True
401cfd6a-d6f4-41ae-8f3a-586d4b2b6228,8418,Passport,5233912,2034-06-02,True
3d2ef91c-39aa-49c0-9cf1-562075c0c96e,8419,ID Card,2431496,2027-05-28,True
8cc81e7b-c56c-4510-94ad-8675c939ed74,8420,Health Card,1179914,2032-10-14,True
ebc1dd34-92ef-42e2-af71-a15355ffda66,8421,Passport,1170668,2029-08-28,True
e6eb22db-3ca3-4b3b-a1b9-a365e2f0fe74,8422,ID Card,9121808,2028-10-24,True
f5b44492-99d1-45cb-980c-de94500058c1,8423,Passport,3481521,2028-02-21,True
4b04616e-97c7-48de-b860-18f4eed9363a,8424,ID Card,5410819,2028-09-02,True
ad939d11-1bb3-4a04-ae49-912943e3f5e2,8425,ID Card,4547089,2031-05-17,True
1c403425-0133-4ad6-9a37-c9e976049fb1,8426,Passport,4529157,2034-01-31,True
29bb9ae8-1262-4b70-87a1-2ff45251975f,8427,ID Card,1133202,2034-05-07,True
e8fd405e-c6cd-4bc2-b7b3-8f96fd4348a1,8428,Passport,9580530,2030-08-20,True
97b4b7bc-22b0-4029-bcf9-b0dffbc00629,8429,Health Card,2007553,2035-02-22,True
6bb6caa7-6878-4d08-adea-952da355cf45,8430,ID Card,6277835,2030-12-25,True
38915e20-95f7-4a5f-91c2-3f81d7471691,8431,ID Card,7624645,2033-04-02,True
2ac6b231-21e4-4561-aac8-d757e53892c4,8432,Health Card,4822931,2029-10-22,True
9e300d87-8dfd-4367-8e7b-ec9c52983ede,8433,ID Card,4315490,2035-09-01,True
77008525-e847-43c3-b7bc-f769608e12b9,8434,Health Card,5973992,2032-11-11,True
ce0d7e31-40ee-4e21-9389-382348e01454,8435,ID Card,8506288,2029-07-02,True
02252e89-e1b7-4db9-83b4-248f8a2ab4c5,8436,ID Card,5558773,2031-04-05,True
e8f8b6df-95e1-40a1-85b4-9657bffbf288,8437,ID Card,9996326,2027-05-29,True
d5c82cd2-3b97-49a7-a4ae-0c462ab32190,8438,ID Card,9155223,2032-06-30,True
4e5d38d3-736a-45ae-b590-072b1cf345e0,8439,ID Card,1701707,2034-12-12,True
dec0088b-0c89-4a8c-8563-f7096145ea2e,8440,Health Card,4250946,2035-01-10,True
6e947e4a-71a6-4da3-b470-a8f0a763bcae,8441,ID Card,5285962,2035-11-12,True
b457baee-29e0-4886-9af9-0d797d97a9f6,8442,Health Card,2512028,2031-06-07,True
3ce027cf-2a4a-441a-86c5-7880bee0846c,8443,Passport,3465801,2035-05-02,True
05f6f910-c7bf-4c06-a14e-2a7161151d65,8444,ID Card,1957590,2033-03-08,True
7f7dee8e-f9ad-47da-8108-2b2f6d4feec2,8445,Health Card,6520530,2033-03-14,True
3be36bfd-615f-446d-8976-40733943516d,8446,Passport,4826506,2027-04-20,True
3a34987f-4bf4-47be-b4ec-8e12a9321e35,8447,ID Card,9363299,2035-01-18,True
182356f3-d6db-49ca-a71c-c193c297fbd3,8448,ID Card,6261584,2032-06-01,True
90bbc091-7f45-4b3d-b5e5-ebaa2e5a4b69,8449,Passport,3591570,2029-10-25,True
b9178b81-3ee3-4755-b6a2-c2e767d0050d,8450,Health Card,4574896,2032-11-10,True
489da5b8-4968-4d4e-b523-469795081a86,8451,ID Card,1123053,2032-02-10,True
b892a3df-e166-476a-b330-1052041c7d41,8452,ID Card,7087138,2035-01-22,True
2206782d-9379-4874-ad97-2aecb636292b,8453,Passport,8577339,2029-08-08,True
82edab4f-0d39-4f63-bf91-038ff289dbc7,8454,ID Card,4028868,2035-05-14,True
4eb7b153-6d1b-4c6d-be94-2ad0e5287714,8455,Passport,5568426,2028-06-08,True
e27f4e5e-27bd-4522-b91d-df8891b72f59,8456,Passport,1891889,2029-09-13,True
0569c72f-5cb0-4ba4-863e-771098a84ab1,8457,ID Card,2100655,2034-12-12,True
23e045e0-d513-4963-b193-fbc3d87ccad1,8458,ID Card,7677379,2029-02-17,True
c51a15d5-7c63-4c16-b9d4-ed30c3e8e9d9,8459,Passport,6211934,2034-08-11,True
d346289d-6e7d-43ea-a404-6a2be25acb5e,8460,Passport,6926087,2035-02-23,True
229a311e-0e10-4102-b8e7-6492f9bfcf58,8461,Health Card,5591593,2032-03-28,True
bff5144e-bfce-4c80-9c52-38d5f6534712,8462,ID Card,9822549,2028-12-06,True
8a718afc-0656-4abc-95da-57c6b1ab0afe,8463,Passport,2457990,2033-10-13,True
f340b457-e95a-47bf-b7af-8327e0077635,8464,Health Card,9667514,2032-03-29,True
8e74f271-c7a8-4bdd-a250-8a4cea47ee09,8465,Health Card,3376893,2033-03-02,True
e289abf6-429c-463f-9479-19863be5f93e,8466,ID Card,4744868,2033-03-06,True
c441185b-47c1-4176-89e1-6967ee1d5cf8,8467,ID Card,3056019,2031-07-06,True
d234b324-9172-4247-8cbd-c15033ec719b,8468,ID Card,1691116,2035-03-08,True
271cb742-eae4-44a7-ab1d-2102c7a7c770,8469,Passport,4133708,2032-09-07,True
6192fb12-e40a-4803-a6dc-1ff7c0afdd92,8470,Passport,1135797,2034-10-19,True
56936175-1d93-409a-9bbd-5275073bd98c,8471,ID Card,9599751,2028-11-22,True
a307b9be-f9e2-47d0-849b-dc7a1f32bd3c,8472,ID Card,5661424,2035-09-12,True
afc21d01-66ed-429c-91c0-d555de980aca,8473,Health Card,8197137,2030-11-29,True
66b0da97-f019-4d1e-be9f-d9c0e95f72f7,8474,Passport,9153946,2035-04-01,True
9f5bfe42-8aac-4568-b5ae-39100036c815,8475,ID Card,8386395,2031-09-26,True
66f04d8c-8448-404e-8f0b-ba4f01630bfd,8476,Health Card,8998053,2030-03-07,True
e350542b-5519-4af8-8334-a869a382119b,8477,ID Card,1664538,2035-10-11,True
dd27cee8-98b6-43fe-a0c4-940be0e90402,8478,ID Card,4202234,2034-05-26,True
970929e0-e5fe-4117-a4c8-0e458cbe6da6,8479,ID Card,3911459,2034-06-12,True
7dc4e5f7-f8e6-47ae-8673-68531965a6c6,8480,ID Card,5876083,2035-07-28,True
553e1e30-957c-4931-9dc7-bcfaab978fdd,8481,Passport,8426291,2031-05-12,True
30efd41e-48fa-4778-8494-9be8be6e0100,8482,Health Card,2527762,2033-04-14,True
e1ea77ab-9d62-431b-9bd1-663baa9c139e,8483,Health Card,3478707,2028-07-06,True
28f55fbe-88a6-419c-9d89-46f79dcb435c,8484,ID Card,5714089,2032-10-26,True
fc432565-275c-49a7-a24e-90d21997e24f,8485,Health Card,1747982,2028-09-15,True
ef413a00-68ee-40c0-a85c-5bfb781e145d,8486,Health Card,2137984,2030-03-30,True
414f07e6-7a93-4d9e-bbbc-d23947e933a8,8487,Passport,4208790,2035-10-23,True
e0e9f7d3-6f06-43ad-b8ae-54607b6b329f,8488,Health Card,6600629,2034-08-26,True
772792d2-2486-4fb0-8bea-d5d51f0686b4,8489,ID Card,6636250,2034-03-19,True
94a6186e-d1b4-4043-8f6e-6361f8f53a68,8490,Passport,5978894,2035-08-06,True
4618ae12-87ea-433f-8f35-369d55480d14,8491,ID Card,3675940,2035-07-09,True
9ddb2a10-d5fa-4889-babc-e34fd472787c,8492,Health Card,3081419,2032-01-03,True
077baa55-29b7-4b1e-a388-fdae413fe25f,8493,Passport,7267678,2032-09-18,True
7ccb0c32-81b1-47d4-87a8-86b88c52b379,8494,Passport,5103663,2029-12-18,True
0388f1b0-5a30-4b09-a2e1-fe9f854c6b09,8495,Passport,7515721,2028-09-16,True
18af054c-a8c2-44ca-954b-32e16d1d00d1,8496,Health Card,9297221,2031-05-16,True
33d8d40b-5eb1-4a84-b6ce-f656cadf4a90,8497,Passport,5548919,2031-06-16,True
b214d62f-3cc8-46d2-a6f9-b86aa6ddba76,8498,Passport,5232950,2028-01-07,True
412f6b0a-44b1-42b7-83f5-79718d54e950,8499,Passport,4632668,2031-09-07,True
ccbf7e81-36c7-4cf0-8c58-0f556d9fd1ee,8500,Health Card,8003349,2030-06-29,True
3cfde68d-c2cd-4634-8ebd-7a6047ec680c,8501,Health Card,5984001,2032-03-02,True
b48725ae-7c0c-4eee-baa6-d6687fb44c9d,8502,Health Card,4403026,2030-10-11,True
99465fa1-1310-478d-9ee8-06f29519e5c7,8503,Passport,6461531,2027-05-10,True
d49a2076-faa2-4c21-9540-0d20770a6415,8504,Passport,6922963,2032-10-12,True
9418fbeb-faec-447c-bb8f-884d09315bfe,8505,Passport,2931527,2027-02-02,True
7f43eebb-7d1e-4166-840f-9e4f9e9bb378,8506,ID Card,5185121,2033-12-21,True
6554f7c3-e4a8-4862-aea1-5f4b02de9511,8507,ID Card,7597535,2031-04-08,True
49bf6c8e-589f-45aa-867a-21239c42cc97,8508,ID Card,7496055,2027-11-24,True
8dd46966-59f0-4b8c-ba7b-5a183a30ffa4,8509,ID Card,8568619,2030-02-21,True
10269c71-cfb9-49c0-81f0-d8b230b197e6,8510,ID Card,6250022,2035-05-07,True
2b29e32c-8231-4642-b208-625ba5c21f57,8511,Health Card,4984659,2030-08-28,True
cdf60073-132c-47b0-9453-67c9688e9b6e,8512,Passport,3127607,2029-07-13,True
b9b688d5-f580-476e-bf33-bf71ff464f09,8513,ID Card,2583332,2035-04-22,True
f22ae6b9-0c06-40bb-bc68-797e87ec0588,8514,Passport,7781716,2034-06-11,True
ed1773fa-04d7-4926-b277-66b6c435f454,8515,Health Card,2298312,2034-02-23,True
84e9abb9-f9c3-4cb8-b3fb-a302b5138add,8516,Health Card,6365957,2030-12-14,True
d1a71e7e-a3c5-4635-87be-e21585a0885b,8517,Health Card,8426796,2029-06-28,True
291e820a-bec3-4a3c-9190-0a3c47113e0c,8518,Passport,8509931,2029-07-16,True
fbe18c67-6d1b-4a60-9783-b84a43efd799,8519,ID Card,6258166,2034-08-25,True
ca451fac-d0ff-41ec-b384-8ee9196c35f6,8520,Passport,6195167,2031-04-17,True
b297cfc1-4e36-4546-8ca1-14651ea680ef,8521,ID Card,6581787,2034-05-18,True
ffb373ec-7295-4078-8838-3b7ed6904a6c,8522,Passport,4053999,2034-07-04,True
ba2d775f-c2ea-4433-93f6-41ab5eb4077a,8523,ID Card,3519707,2027-09-19,True
632dbf88-5d4e-4b3d-a0f7-7a2c334e1882,8524,Passport,4619992,2029-04-06,True
a559393d-8388-4105-baa2-a03f3898a1c2,8525,Passport,5852456,2034-05-29,True
20de56c2-c442-4504-a329-9fd8d660d8d7,8526,Health Card,1670029,2035-07-19,True
138ba428-1af8-4dc7-a6bc-c4baebeed55b,8527,ID Card,5134119,2033-03-18,True
3efb0f8c-a46b-4039-802f-8959f6f3016b,8528,Passport,2567909,2032-10-25,True
6c355d40-9f6b-4958-b1da-d6689c84cccf,8529,Passport,8660169,2035-08-25,True
ee881508-bf22-4896-8fd8-447fd31ddab8,8530,ID Card,2168437,2027-07-18,True
843599fe-7df4-44fb-864f-dd2098131474,8531,Health Card,3710949,2032-02-04,True
293a8a3b-42e9-4699-80b0-6256317327d8,8532,Passport,3153006,2034-10-09,True
4122854e-8a55-4984-8a05-6b2fca9028f6,8533,Health Card,2407489,2034-01-07,True
f441b353-8b38-4de7-8036-3fe605eaf46b,8534,ID Card,7600024,2030-03-28,True
b37e6353-dd33-4d7d-991a-9da26f0359e5,8535,Health Card,4725683,2035-07-11,True
e688f4bd-e510-4cd1-8dc9-8ddcbf5475e3,8536,Passport,4995879,2031-12-31,True
aa0d5d56-3193-4120-bf30-c88622ad4fb6,8537,Passport,7935666,2031-12-28,True
94f8cba1-9ed4-4c43-878b-4e21905a0740,8538,Passport,3299873,2030-10-05,True
9e52f45f-d456-4c2c-8bb4-d1bedf9ca878,8539,ID Card,5433094,2029-08-10,True
954e26ea-39bf-4dc4-a656-62fbc77efdb0,8540,ID Card,3612651,2028-02-03,True
7e61eabc-0b66-4689-a9da-dd3c902a132b,8541,Passport,5200163,2031-07-13,True
e5cc09cb-7549-4ef2-bfce-cb29c1fde3db,8542,ID Card,7893850,2030-02-10,True
011b563a-aa46-4066-8242-dbc23277e7f2,8543,ID Card,8843400,2035-05-27,True
61b2776b-5da3-4a99-aca1-9049a14a2af0,8544,Health Card,6013572,2027-09-29,True
3c5f51ee-0bb8-4f7e-b14c-4c20cbf0552d,8545,Passport,2810764,2027-08-11,True
3b8cf99a-2311-49cc-aa9d-019f6dba5870,8546,ID Card,5216199,2031-11-11,True
fbd5eb8a-e84e-43b0-bd4d-1fc2f3c4ab77,8547,Passport,7619970,2034-03-16,True
fff1e4a2-41b4-46da-8755-bc1d8cbf73c8,8548,ID Card,9553503,2031-09-05,True
fcbabbac-233f-4174-b2a1-49d0db5bed24,8549,Health Card,6895468,2033-01-31,True
ecb75c4e-494b-45d8-ba29-e69708e11552,8550,ID Card,8444954,2028-02-09,True
dbee95c4-f5c8-469e-8851-7c7faef83e5c,8551,Health Card,3132299,2035-09-11,True
4e286823-1e1a-4b93-a2fe-ade680c74f1b,8552,Passport,8431170,2031-06-14,True
2b65d333-5343-4f0b-9f5e-53f1df2c29db,8553,ID Card,6164091,2031-11-27,True
c65330c7-49d0-439f-9f27-bf7f3a8f10f5,8554,Passport,1187903,2033-07-23,True
e8f5a615-2e32-4bfa-a94f-cd6d2ba18a83,8555,ID Card,3763820,2035-02-07,True
a8b7797d-318e-455a-9c60-21504cef8bc2,8556,Health Card,5646167,2028-06-18,True
6116d5ba-25db-4000-9384-a0d3d50cf67f,8557,Health Card,3692542,2027-08-17,True
38ef19bf-42ae-4c6f-9426-7eda555b1f67,8558,ID Card,4525552,2035-01-23,True
43ed1510-4b5d-42b5-8061-62b46ee1e672,8559,Health Card,1561569,2029-05-19,True
65f0714e-d488-44a4-991a-b0687d214417,8560,Passport,6258038,2030-03-14,True
a2a25844-39dd-41fb-bf48-bf6cae9c2797,8561,Health Card,1945511,2034-02-25,True
a6e82e61-413a-4998-b75a-e8411e857349,8562,Passport,7924789,2033-03-29,True
2c6fbc9f-f01c-4445-893b-c48a828cc5b0,8563,Health Card,4853808,2035-08-22,True
392eface-93aa-4ada-a0cb-0d272c6fd777,8564,Health Card,6446787,2029-11-14,True
e56e889e-1405-4cb6-9aa5-b3b3ed019ade,8565,ID Card,9071559,2034-02-11,True
1ac5c6ad-126b-42d5-97a0-7301d4b126ad,8566,ID Card,7882482,2034-03-31,True
4e1d49bf-b3b5-4bdc-a755-720a23e63447,8567,Passport,7402759,2033-04-08,True
677b5b79-3efa-421b-a77a-e3a12f59d511,8568,Health Card,2281193,2034-10-31,True
552fc9c5-cabf-4646-b080-cd6ac1214a7b,8569,Passport,9190697,2033-09-23,True
2a09de47-46b7-4fd9-b254-2eb03b864805,8570,Health Card,7356565,2033-03-12,True
92c36692-7445-4e69-a2e6-cc92d42cd774,8571,ID Card,8184430,2035-11-12,True
9d8e945d-0834-46bb-98df-2246daa4ad92,8572,ID Card,8287569,2028-02-26,True
d7b3f08e-8f47-4c61-8bc8-5e21f41fe40a,8573,Passport,2203398,2029-03-08,True
bf50b321-1db1-4b13-9f1b-59fb5eb28d12,8574,ID Card,9874975,2032-09-20,True
facf28b9-347b-4f04-87a4-3f6e28c98f45,8575,ID Card,3192688,2032-08-17,True
e69a44d1-7b04-423c-a12d-31e25d6e1368,8576,Health Card,8438213,2031-08-04,True
c7e4c49f-5edf-4fa9-8724-90f7940876ce,8577,Health Card,3079917,2034-09-09,True
ee9fba88-11db-4a92-a28a-b1d135a60904,8578,Health Card,2646279,2031-03-03,True
5f76d11b-7a2c-4d40-97ef-585b9e6e6100,8579,ID Card,7912623,2034-09-17,True
d224c604-e6cd-4b4c-b665-af7cbf5c80f8,8580,ID Card,1943321,2028-03-10,True
32e48b08-5233-4c5c-af92-041e7ff2a2ec,8581,Passport,3892345,2031-02-25,True
ecfe791c-7a3b-4ad3-80a8-095b1b97d68b,8582,Health Card,4491065,2030-09-12,True
0e2580eb-e0e5-4247-8c96-308857754e14,8583,Health Card,8111195,2030-12-22,True
b0fd499a-93d6-44dc-8185-c84f1a0ae84e,8584,ID Card,5959871,2027-05-20,True
e69ed358-247f-4116-a900-2b3e60a22b5f,8585,Health Card,5467268,2028-02-22,True
edde915d-09d6-414d-8dfd-cc44d2a1dfaa,8586,Passport,1987425,2035-02-22,True
1a2dc899-4283-4224-bc78-3351cc2b25d1,8587,ID Card,4302758,2034-05-30,True
9812c521-bd2e-4668-9559-32b9d80cfe99,8588,ID Card,6889183,2029-01-23,True
8cc57ba4-e340-4923-9e8e-c942208fa124,8589,ID Card,1409606,2030-12-06,True
41e4cbd3-d24c-4fbc-bd7d-4ea7a6fe827b,8590,Passport,7399041,2031-09-25,True
4b896f75-fcd9-4ed8-8a1a-fa791e9625a4,8591,Health Card,2214594,2027-04-24,True
26b93c1f-439c-46ba-b8a0-76f1b2d06f5e,8592,ID Card,7396488,2030-06-20,True
1c40b1a1-9ef1-4a86-98ea-233a46ba58c8,8593,Health Card,1919680,2027-06-28,True
a2340380-b1b5-4d2f-b73e-b9a9f3635cdf,8594,ID Card,6429924,2029-01-21,True
603db7e0-b910-409d-9369-202be9764e32,8595,ID Card,7657721,2035-10-22,True
5fef8669-be54-48f8-861f-a9f592735f04,8596,ID Card,9082794,2027-08-03,True
bf01c9d8-6393-495d-a3f2-712716a59269,8597,Health Card,5184813,2031-01-19,True
11388c17-c2c6-4af3-85ea-a8a62b1881d1,8598,ID Card,5071470,2031-11-16,True
9bc920b8-8f75-4bba-afee-070beca8bbc8,8599,ID Card,4038478,2030-03-20,True
15c81341-43b0-40fc-9fc4-8ba25ccfcf5a,8600,ID Card,5171623,2032-12-12,True
a398074c-4012-431d-896e-73dce4f4cfdf,8601,ID Card,1559754,2029-08-26,True
d9cfb9fb-1db9-4bfa-bfaf-ed77420dc582,8602,ID Card,7826122,2034-09-13,True
edd6456d-e9a1-49dd-83f5-a6e97577e008,8603,ID Card,6538900,2035-10-02,True
c524fe6c-6778-4723-8af5-82f256cbd67c,8604,Health Card,6600245,2031-02-27,True
58f8a745-5d0d-46f7-a57d-85df58e75f3b,8605,Passport,8230262,2029-10-16,True
49ccc024-a99a-4dad-b347-f9af0841cefd,8606,ID Card,3782800,2029-10-16,True
a401b24e-1cdd-4142-a458-b79c1f757812,8607,Passport,6359622,2034-03-13,True
e5440ada-22c1-481f-a66d-09d806e25ead,8608,ID Card,7957877,2027-03-05,True
13908faf-d568-465e-8506-59ecd99d561d,8609,Passport,1735983,2029-02-21,True
3660a7f9-a0df-4653-8566-5e27891d133a,8610,ID Card,4290590,2027-04-16,True
34013c0e-c705-4a2b-b898-1faf2cc6f27e,8611,Passport,2791343,2027-04-11,True
a9a3fb0d-ceb9-4998-915a-6f03655a514b,8612,Health Card,8479100,2033-07-27,True
158def8a-4ed0-4e95-b733-4da2bfb6a15e,8613,ID Card,2561287,2033-07-24,True
917c8bb6-5a9e-452a-8ac1-ed17f973c2ea,8614,ID Card,9275691,2033-03-12,True
9b30155f-2735-4488-ae44-ee0a9dc5bb06,8615,Passport,1895206,2032-02-26,True
f6369be8-8edc-4ba8-9542-cb1b9e5e7a42,8616,ID Card,4905719,2027-12-16,True
697f1134-d3ab-42da-a478-da937f2f7fac,8617,Passport,3733188,2034-09-16,True
00d45420-414a-4d5b-b90f-f0141921e140,8618,ID Card,4863958,2029-07-22,True
658cc5d9-d31a-4c79-b732-e4a3e18c34db,8619,Health Card,8944684,2033-04-27,True
f45b90b5-34ec-4d05-bbf6-ee0c5aaab7a9,8620,Health Card,8364567,2033-12-26,True
7152ae74-8219-406a-845d-cd9951875482,8621,Health Card,4251207,2029-10-15,True
2fd1655b-4f2d-4adf-9341-606a76048ec1,8622,Health Card,5323572,2029-07-25,True
81c982c8-42b0-4b32-a521-861fc1a1147f,8623,Health Card,7975604,2033-06-10,True
afe7db8b-878c-4370-952d-94a8e984d739,8624,Passport,3618040,2032-12-27,True
c2066edb-60af-4f36-91c6-f619937e4abe,8625,Health Card,6697294,2028-06-17,True
4e8c1c04-ec2c-423a-91c8-355ede018718,8626,Health Card,8202426,2027-06-28,True
69e95506-de56-4470-8027-db106d9fd2b1,8627,Health Card,8824376,2027-11-05,True
3d69af42-b23a-4165-8a3a-bae9d8cfb706,8628,ID Card,6954851,2032-10-12,True
0ffb5e4f-6d05-4196-829c-94d15681680f,8629,Passport,8334851,2029-01-18,True
b18d125e-44bc-4e5a-8fc5-3299e11cd38e,8630,Health Card,3348160,2028-10-12,True
51df8d51-ab79-42a7-aad1-023e206d8f8e,8631,ID Card,5698448,2035-02-19,True
8803f852-b59c-452d-b50d-f61346d1ee3d,8632,Health Card,6487038,2034-07-30,True
e38d5a59-ace7-4161-9379-2a5b52e0945b,8633,Health Card,3348359,2028-09-25,True
fd0d2310-8e58-4431-847c-81db5701804d,8634,Health Card,9625407,2029-05-01,True
a28ad2e3-1e50-4ce1-86cc-6ea08e8b8cbc,8635,Passport,5482941,2030-02-13,True
9c4eb075-b16a-4ec5-b4a5-6763c4ef0507,8636,Health Card,8556835,2029-02-10,True
9019ec0a-3b97-4186-a27a-c41fafb5c741,8637,Passport,8164071,2028-06-08,True
30467698-ef7e-42a1-97f0-3c0384aafd0d,8638,ID Card,2425748,2032-01-28,True
0a0f019a-f8bb-46b7-bb38-ffa7047f7ac5,8639,Health Card,9423556,2034-09-01,True
5a4ba70f-3067-49dc-8a10-46d32cae08ab,8640,ID Card,2166646,2031-04-23,True
48f32291-ed3e-4070-9203-47b22b2b8b40,8641,ID Card,5721004,2035-11-03,True
f2c9d472-b4b4-4add-b8e3-8cf9f608540a,8642,Passport,3801788,2028-03-22,True
8af9f4b6-ea71-4e1d-a3c5-42e166e13071,8643,ID Card,2256915,2029-01-18,True
e4c610ff-a702-4c03-8820-473b1259902b,8644,ID Card,6013815,2033-03-10,True
93615a42-fe94-42fc-a8e6-6690b5e90b35,8645,Passport,4704128,2029-04-16,True
31937e4c-db21-430b-825d-4faac96d702c,8646,Health Card,9532304,2027-11-12,True
296ea573-c4d2-486e-82bd-647ffc914143,8647,Health Card,7369537,2028-04-25,True
fd869ed3-7a7d-46cc-b582-c7b5cbb7e5d0,8648,ID Card,1915218,2028-08-30,True
e2121bfc-e1d5-4187-a798-1ccd05ce4f5c,8649,ID Card,2506065,2032-07-16,True
c4b35caa-f407-4775-9e2b-fbdea0bd920f,8650,ID Card,3720153,2028-03-09,True
c1f9e213-0665-461c-bf03-6808e8ab19e2,8651,Health Card,1498031,2028-01-06,True
c574f90e-f4d3-43cf-bf35-b074c6726bcc,8652,Health Card,4069982,2029-01-09,True
4cdd12c6-e00d-4f95-a89e-dfee81414605,8653,Health Card,3158690,2034-11-12,True
50c752f2-265e-46c0-9899-390399a1f649,8654,Passport,7077087,2029-12-22,True
82e3e962-14a2-4566-856c-639980786f3f,8655,Health Card,9491374,2027-05-28,True
cf3ca4df-c6b3-4237-b31f-b5abbab3e34c,8656,ID Card,9598763,2032-10-03,True
2f5c4030-2366-4d3c-9520-1e6e2424debc,8657,Passport,6830856,2032-04-21,True
ad239151-f041-44d3-815c-8eceb5756393,8658,Health Card,8987602,2032-11-18,True
0eaa13ce-6bab-4659-9e39-0347525cb810,8659,Health Card,3949775,2029-02-03,True
4fbab52b-0db8-4468-8997-9350be3d387f,8660,Passport,3742362,2034-04-21,True
fd6b9233-8729-4ecb-8ca9-3d9b994743f5,8661,ID Card,1401843,2035-03-31,True
d09058dc-5ca3-4b9a-81ec-493c5f7c75e5,8662,Passport,7966601,2034-03-12,True
c5a56ea2-bddb-4270-bffc-cc5dde09abdb,8663,Health Card,8567659,2034-03-02,True
5730df4c-f6fc-4070-9fc2-fc2106b92e51,8664,ID Card,6158850,2030-01-05,True
36684a79-5559-4a71-858a-ba7d1fa41d0e,8665,ID Card,6925864,2027-09-16,True
466ead19-ae7c-4d04-ba71-f26748120203,8666,ID Card,9669360,2028-05-28,True
2781f17d-8c65-40e0-a795-ba4bf94be319,8667,ID Card,7845186,2031-10-23,True
1b4afc84-f211-4e60-b833-035c918a4c06,8668,Health Card,3822797,2029-07-09,True
ca622876-d380-4f0e-a976-2747998148df,8669,ID Card,2243861,2033-02-04,True
4368a8cb-daa5-4712-8088-65745015fd75,8670,ID Card,7752405,2029-09-17,True
a1dcab3a-3f6b-4b2f-8539-8030aa2afab1,8671,Passport,5927981,2031-07-13,True
48cd4eaa-1394-4df7-a996-3413e174680b,8672,Passport,5733181,2028-04-18,True
9433ddc1-8d17-403d-bc10-2b61fd75da0a,8673,Health Card,9163029,2027-06-04,True
7f323787-eaff-4a27-bb9b-52eda91e35e3,8674,Health Card,9502921,2028-09-17,True
028d7b41-7cb5-4c02-8613-d911513b0c57,8675,ID Card,2908844,2029-09-07,True
42c82def-a1db-4c83-b127-fcbff1339f00,8676,Passport,9216542,2036-01-18,True
ba8da104-8571-4ff8-8ce4-4ec05bfdc22c,8677,ID Card,8849033,2029-09-20,True
36204343-da74-46a8-adc5-2ccd8f4cb513,8678,Passport,7304048,2029-02-27,True
e8b6a8b9-81d1-4f0e-95f6-398b33be7bd7,8679,Health Card,4646865,2030-12-24,True
603c8e20-b3ff-4e57-a674-0b3ed31e844d,8680,ID Card,4494254,2031-01-11,True
d0769bad-9a1c-4713-8a11-dc91b745eb4f,8681,Passport,4876991,2033-10-15,True
c8517714-b554-4e87-ad76-fdd0fd464280,8682,ID Card,9184395,2032-08-17,True
7ff27650-c2e9-4f3f-b115-56f1f73a8e1b,8683,ID Card,9462783,2030-09-24,True
4e486e5a-94b5-4783-87d1-e3ede4b435fb,8684,Passport,5094284,2029-05-01,True
b7e41ba0-1582-4772-80ff-1510d1c49a9b,8685,Health Card,7062910,2032-09-04,True
662ad427-90b2-47ee-9e47-1d160b3bec32,8686,ID Card,2458855,2030-07-04,True
d20256f9-1cc2-48a3-b1d4-b32ee66b22ee,8687,Passport,5616813,2029-08-22,True
b9da5a1e-ebf5-4e70-8b5c-d6797868278a,8688,Passport,7650140,2032-02-08,True
f51475fe-12ed-4d16-8fad-bf7439b94d51,8689,ID Card,3949479,2035-10-13,True
c72e9abc-b858-4ccd-9d53-4a1faa7af345,8690,ID Card,9350622,2033-10-09,True
5efd9e21-b714-400d-adb1-5b66e73ffce4,8691,Passport,3380250,2031-10-02,True
cbfef0b1-ec00-4d12-bf38-bd4972b90776,8692,ID Card,1808816,2032-07-18,True
87dafb2c-ac5f-423f-9724-7d81ed61ddff,8693,ID Card,6355591,2028-07-17,True
cfe5e071-e348-42f5-bd01-88d097ff938b,8694,ID Card,2805606,2027-02-04,True
90dd8954-3492-4aaf-9d66-503816bf0b37,8695,Health Card,7468253,2028-06-18,True
00501f72-3381-4128-b2ba-d2731fb6393a,8696,Passport,8897161,2032-07-16,True
83fd469c-c427-4756-b67c-569c72800a7b,8697,Passport,8846578,2035-12-17,True
9dded95f-34dc-4413-bafa-95e52e86af76,8698,Health Card,4020498,2030-07-10,True
41f97b22-9ec2-4911-a4f0-6917679840bd,8699,ID Card,1950800,2033-08-18,True
4c5aa77e-d6f4-4ab1-bfb9-1b22929e8290,8700,ID Card,7570975,2029-07-12,True
7c5e7bd6-b9b6-4776-813e-0a4395357854,8701,Health Card,3239472,2028-08-16,True
bc1ca83f-4d52-4563-9632-93e5449bc571,8702,Passport,1785331,2033-10-11,True
eaad4685-2fd0-4d3f-8dbc-d507c1312129,8703,Health Card,7877882,2027-08-15,True
090a3a01-4c3a-48b5-9ae2-a981e5528e9a,8704,Health Card,1201416,2029-04-12,True
61551722-3a0e-40b0-bc98-3f7097209ef2,8705,ID Card,1906324,2029-09-03,True
4d63f987-2d6e-41cb-aabe-a6bbfce6def7,8706,ID Card,1073376,2030-10-13,True
758d5d23-65ba-4c84-b86e-44de9d0ee600,8707,Passport,8431873,2033-11-10,True
99df3173-906d-435d-835a-9629905fda9d,8708,ID Card,4229516,2032-08-05,True
f67c623a-6efe-44ef-9033-b7fb29147954,8709,Health Card,5396512,2027-11-14,True
c9c9c268-826e-4a7c-bd17-c4532d2a90f8,8710,Passport,7301638,2027-08-07,True
2e1c9b72-7d7f-4c9e-8cb3-b072dc966959,8711,Passport,5554070,2035-10-03,True
f3248c95-e5a3-4ebd-81d3-3d0332967bd2,8712,Passport,2155021,2032-04-10,True
86a8ea2b-fc34-47d8-af53-0c97a2582311,8713,Passport,6772532,2027-02-13,True
b3ddb0a0-78b7-42e9-89c9-5f7bca8d29a9,8714,ID Card,6793713,2035-01-31,True
bcbe75e2-8b69-4c78-95b2-f58e9adc365a,8715,ID Card,3925524,2033-10-17,True
ff1051ac-845d-4180-afad-f9e32223230f,8716,ID Card,1938211,2035-09-27,True
f10f5833-97f8-4beb-af67-21b2a3225ab2,8717,Health Card,9104981,2035-03-07,True
02077099-91b0-4da7-a686-779bc3b705a1,8718,Health Card,9915560,2031-10-03,True
2c713e7c-cdc8-4943-80dd-122ffafb7e5d,8719,Health Card,6245372,2030-11-16,True
7059e9f3-951c-4b15-b942-1c567de25d1a,8720,ID Card,1017955,2029-11-04,True
c4f9f7d2-89c9-425a-bed8-c149a1254d48,8721,Health Card,8198862,2027-12-10,True
2b9b117e-e900-48ad-87c7-d07083d615a0,8722,Passport,3418644,2028-04-09,True
516502ed-7b76-4640-ac4e-250ab4e237a8,8723,Health Card,7567025,2029-01-23,True
386b2d75-2d3c-4d80-a185-0526216cfc47,8724,Health Card,7766959,2035-11-24,True
f71fda09-edc4-4f23-a80d-731601281840,8725,Health Card,4226791,2030-06-05,True
9f932f99-db71-4e47-b9fd-1f07b1d76abf,8726,ID Card,8984273,2034-01-15,True
fc5c26b0-30ac-4381-a771-d543b0613f7d,8727,Health Card,4188813,2034-01-03,True
977da774-3ee8-4933-9ede-cc6d7ffd0ee5,8728,Passport,6336026,2035-02-20,True
2dda23a9-6510-414d-870a-dc33ca688ec4,8729,Passport,3798844,2033-02-23,True
9b9bf139-662e-4cf4-bb6b-945a41754fce,8730,Health Card,2583027,2033-11-13,True
41b58045-4912-42b4-b1d3-73ad811f3c45,8731,Passport,2783047,2027-11-06,True
a0a3da32-95de-4af8-9b43-90139c2e38f2,8732,Health Card,7150178,2033-01-26,True
6224e098-ff49-415c-b122-28624aa11470,8733,Health Card,9950469,2029-02-25,True
dfef6890-a117-4bf3-a1e8-a3453ffbfd7a,8734,Health Card,9415307,2028-02-22,True
ebafa38c-eb2a-4861-9b6b-cf55b06be816,8735,ID Card,8019238,2034-11-07,True
6816fa1e-712f-46e2-bb97-55c43bdd12d9,8736,Passport,8802453,2029-09-08,True
82bccb50-2b9f-49ab-97c0-2aa6d611c6d8,8737,ID Card,7190389,2031-03-02,True
78b1786f-a066-465c-b76c-ee08075f1687,8738,Passport,2102419,2028-05-04,True
38f2ec96-e697-4136-9fe6-2c9df04706d4,8739,Passport,8581100,2029-02-21,True
8ba34b0d-fbf7-4a72-afb5-528e0233ad7b,8740,Health Card,1561064,2029-03-01,True
c5891210-c3b3-44c9-82a4-483fc0fb81c2,8741,Passport,8834785,2032-10-20,True
a7a8822e-3370-4b31-a94d-2a6aaba56f2c,8742,Health Card,2967030,2028-12-06,True
55290e84-cf18-418e-af2e-b8aeb0a5c4e6,8743,Health Card,3574096,2027-09-15,True
b8c2de81-9f57-490c-addc-3e62bee1e639,8744,Passport,9186900,2029-09-29,True
554a604f-7105-43f4-af47-0960d0c4880f,8745,ID Card,5097630,2030-02-10,True
17acdbcc-0184-42f8-bb06-5366972e7eaf,8746,Passport,7366035,2027-11-29,True
57e9413b-d3df-4c1a-ab71-f589ccecceb2,8747,Passport,8636608,2035-02-05,True
a4245247-8509-4dd0-a518-831ea8bddb6b,8748,ID Card,8087218,2035-11-02,True
26ef77d2-1ec1-4cd6-8301-cf80747b4323,8749,Passport,9933546,2031-11-29,True
f68020b4-7956-4631-9e27-028eec860659,8750,Passport,5335764,2028-12-13,True
6e50a1cc-8573-47d3-a6f2-3b01666841a0,8751,Health Card,7282418,2032-08-02,True
b9f1d826-c498-445a-bbe7-b2032138135a,8752,Passport,6763504,2027-09-03,True
120a98fa-52a1-4106-9c43-c62289f9aec8,8753,Health Card,6804169,2032-02-07,True
8d480711-212d-4d2d-a33e-cdc94a011d90,8754,ID Card,5662690,2033-02-04,True
6a1e0eff-f89f-4f68-aa04-32cc6a1d63f1,8755,Health Card,7183486,2028-06-10,True
4bced329-f847-4295-b30c-23f4ece465be,8756,Health Card,7033688,2032-11-10,True
cd5dcec1-a8c9-4841-a77e-d72dabc22ffe,8757,Passport,5503417,2029-10-13,True
28316fbd-ba19-4586-9778-ec41f910d98c,8758,ID Card,2636030,2031-06-15,True
6aff1ea9-7c11-49bd-a1f8-7c915cd595cc,8759,ID Card,2143095,2034-10-12,True
12c57c4a-6cf8-4cdd-bd64-2a7cf2997a96,8760,ID Card,6136942,2028-07-21,True
4a373ab1-629c-4bb4-adf8-d382c9f9d156,8761,Passport,5940431,2027-02-02,True
69c28faf-6ecf-4fd3-aa93-a090bb5f83cd,8762,ID Card,1322885,2031-02-10,True
9dd0cbd0-5d40-46f1-9a74-a2ce3b460cf3,8763,Passport,6689619,2028-08-20,True
d9cef8b2-8f76-4ff2-b690-afa3d3f586f9,8764,Health Card,1363120,2032-11-22,True
d8dd7774-2a62-482f-adec-fb49d354ee45,8765,Health Card,7345979,2034-09-24,True
fffb51a6-d250-46d5-bf93-35bd06942748,8766,Passport,7354483,2031-02-09,True
9db42b69-7e43-4219-910d-966470730f52,8767,Passport,3491599,2032-01-08,True
89dd786e-6137-4641-bcc4-d0ed16947e06,8768,ID Card,8691694,2034-04-29,True
fff90c26-20dd-44d5-85e3-4c7539c9ad08,8769,Health Card,7848975,2029-12-18,True
3e263735-ba66-44b9-9777-0d30538d4318,8770,Passport,4497773,2033-10-08,True
7cd3a2e4-36fc-4a5f-adbb-df4a209caff6,8771,Passport,8668838,2029-04-10,True
165d03b4-9180-4ce9-b2ae-4c835ac5335d,8772,Health Card,8206701,2032-08-07,True
5cf58097-270a-428b-9de0-34129ed70b41,8773,Health Card,4042772,2031-03-01,True
9fb34044-c196-4d75-b7c9-1cb2e3ea0bda,8774,ID Card,8760825,2034-05-22,True
f1395e53-436f-4755-9d1c-7f8a1fb7289c,8775,Passport,9750922,2032-06-04,True
31d73766-0606-4566-b59c-4fd16fb37d73,8776,ID Card,7274046,2034-10-21,True
d8a38730-ef0e-4d2d-a23a-18a3ff1923de,8777,Passport,1283827,2031-06-03,True
5d093277-4251-43f1-8e46-90f034b18e80,8778,ID Card,6288139,2033-07-10,True
6bc6922d-43de-488e-a4c6-5db2daeacc20,8779,Health Card,1942861,2033-05-16,True
c8b0da2d-0849-4139-9eaf-4669021c04a9,8780,ID Card,6492817,2030-09-11,True
c9a943e2-dea2-4215-924e-9d2b9d7f708b,8781,Health Card,5811877,2034-03-09,True
f7e53961-e418-4159-926c-830a03f3166c,8782,Passport,9209214,2034-08-22,True
eff84a5b-6e25-4560-b750-230af5a9af23,8783,ID Card,8634224,2035-03-07,True
82a9e07b-fe83-4a56-bd54-0fea951dc19d,8784,ID Card,8736189,2035-03-15,True
5c2f022d-ba53-45b7-b1f7-d59a33bea5af,8785,ID Card,3471158,2034-05-16,True
bdd44a58-f0bc-4292-bbcd-bc6781db43ab,8786,Passport,6082638,2027-03-26,True
9868973a-4720-4567-a7eb-29a9bbfc71ff,8787,ID Card,5227583,2035-10-17,True
e83d0881-7145-43c1-a35f-cddaec6fdf92,8788,Passport,4473858,2033-09-28,True
4a84d53f-7f80-47d2-adc5-ac687a6e366f,8789,ID Card,5397118,2034-04-30,True
245eca62-6091-4166-8900-11fadf9cc8b1,8790,Passport,4146324,2035-07-06,True
1f4a1028-8e0c-4dfd-9e3f-b259131394e8,8791,Health Card,7848240,2034-05-10,True
64086e28-16c4-4dc2-92c4-c353e4ed70a2,8792,Health Card,6786692,2034-09-05,True
5ae2f1de-0ae5-4b40-bff1-3d759d3f0624,8793,Passport,8967964,2028-10-31,True
36b5a8d6-0679-4b5f-9d02-9a97e1345b68,8794,Passport,4324355,2034-02-24,True
262edc27-d2e4-4043-a1da-6b9e0fe18583,8795,Health Card,5503490,2033-06-06,True
76110521-7892-41f0-a61c-4e0883d61fc8,8796,Passport,9900610,2035-08-05,True
91b24758-ba88-418e-8566-1abd0966365e,8797,Health Card,6546900,2032-04-04,True
07cadf3b-84ec-452e-80ae-f1facc1c7144,8798,Health Card,4019085,2027-08-14,True
385c15dc-15be-41aa-a818-73199542042f,8799,Passport,3313194,2030-09-05,True
1f3d76d0-981c-4218-b099-5669a180b2c4,8800,ID Card,7225022,2029-12-09,True
6d23c672-fd4a-43e9-9b92-61ba2caa8f0d,8801,Health Card,2250562,2028-05-17,True
3dd05121-1844-4e25-9594-bb2fe1511434,8802,ID Card,7172892,2027-03-04,True
82ee850e-c961-423f-853a-282039b97239,8803,Health Card,6742643,2033-11-29,True
28d64c62-7532-4719-a15d-f3871756ea26,8804,Health Card,1060943,2032-01-14,True
f91d5c4c-e34a-4b2f-83d8-3ea70978cc49,8805,Passport,6916686,2035-11-05,True
83c3898c-c9e9-4f53-911d-2ba08370f69a,8806,ID Card,5525671,2033-12-30,True
eb8ac890-2510-45bb-b8ba-f07beb923c59,8807,Health Card,5312056,2034-08-05,True
0082d83d-57e2-4606-a5d6-a1173b5c328a,8808,Health Card,9463862,2032-06-01,True
cfca3cfa-1a18-42fa-a365-55bdbfb1f84b,8809,ID Card,8878569,2032-07-22,True
2dc028a2-73a0-454f-91ec-5c7e22c74e1c,8810,ID Card,4349216,2030-06-07,True
12d38f5b-ad58-43fa-b2cd-0b6f9eaf9f40,8811,Health Card,7862006,2034-11-13,True
62857eb3-a62e-4ed4-86d0-cd101d3642b7,8812,Health Card,9975129,2034-10-24,True
01ebbe26-2897-4a4a-a3b6-20e07564c95b,8813,ID Card,7821382,2034-11-03,True
be9d8389-b2f7-4fbe-b14b-a426081c474c,8814,Health Card,9142890,2028-04-17,True
a665545d-c189-4078-9375-f6371069c322,8815,ID Card,8582131,2030-08-18,True
e464a7a2-1919-44b7-951c-34b1947a19fb,8816,ID Card,9053395,2034-05-23,True
992a14f6-d00c-4e8f-b493-d160bd0a74a9,8817,ID Card,7393295,2027-09-15,True
25b745bd-d0a7-42fd-b4d4-c74fed3db16d,8818,Passport,9177533,2029-07-21,True
26ce5314-85e1-4139-bbf0-4d291eb9aecf,8819,ID Card,3743248,2029-11-27,True
efa8051e-a659-47c1-bc15-5eab76fc25dc,8820,Passport,5270699,2031-05-26,True
d4766c0e-3df8-484a-8f3f-463d74614c9d,8821,Passport,6734760,2027-04-14,True
e5d5d809-cf91-41b3-b09b-4f6a0b33e357,8822,Passport,9210620,2033-11-05,True
c3739c30-3d06-492f-a876-f2c862e0163f,8823,Passport,3356367,2030-08-27,True
72923c55-5600-4a70-8a14-4f6ff89b577a,8824,Health Card,7382321,2029-03-21,True
6201c551-8364-45ca-b4a0-154a5f389236,8825,Health Card,6685164,2034-06-20,True
50ee3721-4017-41ea-bc46-ffd42717f26e,8826,Health Card,8560792,2028-04-07,True
e990c8cc-2403-40fe-a516-71dfc8b7fc77,8827,ID Card,9422014,2035-06-07,True
cc2b3a98-fefe-4180-83e8-8ae5e0fd1303,8828,Health Card,4264896,2028-06-27,True
ebd938d1-fe83-4cf2-88d3-de32a06d2c54,8829,Health Card,7033248,2031-08-01,True
3b11c36c-c2c0-4002-ab59-476ec374031e,8830,Health Card,2193063,2034-04-06,True
136ca25c-a8ae-4631-9cc9-fb9dd2c9cbf7,8831,Passport,7433896,2030-08-18,True
c91fe349-2547-4fd5-baf9-c891955d2a3f,8832,ID Card,4411630,2034-10-27,True
0e6fffe8-97df-4fa1-b354-1a6339ebd217,8833,Health Card,3343296,2027-09-24,True
397005c9-f317-4331-838f-ee3c77167c87,8834,ID Card,9380829,2034-11-23,True
2840212c-dc06-4e68-9314-d35ffd2fa9ac,8835,ID Card,7303094,2029-12-18,True
922275fe-c845-4bcc-82bd-4f2bf484e7b4,8836,Passport,8516908,2032-05-20,True
22fbca9f-98f4-418e-8fcf-b300448a44d7,8837,ID Card,6180775,2027-05-09,True
1117d76f-059b-4416-b8d5-f5d631b9224d,8838,Health Card,8679457,2029-04-23,True
8e5121e7-1827-4d0e-9d4c-633e04b22b62,8839,ID Card,9219730,2033-10-08,True
31011be7-0878-40c7-b4cb-daca23ce8e5b,8840,ID Card,9226226,2028-01-16,True
e4271e08-a190-432e-9390-8d5c10360b77,8841,Passport,4953072,2031-08-29,True
4a24ca44-40c0-496b-807b-d1d4a14f49ae,8842,Health Card,9265975,2031-06-02,True
81c7cb94-cfe4-46af-98b0-d9817f611a85,8843,Health Card,6234459,2031-11-06,True
54ef67c1-6b85-4477-9850-e9d00de8196b,8844,ID Card,2258964,2035-09-07,True
2176fc38-d0a9-4f34-ad27-f0e6b835a4ca,8845,Health Card,2638267,2031-12-20,True
7caf9821-f60a-472f-b0e0-228f7706988f,8846,ID Card,3190181,2028-12-25,True
7754a960-1ceb-4dca-9c57-6e18a4d12ef9,8847,Health Card,1970617,2029-08-07,True
f84c0358-abb3-4bac-b587-ad04d82281c5,8848,ID Card,3957376,2032-12-23,True
52be6c37-ae1d-43b7-a10f-c832aec5f5e9,8849,Passport,5583302,2032-12-17,True
c534afaf-f666-4af7-8362-c7760d694b4a,8850,Passport,8429083,2035-11-16,True
43d62af6-3e5a-4da8-9f02-fd5781aae367,8851,ID Card,4209145,2027-04-28,True
1fa1baf9-6be2-4746-b162-b412a2d8dafd,8852,Health Card,9461984,2027-02-15,True
b8b964dc-d5c1-49a9-9492-23bb8ba83e76,8853,Passport,6618719,2033-04-24,True
183ad4ec-4508-40e1-8796-7375baf29f2c,8854,ID Card,1991747,2031-05-11,True
0fc7cb19-47bf-4c0e-9295-d1b34602111f,8855,Passport,8922085,2032-12-16,True
e8718dd2-3797-446e-9fc3-26ab890fb931,8856,Passport,4739396,2027-11-25,True
66eb2755-0eb9-4529-bd96-a14b1b9fb83f,8857,ID Card,6671755,2034-03-20,True
8c564ca9-0be8-4fd4-ad05-8a72b49f94c9,8858,ID Card,8218005,2033-07-19,True
6746df25-85e9-4c41-91b4-f2e405d57f4b,8859,Passport,5318166,2029-06-02,True
ff31a4a6-b0fd-49b4-a35b-3b2c207b5825,8860,Health Card,6844556,2035-06-03,True
70f2e540-aba9-4064-a301-0cd9cc1cc52c,8861,ID Card,7598550,2032-01-25,True
bf686b7a-920e-4408-afed-3a9c820f5ff0,8862,Passport,2579459,2030-10-10,True
107ca173-922a-4568-b38c-f810c2ff76ad,8863,Passport,4671678,2030-12-03,True
2c19e538-e418-4c3f-9cf4-ad91a2fceeb5,8864,ID Card,3271694,2035-04-06,True
a48ce222-c842-42d4-b37f-029bfcbcad8a,8865,ID Card,6732463,2030-02-16,True
bbe074c2-e940-40ed-b7d8-f7d1177a104c,8866,Passport,1182073,2035-06-20,True
af74b092-91cb-4614-8714-22dcec0ec10a,8867,ID Card,3394506,2028-03-05,True
56eea7dd-0476-48e1-b53c-cef300a3f26b,8868,Health Card,7587472,2032-02-22,True
46369298-9222-4b31-b2bf-2f76a397d5b9,8869,ID Card,2061615,2027-04-14,True
0345bf8c-ef29-45d0-bf50-1972b3dfeaf1,8870,Health Card,6296147,2028-06-04,True
f777a006-296b-46d1-9324-cbdf58f999cb,8871,ID Card,2415337,2034-01-02,True
42a19631-ea01-4f37-a093-d17793f54e9f,8872,ID Card,1617833,2030-04-30,True
44fd07c6-8bea-4179-a108-44a00bb33b3f,8873,Health Card,8781340,2030-06-22,True
aa1932e6-dc6e-4200-8688-984784aa76e6,8874,Passport,6550920,2034-08-05,True
36293dbb-0d65-42e7-8ad0-16bcaf65c4ce,8875,Health Card,3185357,2032-04-19,True
4dc0b434-32d5-4147-9760-49dc6cbbf7d3,8876,Passport,5555220,2030-01-31,True
f01e366e-9c3f-48a5-a5b6-bd795816643d,8877,Health Card,9778961,2028-06-08,True
eb2a260d-f4ae-4b5b-8ceb-eeed213c4477,8878,ID Card,3960114,2035-08-15,True
cb8741b0-e844-46ed-b8cb-ffa0b9e151c7,8879,ID Card,9243172,2031-04-04,True
a954aab7-cbd4-4161-a0cb-6448af269d61,8880,ID Card,8118578,2031-06-24,True
4babc3f7-b19d-482f-8a2d-58381e15463d,8881,Passport,5219094,2031-06-20,True
3e2c2ffc-fb83-4838-8357-b545e6f8b6ec,8882,Passport,5069490,2027-04-26,True
2920d228-ddfc-4353-bc16-79caa0431c24,8883,ID Card,2865526,2031-08-19,True
d74f9cd3-ebea-4622-a8a4-c5b3fa76df45,8884,Passport,8659297,2029-03-06,True
472e3ef7-da13-4074-94d7-56f000d0b687,8885,Passport,6307879,2035-08-14,True
cf7bff22-7eae-491a-a9dc-adf79265d9ce,8886,Health Card,4923395,2033-01-28,True
c9668ad6-fc4f-4112-8ebb-a35419230b68,8887,Health Card,4730607,2033-07-07,True
f2385b96-85dd-4470-835f-e5fdcc48e03a,8888,Passport,7038428,2029-12-08,True
731afbbf-5109-4b38-b031-728d4ba955c3,8889,Health Card,9578782,2029-11-08,True
d7d442e1-412f-4bfa-8d57-a17bd91273e8,8890,Health Card,4769069,2035-08-11,True
55032e63-3738-4f85-b44e-9944b9e87677,8891,Health Card,9212407,2035-05-22,True
db068e33-8e93-4361-9d94-7d0df91ab85e,8892,Passport,3858318,2032-12-24,True
5420ef48-21f4-49c1-b617-c47f6dd07a3e,8893,Health Card,9519351,2030-09-03,True
5a3b81c0-a8ff-445e-ac0e-37b031881d5d,8894,Health Card,4472564,2027-10-05,True
acc91310-653f-4912-b8ae-88114933890f,8895,Health Card,6590226,2030-01-09,True
c10201ae-7e7c-4357-aca1-8c080e876fc6,8896,ID Card,3710425,2032-04-19,True
9d39aadc-8e6e-47de-aaee-7394ef1f2471,8897,ID Card,6356583,2034-09-05,True
c5e1f076-2403-4697-a9ed-dd54a1df0100,8898,Health Card,5270485,2032-02-02,True
f9297e15-17fe-4409-8c5d-9456cdc96824,8899,Health Card,7139620,2033-07-03,True
ee33726f-272a-40a3-9ddd-47b2dbc378a0,8900,Health Card,9806244,2030-01-15,True
9820d0e5-f1f4-4342-aa36-7101d204f691,8901,Passport,3555796,2031-06-13,True
b0412bd7-81eb-4cf8-a91f-c6bd2d8d4fe6,8902,ID Card,9528171,2030-05-28,True
f49cb94b-7fe3-45bc-ad5c-f665dadf96dc,8903,ID Card,7643355,2028-02-14,True
db8bed55-d402-450e-b11d-52f6f06df4f3,8904,ID Card,4123009,2027-05-30,True
c5a7cef4-84ff-4341-ac63-c672510d007d,8905,ID Card,6728995,2029-03-04,True
e4f08809-c559-4472-99a8-19d007b9ea2f,8906,Passport,7123647,2033-12-24,True
52de6f8f-86ed-479b-9c91-9f6d081a783a,8907,ID Card,4648041,2034-05-20,True
7ca6ff09-3ad1-43d7-a88d-48e09151480d,8908,Passport,1088776,2028-04-26,True
6f509f04-d119-4b90-a9cd-8663f0828314,8909,Passport,3138877,2035-04-05,True
8850beba-d1d6-4540-883f-9bd77308fac1,8910,Passport,4634507,2027-06-19,True
a3c02843-e7f1-4425-ba7d-1596582f795c,8911,Health Card,2398436,2027-08-04,True
8dcc4bbb-8460-48b1-a47a-bb88fb76c240,8912,Passport,3979852,2027-08-11,True
2b05cb78-29ab-4e6b-af96-ab5a6a16987e,8913,Passport,3964323,2032-07-03,True
e62a8301-6c63-4c72-9d3b-43b2ff3eed6f,8914,Health Card,4048389,2033-09-11,True
b34186ff-e3f0-49be-b2e1-4b47e95b831a,8915,Passport,6126167,2035-09-10,True
aa550caa-2291-48aa-a320-172657bfe709,8916,Health Card,5086719,2032-03-28,True
c8326821-e520-4c73-99d0-566be8194f8b,8917,ID Card,4208563,2027-07-20,True
0d4a5fc6-4bdc-4b91-a1b2-e86cf738c839,8918,Passport,2374413,2030-03-02,True
c71b6fff-043b-4574-a406-6adbb9e465af,8919,Health Card,8615296,2028-08-24,True
67f6fd6f-8828-4f54-b93a-18f8057233d8,8920,Passport,2994798,2034-09-04,True
30914e45-33f3-4707-90cf-acedae69674a,8921,ID Card,1277351,2030-10-08,True
f7c24330-a119-4623-9653-3bd8a35067c0,8922,Passport,1424619,2027-08-07,True
96a3ae82-26a2-4f7a-a72b-6c8a6c0ece35,8923,ID Card,4566186,2028-02-22,True
ed167314-91d0-43b2-ac20-f03537e4cec8,8924,Health Card,3714852,2028-02-21,True
4e9f8b42-b711-40b6-acd0-c8994ac1731c,8925,Health Card,2693764,2034-04-25,True
f392354c-90f1-4d9b-ba82-9375986c143d,8926,ID Card,8673652,2029-06-04,True
4ff85764-b563-4e7f-bbe2-693880c18937,8927,Health Card,1382208,2030-02-04,True
bf7f3669-3a71-481e-9b45-aa8737d2ba90,8928,Passport,7502822,2032-04-02,True
16b483f3-26e1-48d4-a4fd-8d2795d6ed18,8929,Passport,7150590,2029-10-08,True
c7770343-22fa-4fbd-b89a-a064594478da,8930,Passport,1638120,2033-01-07,True
1fc82249-a37a-4b73-9644-dba85919fa15,8931,Passport,8061216,2032-01-11,True
afd0db98-fda6-4f04-a2f1-a05d996055f2,8932,Passport,5864457,2033-08-29,True
81b20b0b-f227-4a42-a4f4-40fcfc17db90,8933,ID Card,2617644,2028-01-20,True
73d15238-88e4-40d7-bf53-c553e266baea,8934,Health Card,8010333,2027-07-15,True
be595e24-f0cb-47a0-ad20-d2f1e2671df9,8935,Health Card,6474159,2030-06-16,True
4577a047-d8fc-4b4d-abdb-3556649c0d08,8936,Health Card,4947545,2028-05-30,True
42271e50-3fa1-4c18-af8c-e84490d3d691,8937,ID Card,7450507,2028-06-16,True
0e7a348f-7dd0-4ca0-8ca0-b5e6a9ce55e4,8938,Passport,2404903,2030-08-26,True
819df45a-fd33-4f12-b40a-7ddb266282f7,8939,Health Card,4103252,2035-03-28,True
1d85c996-19d1-4e76-aa8b-1ca0cfab870c,8940,Health Card,8648535,2031-08-09,True
c14ef120-3d33-450d-8834-4a4b9c078e9f,8941,ID Card,1308522,2031-07-20,True
137f4c6b-46ff-4b05-a567-899bbc76c630,8942,Passport,8542546,2036-01-22,True
29fb3ceb-5a14-44ac-8d19-95e9fbc0c812,8943,ID Card,3046215,2030-07-19,True
d46df56a-1741-4fd6-ae6e-83291a2cb040,8944,Passport,6715086,2027-08-28,True
1902dc53-5149-4b33-8d53-88c782e658cc,8945,ID Card,9333139,2031-08-04,True
17944b15-1f19-46ba-b6f8-6f9503c38ecb,8946,Passport,3038109,2028-03-06,True
ab1fe9a9-32b1-4286-861d-15f797187b19,8947,Passport,2917202,2028-07-25,True
22d8a2ec-6167-4ce3-b20f-c1a1bd60bb87,8948,ID Card,6345514,2031-01-18,True
db25f21a-b017-469e-bf79-85ec98ef2ae8,8949,Health Card,4495340,2027-04-14,True
8ac438e0-6d3d-4a53-a405-19783dd09224,8950,ID Card,6559387,2028-12-17,True
2bbefef7-8443-43bb-8ada-a116677abe9b,8951,ID Card,9817518,2030-02-09,True
9c1fdcc2-f475-41b2-97fc-206d3e54d201,8952,Passport,3639774,2027-09-14,True
127d8eca-573c-4854-8c18-2791e533e467,8953,Health Card,3400632,2028-05-08,True
5814e8f2-67c9-461e-bf9d-01bbfeac1f47,8954,Health Card,8215670,2027-12-25,True
4650e3b2-bb12-42c6-a94e-5fbe1fbec46e,8955,Health Card,2387299,2028-12-31,True
15706899-8dc5-4535-9713-f12480fec49e,8956,ID Card,9967782,2028-12-08,True
e91afe53-ef12-483e-bd46-a57a86dbfd7a,8957,Health Card,1264473,2027-05-30,True
642dc8d7-0e4b-43ae-bd78-b0e07d6e3166,8958,Health Card,3603064,2031-05-12,True
4b851c04-c1cc-4ef8-b0f6-2b5fee041bfe,8959,Passport,6823417,2035-06-23,True
619be8eb-bd2c-414f-907d-056f611c712e,8960,ID Card,2577928,2027-09-15,True
678fc19f-8a9b-47f2-953e-1c946c47ca1a,8961,Passport,6534018,2031-06-14,True
ae8e8122-bcdf-4989-9117-69baabd92dd5,8962,ID Card,5817411,2030-03-14,True
e4411eea-93cf-415e-9f14-048b90b3b25a,8963,ID Card,4064935,2029-03-20,True
88cd3ae5-548d-48d8-8453-c66c3ffcafb7,8964,ID Card,8022991,2030-09-19,True
fedf54b7-9a9f-4354-bd91-08168793e14b,8965,ID Card,9928178,2030-05-10,True
921b4c5d-0242-42bb-8a14-dde667b1eefb,8966,ID Card,6148928,2030-06-02,True
c8c4670f-6add-4206-a636-7c1e32a57b2d,8967,Health Card,8165815,2031-03-09,True
fb34203a-df85-4fbf-b00c-e8b26ed45d98,8968,Health Card,2564788,2031-07-25,True
4e74879e-5320-4be4-b16d-121cc46a2694,8969,ID Card,1049073,2031-03-15,True
7b90732b-59e3-483e-b0ee-3f1102cc4742,8970,ID Card,5731678,2032-01-28,True
a3cd34f7-39cd-4f34-846e-9e7e2b23cb25,8971,Health Card,2501616,2027-03-02,True
2f83ea85-418c-45d4-8d00-bc17f4a51f24,8972,ID Card,5733795,2029-01-07,True
84ba8f0e-4401-4958-9fdf-e06071d54c7d,8973,ID Card,3816745,2029-11-20,True
0d2e584d-3e14-417e-9304-edc6b32854b4,8974,Passport,7389060,2029-12-01,True
129dcd26-34cd-44a7-b6c6-25ef80a8f9c6,8975,Passport,1856063,2034-01-22,True
dc5c2416-59e8-4e73-b32e-962a6b6bb4a9,8976,ID Card,9180247,2028-03-07,True
7be03aa5-5016-4764-80d9-e0e7f928b9dc,8977,Passport,6378354,2032-08-27,True
ab99eddb-2b64-4bfd-853e-1d758cd350a8,8978,Passport,9417929,2033-03-16,True
bd0f4f95-49f7-4bd5-803e-77b26db39781,8979,Health Card,7885708,2032-10-22,True
510e62bd-6f93-4b5b-9235-98ffef27c0b3,8980,Passport,5953224,2033-06-19,True
26795c48-15eb-410f-a15f-96757e9c08b1,8981,ID Card,3302938,2035-09-07,True
7dc81f0d-80f2-4744-9a2a-47498f5cd2df,8982,Passport,4238785,2029-02-22,True
b27f2dda-f747-4369-b6a0-d5b41b5505ff,8983,Passport,5278098,2030-03-08,True
0412f51d-eeed-4b62-9c43-938494f952a6,8984,Health Card,9935226,2032-08-06,True
b3cbad79-9d8b-4e36-b302-37c80996a0ac,8985,Health Card,4771456,2033-05-03,True
89c10430-31ef-4fef-b2fe-7855d1b88a93,8986,ID Card,2842319,2034-09-14,True
15b727ec-a43a-45bd-94c6-25c1043f7ec2,8987,Passport,4262240,2031-05-04,True
c467d2a0-fc42-4ca5-8070-3d698500b5bf,8988,Health Card,1921086,2027-07-26,True
37931f2d-6122-4df9-87e3-687d0b193fcc,8989,Passport,7839059,2030-08-04,True
84c5b1f0-24fa-4fa0-a696-294fd989f3f1,8990,Health Card,1320481,2033-08-07,True
9397f6b4-be02-473f-b375-e487e1210a4d,8991,Passport,2938006,2035-07-27,True
a6fb4b14-43cf-4fb9-b594-3556a59fca6c,8992,Health Card,1486980,2027-10-18,True
31d41821-04ca-4689-a4fb-e3416bcdd855,8993,Passport,5889688,2027-05-15,True
9d59b559-b2bc-4aba-b4ac-9448d7216b58,8994,Passport,7182735,2034-01-02,True
a0a088fd-5edf-41da-910f-f03b5f25295a,8995,ID Card,3312128,2033-03-21,True
14a38811-9493-40f5-8e38-c23964b989e4,8996,Health Card,2994404,2033-09-08,True
93e69bf3-0c3a-40c5-b3a8-bb69d02c1d97,8997,Health Card,6076995,2035-01-06,True
d8722726-f29f-4524-9162-cf36fdf55910,8998,Health Card,4731818,2031-06-28,True
a47e7684-9030-4625-872c-3697de769955,8999,Passport,1340729,2035-11-11,True
ef3dd764-b522-4791-a342-172d2a3a1419,9000,ID Card,6836653,2029-03-08,True
dc940fa2-875f-4a8a-b061-c5180b2362be,9001,Health Card,7152708,2035-06-14,True
805480a9-75bd-4def-8e92-6d12f1036e42,9002,Passport,1592127,2034-09-28,True
f1605ec0-40a0-432e-b20e-a6b7f08c96f9,9003,Health Card,9409680,2029-01-05,True
e2e0fa0e-354e-45d1-909b-2dab5674e232,9004,ID Card,1845041,2032-02-08,True
be398278-1327-4668-be91-fdd75a364d04,9005,Passport,2527296,2031-12-16,True
c4b5c09d-3923-49b3-99bb-cbfd952346d0,9006,Passport,1850366,2031-08-16,True
880e2d7e-18c8-47e1-bbb0-e29dcbdb8f73,9007,ID Card,8601185,2032-07-28,True
81df132f-c21d-4a71-855c-0c7dadaeccba,9008,Health Card,6630837,2028-09-23,True
6800d6bf-380a-4a4d-afb0-f027d335abc2,9009,Health Card,4778777,2031-12-21,True
f2571add-bc47-43d5-ad9b-999db3ec8bfa,9010,Passport,7227045,2029-07-09,True
631fa085-a3cf-4850-b9ad-096b44b10d16,9011,Passport,5973583,2031-10-02,True
721c6a13-6b28-4e7f-baec-52186e9e86d9,9012,Health Card,9142410,2032-06-13,True
c45b661b-dae6-4c6e-b999-c7137de3e8aa,9013,Health Card,5855263,2035-01-08,True
9aa0ea08-e3f1-4b62-a29b-fd5e8a95bf0e,9014,Health Card,6353965,2033-02-05,True
8aa30bdb-271e-46d6-b0e8-e9f3ab96aa32,9015,Health Card,1219600,2035-03-04,True
d2ad0b4d-120d-44b0-bdd4-895e5b708c20,9016,Passport,7034620,2030-07-21,True
dda54e07-cb74-4a66-b4f2-e36e0884bcee,9017,ID Card,7592666,2033-07-31,True
27874407-1b07-4e35-8f26-69843505e041,9018,Health Card,5902776,2034-06-27,True
83ed3664-1571-4c74-b22f-dc265b7350c7,9019,Passport,6715374,2029-06-07,True
828331b7-1992-422e-b2e3-3ca9e477025b,9020,Passport,8389741,2027-07-13,True
44757045-d03e-4455-b6e3-ab4d1bc67ea5,9021,Health Card,2202339,2034-01-23,True
c50031b7-6421-4d62-a91b-b16ae9635a58,9022,Passport,3218649,2029-05-17,True
1e958362-4048-48ca-8cad-544ef7089e29,9023,ID Card,9961653,2032-03-18,True
d0feaf7c-9cc4-4e1e-859e-ade58723df9f,9024,Passport,4383749,2027-05-02,True
70278979-9184-4ef3-b945-25b189200835,9025,Passport,6897082,2032-04-26,True
c1a48940-837c-4c8e-80f8-9859ce59ecb3,9026,Passport,8802689,2027-08-12,True
4166f37c-320b-4f62-9a15-ba77451091c4,9027,ID Card,9376589,2028-10-06,True
25c32943-07c3-41eb-b8cc-b7e334049394,9028,Passport,7055775,2031-01-13,True
45635272-bf3e-43dc-9d88-777f49619aef,9029,Passport,3240201,2032-03-22,True
1a0f5e70-4f28-4f5f-8740-930523b6ab4f,9030,ID Card,4950016,2028-02-06,True
0bf7953e-ceab-408e-ad8d-d3dfdf68072a,9031,ID Card,8967027,2029-08-06,True
353bd3f6-bd2f-4df8-a8e6-2ab11de80a11,9032,ID Card,8093134,2031-04-26,True
83bf9127-3342-430f-aebc-a36c645de9c1,9033,Passport,5673792,2034-11-13,True
5b48d4bd-efd6-4ed2-af6f-7b1c69e68c67,9034,Passport,7384673,2035-01-31,True
a555e88e-5a47-4c07-b3e1-bb8a9acde31d,9035,Health Card,4170733,2027-11-05,True
6b6d5a10-07eb-497b-9ed8-ac96c173c622,9036,Health Card,7663934,2027-03-15,True
5053ed09-26ce-4ba3-b19b-3707dbd70340,9037,Health Card,5211817,2034-07-08,True
40e488bc-06e8-4f2d-a463-3e1e9b39105a,9038,ID Card,3197406,2032-05-02,True
1f746e1b-f56e-428b-a211-b7a00530d2ae,9039,Health Card,6741325,2035-09-26,True
7bad6741-bc4a-438b-8d26-b599b9525b7c,9040,Health Card,1954963,2031-06-28,True
26f6b24f-7fcb-4979-accd-48dce23bc748,9041,Passport,5697030,2029-08-22,True
dd2fe819-07b9-40c2-b56f-0eac404d66d6,9042,Passport,1019605,2032-09-23,True
e95b5630-513b-47cc-9d94-ee4223803890,9043,Passport,7884359,2032-05-02,True
42e5d702-7171-445c-aae2-6681e78eff0d,9044,Passport,2339811,2027-11-28,True
49acc70a-7216-44e4-9285-6ca25ac5c397,9045,ID Card,8071587,2029-07-15,True
711d89d8-b3d3-4d7c-a556-b7bd29af2b3d,9046,Passport,1818200,2028-10-18,True
d64400fe-6bb3-47fa-ae06-7beb165d3f61,9047,ID Card,8825921,2034-04-23,True
cc167f5f-a80f-41da-a21b-d17ec4de37e1,9048,ID Card,4939104,2030-06-06,True
8b105d38-1595-4f39-83ee-b0f09bb6b720,9049,Passport,5706105,2031-02-10,True
73db794e-b4d3-43e1-ac8a-9405f5e774e7,9050,Passport,6770955,2034-09-12,True
4cce6f33-752d-4df2-84e1-bd98ff214e4f,9051,ID Card,5443213,2035-06-01,True
fe8a606c-1941-443f-91f1-d7e522a03388,9052,ID Card,5661695,2029-05-03,True
16dca671-7241-4860-8443-5da39d67bf5b,9053,Health Card,7876435,2032-11-14,True
a661c24c-579e-4cf8-bb50-d84ceccc7da3,9054,Passport,5734295,2033-04-06,True
8fcf57e4-7066-4bfc-b236-539611e886a6,9055,Passport,5093793,2034-12-12,True
27626c30-b33c-4ce8-82fb-b7d3f801c1cb,9056,Passport,4678836,2034-01-24,True
e6247c3c-55c8-44bf-b4d3-fdfed1952dc2,9057,ID Card,6502242,2027-06-05,True
ba15157f-0b36-4077-aaa9-284fc4f5fba4,9058,Health Card,7392094,2027-04-01,True
83ceb8ea-96d9-4297-94c9-2f2c0e71fbad,9059,Passport,8898026,2032-06-19,True
0fbc622f-a340-4f38-a18c-2e632c9e964a,9060,Health Card,4939812,2031-06-23,True
00512cf4-cf41-422b-82bf-e2fd285d75f2,9061,Passport,6427837,2033-11-08,True
8b8597ef-32fc-4ecc-9e1f-158c4e21fda5,9062,Passport,2594959,2034-03-26,True
828b7d1d-d579-4899-9dbd-db550e4fa026,9063,Passport,6245071,2031-07-18,True
853ef5b1-71c1-4f33-af21-c5497e858553,9064,Passport,6823947,2032-01-22,True
d1378aac-edfe-4853-ae88-88aee004653a,9065,Health Card,5086858,2030-10-03,True
873ebabb-c1f9-4e48-89db-89b32e972b47,9066,ID Card,6397082,2032-06-12,True
29c604f5-7067-46b2-87b6-163e19262531,9067,ID Card,2894123,2032-05-30,True
099af58a-2aed-4f44-8951-f3b7aee862ab,9068,Passport,9974294,2028-04-21,True
4c126376-e3bb-4988-ad3d-c1768e43970b,9069,Health Card,8787498,2027-05-30,True
2de63d38-40e3-4583-8949-e049e8a41892,9070,Health Card,9998759,2031-12-13,True
8da98ae9-8e26-446c-8cb1-07c59ec70eeb,9071,Health Card,5962991,2027-05-07,True
b575b810-243c-454f-b574-8c3d8015b6e4,9072,Health Card,9438279,2034-08-09,True
776ed547-76af-44e7-a05f-cb95f7b3b159,9073,ID Card,5956104,2034-01-31,True
f803c074-adb1-4d8d-9158-5e665e38f6d9,9074,Health Card,7893278,2027-10-23,True
c8d52217-d3cb-4392-8aea-385e797c593e,9075,ID Card,8853766,2034-10-23,True
903ebe63-f043-4047-973c-844acebb935d,9076,Health Card,8501727,2031-07-08,True
0ba13168-504f-4f68-bed6-8e6c320bb06a,9077,ID Card,7215753,2031-11-30,True
5b1072bb-22ba-4bd9-8cde-972ebebeb57a,9078,Health Card,8021601,2027-03-27,True
1b671d3c-bfed-4279-9ac5-c401ff960dab,9079,Health Card,7324557,2032-12-01,True
2d9c858c-9ee7-4ef4-a97c-fdb0ee8d2d74,9080,Passport,5875409,2034-03-15,True
07339359-b3df-449c-ab05-59665633bac4,9081,Health Card,3893265,2032-09-28,True
875908f4-cbb8-4f29-89fa-dfe72f230320,9082,ID Card,2285388,2033-03-27,True
dbb76649-f715-4358-acc2-ad0dfc7016cd,9083,Health Card,5571199,2033-05-12,True
c242da64-1e44-428e-be6e-704230d32965,9084,Passport,6951100,2034-07-25,True
2ab5a327-20e4-4c4d-8cf2-c3faa91a78e1,9085,Passport,5005146,2034-06-18,True
2b763312-29ea-46bc-9f87-47d4db1fa53e,9086,Passport,3387456,2028-01-16,True
e673bd7d-e2c5-4ff4-96ac-8d407aca8532,9087,Passport,4454696,2035-12-25,True
47014002-0e0f-46f5-ada1-599c015e49fa,9088,Passport,6996159,2032-08-10,True
a694866d-0c2b-45e6-9f63-26ee4a54f86e,9089,ID Card,7088069,2031-01-15,True
cf8aea73-0f98-42be-ad21-3b406c07fa82,9090,ID Card,5432599,2035-11-18,True
02fba20a-2e60-4ef6-bbc1-f2429fc45f2a,9091,ID Card,2986907,2029-10-08,True
055f8f49-9ef8-444c-837d-605d74334a70,9092,ID Card,1479078,2032-06-24,True
18515ff9-20b1-4885-abc1-40cb14dc81ec,9093,ID Card,9376059,2030-06-25,True
975cf2a9-c817-43e1-80ea-b085a979b977,9094,ID Card,7413145,2028-07-16,True
47917c84-78aa-49bb-bc32-e85845246c85,9095,Passport,2088824,2028-06-25,True
ace213f1-645e-4ecd-9438-3302843e54e5,9096,Passport,7763974,2031-09-29,True
d3ffba81-db02-4876-99df-b8314d157e83,9097,Health Card,8742539,2027-04-10,True
5d0a3947-86d9-4d8c-93d2-3f0465c98c83,9098,Passport,4580189,2032-09-16,True
06cd86f5-0bac-49bb-9985-c7e108549ff5,9099,ID Card,5502727,2030-02-10,True
630d975e-d18c-419c-a9dc-dbfef48dc7d1,9100,ID Card,2723282,2033-11-30,True
d7d76abc-cc23-49cd-a389-a9ce227b4de9,9101,ID Card,4180661,2027-03-08,True
946e8db5-7c83-4309-b954-2020cdf88b61,9102,ID Card,2089080,2034-05-20,True
1a2a0afa-1c4e-43fd-be21-3ae0791f76ac,9103,ID Card,8881734,2033-09-14,True
43f84e39-b888-4f33-87e8-1480625152c1,9104,ID Card,7317922,2032-12-19,True
6eb32e01-e5ac-442f-9216-2a6de97f1475,9105,Passport,8244032,2029-08-26,True
421155dc-dc11-4324-926b-ddd85b72a3be,9106,Passport,7526379,2033-01-08,True
869b042a-4117-4a64-acd1-c956258dfd68,9107,Passport,6394372,2027-12-09,True
1fc62d05-5141-4b70-aecf-3fecbd24a9d0,9108,Passport,1828979,2027-02-04,True
41874fba-648b-40ab-971d-a0cbfcb23c18,9109,ID Card,2353032,2035-11-08,True
2e78b883-231a-4cd8-ac54-6b7d778bb823,9110,Health Card,8550008,2028-01-17,True
6cea43c4-7638-49ec-8055-a8c6aaa36df2,9111,ID Card,9054150,2033-10-30,True
f8ded300-3b16-4b28-99dc-6903cbb11d35,9112,ID Card,1096220,2031-05-14,True
65d96f27-e1c7-41af-9aa7-a78537a61c74,9113,Passport,1470928,2030-10-13,True
46b6a3d4-5f7d-4d00-adad-c1b7df0cefa3,9114,Health Card,2561015,2028-01-02,True
ee563c72-9f23-4741-a541-60053c1d3bb8,9115,ID Card,3137167,2030-01-27,True
c29ed47d-7231-4439-8d58-f7cdbf7d64cb,9116,Passport,7555708,2032-04-11,True
31848649-540e-4d39-b4bd-14b54fc97127,9117,Health Card,8970899,2029-08-21,True
b3353cbb-bdec-41d1-911f-a86fc20bc778,9118,ID Card,9884897,2034-11-29,True
a80e8645-9357-4073-a6af-0ec98905fe2c,9119,Health Card,3887546,2030-04-29,True
7781786e-8677-4d06-8637-0729f8567daa,9120,Health Card,6069768,2034-07-22,True
fb5af50d-5ad3-4681-8d43-c0a1b60aa96d,9121,Passport,7053461,2029-07-19,True
11927d01-f9bb-4606-8dcc-11b0e827e490,9122,ID Card,3336822,2031-07-28,True
4a17759b-d890-44cf-961b-0a6b49cb24a2,9123,Health Card,8136281,2032-06-20,True
aedfc1e0-a4dc-4b9e-a137-d8f068644596,9124,Health Card,1086808,2029-10-30,True
f0f91ef8-dc7a-42e6-ab8f-ad6c1a689a7f,9125,ID Card,8893514,2027-07-24,True
6cc5e92b-067f-49d8-9aaa-ae5434b2c189,9126,Health Card,4543987,2028-11-11,True
75c35364-f5de-4a3d-80a0-2d11df725386,9127,Health Card,6043070,2033-09-03,True
e72bda04-c7bc-456e-be2d-94fd31885807,9128,Health Card,3676058,2033-04-22,True
45fd42af-08b4-4cb9-a2a3-5355a7ecf538,9129,Passport,3362735,2030-07-20,True
d28256f0-997e-4e50-9fed-3efa3d9a39be,9130,Passport,4136886,2030-02-19,True
8078c733-f135-442d-86e1-1282d594cb23,9131,Passport,9163308,2032-01-08,True
aafcad6e-d21a-4b94-916a-af5c40bfb672,9132,Passport,9688515,2030-08-28,True
bd6a3ee5-54b5-45dd-8b68-f5e571ed37db,9133,ID Card,6324855,2027-05-19,True
44aa70a5-ea6f-443e-ad57-a2e320b48494,9134,Health Card,6849067,2032-10-26,True
2fbd8f82-1de0-4dfb-811b-c332d8f98a68,9135,Health Card,5382214,2027-02-03,True
32235a23-5c39-4e39-888d-b07e7e366acd,9136,Health Card,6173594,2033-09-15,True
4e623141-5adc-4dcf-ad08-f31481f91dad,9137,Passport,6087087,2027-08-21,True
cb690b47-cdae-4974-bda1-737f4291a491,9138,Passport,3812670,2035-09-29,True
86e227c5-4562-4a63-9c5b-378742510275,9139,ID Card,4691834,2036-01-16,True
020e1d5f-63fc-454f-b530-f9957c6bd8d3,9140,Health Card,2975218,2030-01-29,True
891305c8-7df9-4305-93b1-23208fd316c9,9141,ID Card,3149388,2027-06-04,True
8e4265c9-f46c-4f3e-93bd-d81ba8cddbc6,9142,Health Card,3486403,2030-02-26,True
cefcfd54-bf5c-4e13-9616-156fb8982733,9143,ID Card,3154578,2027-03-10,True
54e72c6d-c9d8-49a1-b1fb-278577b2c00e,9144,Passport,8698808,2034-06-19,True
916dc32a-345c-4fdb-b239-ca5457c122b8,9145,Health Card,1264388,2032-09-04,True
76864dd0-b6d3-4361-8306-e8ee622af154,9146,ID Card,7058118,2031-02-05,True
41cc66be-c3ad-4f30-a6b8-d447cb4bf047,9147,Passport,4924864,2034-10-05,True
2d5a5b35-b147-41c2-86dd-95440cddb8de,9148,Health Card,2988805,2031-10-25,True
0532df33-9f1f-4983-a1f7-f42335fad8aa,9149,Passport,1981444,2029-12-02,True
e452e295-8868-4007-a7a0-70c9e958e0f1,9150,Health Card,4021825,2028-09-20,True
219f0ed3-f18e-4d61-91f5-1545a4c96a8b,9151,Passport,6912454,2034-02-25,True
91c911bb-fca2-47ec-a99d-f98833959523,9152,Health Card,6838161,2028-12-21,True
ba738469-ea43-4cb1-aa7c-054d412d69bc,9153,Health Card,8934334,2031-05-08,True
52acb950-5696-4533-a80b-83e4c059f703,9154,Health Card,4229984,2033-06-03,True
2f25b69c-cd4c-4c30-988b-4a05a0fc8238,9155,Passport,9444090,2030-01-27,True
b43ae96b-aef2-48d7-b932-993bdbf11a16,9156,Passport,2260741,2027-05-02,True
0b7db17a-4976-4292-b7a6-53da3b92414b,9157,Health Card,2258944,2033-04-19,True
ee87367c-1ed8-4bcf-afaa-9f4184f8541e,9158,ID Card,7469226,2035-01-29,True
b1411b21-82e6-4186-9ab7-a20f4b63a2b0,9159,Passport,1461999,2035-01-28,True
197c7921-52fd-41f2-ae68-8bf089f912c3,9160,Passport,6621307,2033-12-29,True
ce314c4c-ec95-4423-ac7a-e097b8d63bf2,9161,ID Card,3486394,2030-06-08,True
a225242a-2a61-422d-81e7-983c7ad6eda6,9162,Passport,3202203,2033-01-03,True
26a54838-3bcf-4254-a0ea-7c5c2748d356,9163,Passport,4143272,2034-11-06,True
39b4aeee-f557-4b56-87a5-f96f250a2ab9,9164,Health Card,3204917,2030-12-02,True
4c7c499e-37c0-40cc-be11-1091873d0f08,9165,Health Card,4416490,2030-05-19,True
c5940242-6a10-4796-9256-c053dec47f4d,9166,Passport,8698845,2029-07-04,True
5678c362-f2f1-4f07-be29-11eff98dd581,9167,Health Card,4967251,2034-07-31,True
571a646a-72ab-42ef-9b2f-1177bfa323ef,9168,Passport,8442685,2035-07-19,True
148200ff-542c-48d1-b459-34901d9b937e,9169,ID Card,2418592,2035-02-12,True
02ec0d0a-d414-4d8a-b4c9-c4a1cb8bf54b,9170,Passport,8618748,2031-04-11,True
c3b63721-f335-4b0a-9efd-1ac6e2ef2651,9171,Health Card,1096772,2035-01-16,True
63ce84b0-c027-4ce7-acf6-cb08cc9d472c,9172,Health Card,2135561,2031-05-26,True
ac021dda-5dcd-4d05-aab5-ac1952dccc10,9173,ID Card,8625301,2030-06-27,True
624c74db-7f10-4453-8e8c-b951290a2078,9174,Health Card,7919016,2032-11-15,True
a3c0b2a6-92a3-4ce3-aa2b-182bde74d06f,9175,Passport,4505442,2029-12-18,True
1a0cf5f9-cd3b-4ae8-b424-14e483e3557b,9176,Passport,6944846,2029-08-18,True
982f281e-0662-4f46-8676-02a5850f38d5,9177,Health Card,6386178,2027-11-22,True
c8a47a5c-ec77-4a5d-9891-91bddb3995cb,9178,Health Card,5536437,2029-05-05,True
9ffdd126-412a-46c0-9001-d3cb7ff629aa,9179,Passport,7528030,2033-06-15,True
78cb2d9e-3f5b-4ac6-9142-e7f3855bbb96,9180,ID Card,5000390,2027-07-28,True
6c2cb318-29e9-4547-89a8-85fabd2c6073,9181,Health Card,9264983,2033-09-22,True
2200e914-8680-4d75-a6cc-b92832f93787,9182,Passport,3829426,2033-12-20,True
9ea0d7ad-a0cd-424b-bd47-4b2b0222f741,9183,Passport,3363068,2031-06-01,True
79bfeea8-a7d8-484d-b3e3-587a9f1fd1bd,9184,Passport,4092555,2035-02-06,True
c49288cf-2e4b-41b8-a63b-9a5d64f3eaf6,9185,Passport,4879709,2032-10-31,True
92cd28ea-6ad9-41d6-9572-1acebf2372c9,9186,Passport,1517740,2035-06-07,True
a6eb7af4-fc13-4055-bd5e-bf5dd2713f20,9187,Passport,5439414,2029-05-23,True
8202cb4b-7a27-40bd-a6f0-408cbe5ad499,9188,Passport,6756038,2029-03-31,True
6ca60412-a763-4a0b-b09d-533525e0c01a,9189,Health Card,4423307,2028-12-05,True
3d4fb57d-2393-4fb8-9e8d-3a255708d09e,9190,ID Card,8431852,2034-11-12,True
6adfc645-70a8-455f-8ab5-c5acc9c481dc,9191,Passport,6328101,2034-06-08,True
f37894ed-e791-4904-869c-0a420e72086c,9192,Passport,8844186,2031-03-09,True
486e0631-2567-4e79-aa49-19277e4c326a,9193,Health Card,9936127,2033-08-03,True
3231c1ea-5f46-4acf-bf08-010965faa538,9194,Passport,2035785,2029-08-28,True
2fb35817-7f7b-4d6a-b962-cc86df611ae7,9195,Passport,3396407,2029-03-03,True
fbd3a214-53b6-4466-b781-a03e1d4d5606,9196,Passport,5556733,2034-08-27,True
9f5cad0c-ef53-4b9b-8007-8ad97a519e62,9197,Passport,2350583,2031-03-11,True
bea43562-c989-4f91-b7f1-dd33396852b6,9198,ID Card,7362302,2032-02-29,True
d6e6c4cc-b011-4593-967c-4353d94750fb,9199,Passport,7185860,2033-04-26,True
34770a33-1afe-48bb-a726-e56baee0a70d,9200,Health Card,3921782,2036-01-08,True
b02a4fca-845a-44ba-8a57-eccf8265f510,9201,Passport,5308179,2027-05-31,True
7d6d1d36-9aec-4afb-97a9-689298b0d0f0,9202,Passport,2671271,2031-04-18,True
d47489ba-a6c3-4231-a0ca-47c48f6db024,9203,Health Card,6034958,2031-05-07,True
3b93784e-688a-40cf-91fc-8639a0a0e012,9204,Health Card,9852806,2031-08-21,True
2b1ee605-e04b-4f16-bc50-18d282803c59,9205,Health Card,7591440,2033-12-05,True
bfe362ac-8f5d-4dff-b456-55909241ad75,9206,ID Card,3532975,2027-02-04,True
2ee67497-8d41-4b14-bdcd-84d142eae562,9207,Health Card,1718789,2035-04-24,True
ad824f1e-cfb0-4872-a26f-9ab65655f117,9208,Health Card,6955876,2033-11-29,True
f30cf9ce-0e2a-4e8d-a5c4-56201f84a994,9209,Passport,9809724,2027-11-14,True
7864585d-2c74-4347-9ec2-9f9fc9e232af,9210,Health Card,2160580,2032-05-02,True
6f96045e-a086-4577-8369-8d9f8773372d,9211,ID Card,4716116,2029-07-23,True
dd68371c-0625-4e92-a31f-5795d881e880,9212,ID Card,5125838,2030-12-03,True
ad5223f8-167f-458e-a86c-6cdfb95536d5,9213,Health Card,8850223,2028-01-30,True
1f40d924-ad75-4e0b-820f-a2ff4a02c532,9214,Health Card,1369194,2031-11-25,True
91cfc04b-6ada-4720-9dd3-66f6891e31a6,9215,ID Card,4203991,2031-07-07,True
343fe9d5-cf81-49d4-bafc-4767de70785c,9216,Health Card,9144305,2034-05-18,True
7251912a-719b-4aef-991d-13f010e2480d,9217,ID Card,7443633,2036-01-16,True
28d7203b-3d92-4051-9453-3b6073f89252,9218,ID Card,8375944,2030-09-25,True
7b557420-acfc-47e4-9097-5db12c5a65fb,9219,ID Card,1795088,2034-12-05,True
9239acd8-92b2-4da6-95f4-b43c08a63007,9220,Passport,6521923,2031-05-10,True
b6cf511c-7174-46ba-b78c-e6b0ed8e8dd4,9221,Passport,4804947,2030-01-11,True
3de92d04-eccd-4931-b4e6-66d7e6b54479,9222,Health Card,8539442,2027-05-14,True
7572cb91-9561-4fa1-8025-8c241949fa84,9223,ID Card,9967094,2034-10-28,True
d674b9f8-8447-446f-abd4-41cd354904b2,9224,Passport,6900913,2029-10-05,True
56b56c86-e25a-470b-9e65-823e818288ec,9225,Health Card,2746618,2028-11-15,True
5f8819f4-aa92-420e-b002-d338d5e6b6b2,9226,ID Card,2202287,2029-10-12,True
f11bb576-c890-4c3b-87f3-bf29062b5072,9227,Passport,8497475,2032-09-18,True
11a67a03-4aa7-4cf2-8e20-6325d3629404,9228,Passport,2585566,2034-05-13,True
db48d571-0464-4ede-b977-a1b596ff2a02,9229,ID Card,1785582,2031-02-02,True
f3e0246b-b8ad-4e71-83c4-7ec2095d1a82,9230,ID Card,2065456,2033-08-22,True
7663e1cf-ae74-4a3e-a695-852b7728674d,9231,ID Card,3076331,2033-07-07,True
96841fba-4573-44b2-85e6-3bc1c1700ffa,9232,Passport,3867437,2029-11-25,True
426f0f19-0ae2-4ca4-aa8c-e5f1b3b3d1cd,9233,Passport,7978117,2033-07-03,True
061d7fb3-dabb-4fd6-bdf6-a7b22df979a6,9234,ID Card,9587208,2033-02-24,True
cf8bd5b3-207d-443a-9525-450c9984f207,9235,Health Card,4855258,2034-08-15,True
c6428f72-d245-4ae5-9e77-dff018ea89ff,9236,Passport,1951705,2034-03-08,True
b925b448-90c3-4fc1-a628-7701fbb5f2ba,9237,Health Card,4945019,2033-07-12,True
4de3929b-9cec-49c1-a8c2-929c10a7b897,9238,Passport,7762358,2029-07-11,True
6acbe88b-f062-41c9-87c1-811ef4a208d8,9239,Passport,6660090,2034-05-10,True
6905a8ce-c8bc-44fa-9a70-6896724a3b95,9240,Health Card,3583797,2028-07-12,True
223d4ac3-2526-4511-a009-3f737578dc9a,9241,Passport,5221641,2029-12-03,True
4422c8b4-c783-4184-9c6a-245d787f6e9c,9242,Health Card,7904517,2029-03-16,True
b61da738-a0da-409d-af57-8aac601e9491,9243,ID Card,3172557,2027-06-21,True
56ae12b7-e6f3-42be-8e76-ef1cb917d9c0,9244,ID Card,8002128,2033-09-05,True
72af03c2-a4e3-498f-89ab-95dadd99e59b,9245,ID Card,1734159,2032-02-02,True
c0d540bc-2d8d-4522-8daf-1fe6ab53fc33,9246,ID Card,1407952,2033-11-30,True
2882c0d2-9b89-4832-87ab-bea21786ec9f,9247,Health Card,6772274,2030-08-22,True
25561a61-c774-4c02-8940-1a6174c89cb1,9248,ID Card,4648420,2030-06-03,True
eccf11e1-b83f-4d0c-b6a6-3987c250483b,9249,Passport,5418999,2030-12-09,True
ee9ac773-275d-45c1-9564-347edc89b3f2,9250,Health Card,5853766,2034-03-26,True
ad091cb5-37f4-4a7e-acd9-f01a0a100104,9251,ID Card,6605127,2027-02-18,True
e8a4c2ce-bb1c-441b-958a-b1bc51c54cbf,9252,Passport,7428962,2031-07-23,True
df62927c-fcb2-4d02-9988-e3df04929119,9253,Passport,1666880,2032-03-17,True
262f4ffd-eab3-4542-b0a9-9d5cae742adb,9254,ID Card,5882943,2032-02-13,True
f2232d04-22e4-42bf-a2cb-321727a40b6b,9255,Health Card,1685674,2030-11-22,True
ab444d33-9322-40ee-bb08-504e4eae3eac,9256,Health Card,4280147,2030-11-24,True
9fd79aba-3dca-4890-873b-fc70a756b4c9,9257,ID Card,8394741,2032-01-27,True
73a41034-d4a8-45fc-9487-6028c1cc9b64,9258,ID Card,7813245,2032-11-17,True
a13c5bdb-9100-4e5a-8d3d-6918be58e0b8,9259,Health Card,8155333,2027-02-04,True
987a843c-a35e-4299-b19c-c9461fa30eae,9260,ID Card,4791857,2029-12-27,True
403b29f6-9f8b-4b20-9dde-21e1531cb139,9261,ID Card,8774292,2033-11-01,True
34c579f2-9f5b-4fc4-8611-1d4e34ce5daf,9262,ID Card,6492482,2035-07-05,True
7ddbae94-4a6a-42e4-a7bf-98361bc8da90,9263,Passport,3902274,2035-04-23,True
32241f23-4dd1-4b8a-9ac8-7db82e269730,9264,ID Card,5902104,2032-03-09,True
0a089358-4d9b-41d1-bb03-a62e50f35855,9265,Health Card,1284970,2035-06-12,True
3b015d34-36cc-49a0-80fb-de928f97dbe3,9266,Health Card,6680188,2035-02-02,True
7d3ca595-9b74-4b0a-a2fe-b8fd2a3b8447,9267,Passport,7527464,2028-08-01,True
bde0a750-86fc-43f3-8769-32432c6633ab,9268,Health Card,4218429,2033-04-20,True
7e563ac7-cd76-4ce4-9bcc-3d149ac2ea60,9269,Passport,8805642,2031-06-11,True
4bedc290-c9f2-4571-84f4-47fb8bd36ee9,9270,ID Card,8640865,2032-06-29,True
156ab3f4-78c0-4ff5-aceb-db475de4d8c7,9271,Health Card,1826614,2031-10-17,True
165140c0-c90c-4a85-9a14-9feefd6e4d5f,9272,Passport,6163055,2030-11-16,True
9f61be77-272c-496b-92b1-562ef783b568,9273,Passport,2804567,2034-02-16,True
45b4a1ee-715f-4181-9190-3c1850c09e93,9274,Passport,3960654,2028-05-15,True
9456c601-afc1-4a4c-97f2-7b159ad29a38,9275,Health Card,9228756,2028-12-16,True
dc92514f-0e6e-4bf7-a573-bc8d4b602585,9276,Health Card,5563526,2034-08-16,True
131efc17-dc32-49a3-b212-c92c368b7d92,9277,Passport,1013255,2027-11-24,True
0820f9f9-b8e3-4630-8c0e-626384294941,9278,Passport,4224178,2031-02-25,True
02f0451b-0304-4afe-bace-4ac092bbb484,9279,ID Card,9200336,2034-10-13,True
432e64d3-09bf-4cc7-a549-4fd514393a87,9280,Health Card,1528641,2035-06-18,True
3ca7ec63-618f-487b-a06c-0a537c596385,9281,ID Card,6876206,2029-12-27,True
b8ae4e8e-4220-42f5-8e0a-2757db40d2c4,9282,Health Card,9734245,2032-03-25,True
65de39d7-5d84-4967-9a2c-dabcba96702b,9283,ID Card,7132393,2034-06-14,True
d02ea943-5a1c-4053-9962-ca6316b8da86,9284,ID Card,2595922,2030-01-29,True
b30f52a0-4a16-4cc9-b4ff-5c20bab1e0b7,9285,Health Card,1098559,2029-07-30,True
5729d5da-b8f2-426c-8e26-877a6055b118,9286,Passport,8905867,2030-12-14,True
11bf71c7-84d0-4f63-8195-14cb24471307,9287,Passport,9499761,2031-04-03,True
c9025810-497d-453a-9cf0-06fddef0ecf5,9288,Health Card,7972196,2030-02-07,True
af8d9094-e3f3-43d0-8874-93c2185088fa,9289,Passport,8361538,2034-08-11,True
ccfe6b7d-2317-4c96-8a24-f006636547c9,9290,Health Card,7434321,2035-05-31,True
24f45561-a00a-477d-a343-df85d0e2e0a5,9291,Health Card,4138527,2030-06-13,True
e539ab78-2588-4899-b782-2b05e26dc861,9292,Passport,5278431,2035-05-24,True
a325d5d8-bd75-4748-892f-9c8687b82e6d,9293,ID Card,3064823,2035-07-04,True
0b0a6c6d-2ae7-49a4-bfb9-1dc99ae9ed09,9294,Passport,2923029,2027-11-10,True
4c1601e8-5e9d-4692-b423-23ddd2d12c15,9295,Health Card,9798189,2029-07-07,True
a975d715-ad32-4a48-9322-767c859af067,9296,ID Card,2708982,2027-03-10,True
1669dc10-aecf-49fa-88a9-fe21f1c8a6b7,9297,Health Card,7593364,2028-03-06,True
c3442cb0-0d7c-438b-a605-61290ac48fbf,9298,Passport,4824746,2034-09-01,True
b1e23654-21f8-448a-938b-86325bd7bd86,9299,ID Card,3321846,2029-02-25,True
4119604a-ae6a-4c55-9819-eab55d8caae5,9300,Health Card,2710322,2032-03-15,True
cefe816b-e112-413e-99eb-8d63d865597f,9301,ID Card,3836924,2028-02-10,True
630e6306-5299-4c5d-b87f-037102a39db8,9302,Passport,8414006,2028-05-26,True
cfa5adc4-14d8-4c7f-adda-9b8b75dff234,9303,Health Card,8981376,2035-03-06,True
617ca840-7840-4717-80de-5d3bad744b82,9304,Passport,3257736,2028-11-30,True
0a1afbc4-d5c7-4390-9a23-8d111be308f9,9305,ID Card,3262581,2034-12-28,True
f7921470-a42f-4ff4-83f1-20ebf3ea752d,9306,ID Card,6306841,2032-05-13,True
660dd695-b385-4148-851b-2ebeb1f9cede,9307,ID Card,4563060,2034-05-02,True
107446d1-ce10-46fb-892d-87c693fb734e,9308,Passport,8509131,2027-05-17,True
5df2feec-d89f-44a5-b39c-e0a06b1d97c1,9309,Health Card,8829979,2027-08-16,True
9dc0955d-4ad9-4ac1-abac-f8335e3a976c,9310,Passport,7534037,2031-06-19,True
1dec762a-eb4e-46a7-911b-cad2d613058c,9311,Health Card,3091048,2029-12-13,True
31cd4afe-f570-435d-9455-dd0180a2478f,9312,ID Card,7099881,2031-11-14,True
ec45bcca-0e34-4ff2-b0ad-c5a5265e9274,9313,ID Card,8613315,2035-09-14,True
27122517-70b6-4e2c-936c-04d1242ae7cf,9314,Passport,9958206,2029-07-14,True
b6bd74e3-c6cc-4cd4-b925-dd823b157594,9315,ID Card,4424861,2029-10-05,True
3683f61c-198a-4f84-83bd-cf955b31105d,9316,Health Card,3443031,2028-03-11,True
eea8759b-3fb2-46d4-bf99-d96fdc1e9130,9317,Health Card,1112447,2028-02-12,True
1e160c87-9db9-4900-821e-bf1d30d59a33,9318,ID Card,5612436,2028-08-29,True
ff1d5d25-9c48-45c1-b340-2412009624a8,9319,Passport,2554079,2034-05-01,True
72f1aba1-ad4a-47e9-9844-548aaeae57a6,9320,Passport,9610772,2033-02-16,True
889235d6-6bee-43c9-8969-a8864237f724,9321,ID Card,5422406,2034-08-15,True
7bb1eb65-559a-4937-aa86-28f92ce4691e,9322,Health Card,3874533,2028-05-17,True
91ba849b-a9cd-413e-b61d-2605e39b2481,9323,Passport,8236648,2027-02-21,True
b17c82e8-a943-474d-9ed8-99ed35f0ada1,9324,Health Card,1503213,2027-05-20,True
28d74e27-4a2e-47d9-aac7-d871c88d12f6,9325,ID Card,3520290,2033-08-06,True
837d8e2c-f95b-4073-ac27-bac6aa4d4c3c,9326,ID Card,9897686,2035-10-27,True
5f5b4249-dc67-4a5f-b90a-759b32569280,9327,ID Card,5807145,2032-04-24,True
207b55ec-0c74-4e5b-9e25-4efad8342a75,9328,Health Card,3333869,2032-08-26,True
c9aab576-3ea9-4e77-b997-1a986e3de2f7,9329,Health Card,7209455,2030-12-17,True
202ea97d-26ef-4a71-84ce-de6d18bc2ffc,9330,Health Card,8427951,2029-12-11,True
f3843007-9c56-47f2-acd5-c5b979400cda,9331,ID Card,1260169,2032-12-12,True
3d2f4ad2-5a0f-4b1f-a1f7-cb93b075c03b,9332,ID Card,8471513,2033-01-19,True
042ec9e5-1c80-4d34-92a7-35cef9705d0b,9333,ID Card,1332131,2035-07-24,True
a5664a50-4245-42ef-9b02-d1fd1f1743af,9334,Health Card,8210284,2030-07-09,True
df8f6eeb-a80e-47e1-959b-d13a77728b12,9335,Health Card,4822862,2034-04-27,True
22f295ca-5be8-464c-a175-3cc92de80a62,9336,Health Card,6506677,2030-07-21,True
e7867bf1-4126-4a00-8720-b08d62d2799f,9337,ID Card,4430551,2030-03-09,True
de170387-ca34-4ca9-af96-c7f557e9ecd6,9338,Health Card,1267926,2031-05-16,True
ab8e626f-598e-4d1e-927f-0483f65bd03c,9339,ID Card,8491354,2034-11-12,True
ea48cd51-863a-40ec-8474-6ea1ff32b45d,9340,ID Card,3768984,2033-09-27,True
de5e4f0e-abff-4829-907b-2b2c474bbaba,9341,Passport,8958661,2032-03-24,True
90640014-1e1b-42b9-8279-7d4f77ea63df,9342,Health Card,3351349,2030-05-04,True
b9a28f80-5850-42b6-b2cb-9944759b565e,9343,Health Card,4235725,2031-01-26,True
15f72fcb-9565-46a0-a6f2-cf6baad712db,9344,ID Card,9076267,2031-09-01,True
759c5541-a016-47c9-92b4-4ab81d5d19b0,9345,ID Card,1016488,2032-05-01,True
560560fb-f291-4608-9338-714706e26581,9346,Passport,1402800,2031-01-23,True
0798b65f-e645-44ec-b23a-53a193c24f58,9347,Health Card,6487728,2030-09-13,True
4e64e588-0c3e-48cf-b9fd-92b925f0db25,9348,Passport,5280401,2034-09-16,True
34334d9f-cb2b-497d-aa9b-323ecf360fc5,9349,Health Card,7667158,2028-10-26,True
04bc5cc4-0666-4c39-9452-9a50da6f0d66,9350,Health Card,9364039,2033-10-13,True
4fa77e95-0428-46ae-a829-463f4b4bb76f,9351,ID Card,4245852,2032-12-18,True
3279e627-a66a-47b7-8fa7-c2639185fa80,9352,Health Card,3516979,2033-11-02,True
0b36c743-4ee0-4d56-927f-529ad794ea94,9353,ID Card,9807274,2031-05-18,True
91b3d0ea-55e9-4fa8-8e63-96fbd6065eda,9354,Passport,9784258,2030-04-30,True
922ee8ad-c1cd-4a53-ba94-6e320679756b,9355,Passport,2491893,2035-01-22,True
307e2131-aae3-4a39-bb11-0181212ac291,9356,Health Card,8218116,2027-06-07,True
35f05964-0a2e-45db-9c07-5a50a49e7e64,9357,Passport,8889568,2029-11-09,True
b6465b75-04fd-444d-8fea-590396200207,9358,Passport,9212359,2027-08-20,True
1b14c2d2-f309-4c90-a8f7-72d882f3d69d,9359,ID Card,7882977,2031-07-12,True
888027c7-8104-43b1-ac0c-579bfaaeebbb,9360,Health Card,6229744,2034-04-02,True
de85e3f4-f91e-4804-b417-58248c494527,9361,ID Card,7641507,2032-09-28,True
ed84b974-4d9c-4f39-a069-33a3ee16997b,9362,ID Card,5103723,2034-09-22,True
15df5004-b956-42f3-b7d2-24c1845148f9,9363,Health Card,4975235,2027-10-30,True
7ddca02c-e4da-4b79-9af4-900667c02727,9364,Health Card,6899526,2029-11-24,True
3145ce3c-11ee-4dfb-8bb8-38b6c9ad0bd8,9365,ID Card,4267401,2033-09-15,True
e6c944f3-95ec-4466-a9da-2a593e82bd3f,9366,Health Card,8357310,2034-12-08,True
9a7852ab-238e-4e67-a47f-65df75faba71,9367,Passport,2318153,2035-09-01,True
93c2c0eb-7890-4f4d-842d-b07d43e7a05d,9368,ID Card,5433404,2032-11-22,True
96fe906b-9d17-4e09-acd3-e58163ebfa53,9369,ID Card,5143770,2031-02-04,True
2d00bc84-20fe-421d-80ab-721b341328fc,9370,Passport,3050663,2028-05-09,True
78e34608-c058-4c0f-8f9e-53650f933d5a,9371,Health Card,2432939,2028-10-06,True
7cc63ca1-bd87-43e8-8674-724390c5a0a5,9372,Passport,7801775,2033-07-08,True
2b88757b-b183-4d5f-b7dc-2994700e61f2,9373,Health Card,7238917,2027-02-13,True
2a87ca1e-b1a3-462e-a0a2-f36782d382ad,9374,Passport,8160393,2031-01-23,True
157a91ed-b956-4320-a8f0-31bd4ee2cfc9,9375,Passport,1196997,2035-12-11,True
cafb9d20-c850-4cdc-8a57-87edb49f5f59,9376,ID Card,1682434,2035-07-22,True
d3ce42bb-1e30-4c65-8647-9cc2ae4c2a3f,9377,ID Card,4769041,2032-07-06,True
717cadd1-a884-45ce-b8d3-df16e55a17f5,9378,Passport,1477054,2032-01-09,True
513f4dda-e2d8-4070-bf84-71c0459d25f5,9379,Health Card,5626290,2035-08-06,True
8c3a7824-d499-4653-a530-aac1442da351,9380,ID Card,2658298,2033-01-28,True
66330643-ca4f-42be-a72e-2748131f448e,9381,Health Card,8447586,2032-11-19,True
e9d02d38-38b3-4f57-8528-5c4fca6aca66,9382,Passport,8214269,2031-12-14,True
82da6f2c-8c62-4b1a-914a-002320cbc6e0,9383,ID Card,1952036,2027-11-07,True
0caa1fab-ea94-4467-bc8d-99738bdd3dd9,9384,Health Card,7716640,2031-11-06,True
92a62e09-6259-4b00-a1a2-4e40c91998bf,9385,Passport,2820037,2027-03-20,True
d72600b2-7058-46b9-8b7e-c9bf3aa6d4f2,9386,Passport,2068096,2032-10-24,True
f7afdedc-151b-4862-ad76-84c5fb9dad0e,9387,ID Card,4448059,2034-10-28,True
b5a2cde5-24b1-4f6c-8a77-849303d0c284,9388,ID Card,8328202,2030-07-09,True
ed7fd09c-c9eb-4b83-9cfc-f2caf4722798,9389,ID Card,1853268,2029-01-25,True
854caaa6-b602-4448-bff3-3a28b1094ee1,9390,ID Card,9615165,2029-11-27,True
d64f9b88-3062-45c9-8035-06ba86fea815,9391,ID Card,7314220,2032-02-29,True
fa7381bb-758d-4b74-acc9-65402a2e1c63,9392,Passport,1096070,2035-11-01,True
0ead89e2-80af-446d-ab71-6a19270cfaa6,9393,Passport,8056980,2029-06-28,True
6e8ee151-91df-44a8-b3b7-9188d3feef86,9394,Health Card,5118499,2033-11-21,True
c7ea39f5-ba3d-413a-9d55-de00e496b7a8,9395,Health Card,7263089,2031-07-17,True
50229e3c-a21e-43e1-afae-782581a5c4ff,9396,Health Card,1291857,2032-04-05,True
018fed38-917b-423c-a040-cddd23fd14c7,9397,ID Card,6944109,2030-09-20,True
dd365b41-b809-446f-93a4-58f87c1d3784,9398,Passport,1443940,2034-04-27,True
7b063f44-c504-4d69-b0c3-f4a9e54f35e8,9399,Health Card,2408424,2028-10-17,True
cb2353d7-35be-41a5-997f-a80bf035d943,9400,ID Card,7935708,2029-11-18,True
38db86ce-c97e-441c-bde1-a1c855859343,9401,Health Card,3287379,2034-02-22,True
e996cd3b-5b69-4fff-9950-d881e84c8298,9402,Health Card,6123042,2028-12-11,True
2624dd34-2f35-4284-bc54-a6e68545ae40,9403,Health Card,1168484,2034-09-25,True
0ec9c28c-d8df-4cb8-b9c0-60111e4ca85f,9404,ID Card,7522102,2029-05-11,True
9be907dc-aa48-41e0-a0ef-046c2f0fbc36,9405,Health Card,3202304,2031-01-14,True
cb8267cd-9d3d-428b-80fe-052f5201843d,9406,Passport,2615575,2031-09-22,True
cac8a976-89fa-4383-8f6f-705a8bb9f079,9407,Passport,8211987,2028-07-31,True
4783ba33-35fd-46d2-85b4-937b43509a9d,9408,Health Card,5233124,2034-04-08,True
8319feca-1e6e-4c2d-94f7-afb63c1a14fc,9409,ID Card,7422047,2032-05-15,True
fcb4058f-635d-4a82-975a-1f2d23038da0,9410,Health Card,3050732,2031-11-14,True
9fb985c8-9f0c-4c65-ab18-09ecccb1b1d1,9411,Health Card,8666697,2030-07-21,True
41d3b06b-458a-4b77-b7ac-41ee14a88748,9412,Health Card,2547996,2035-02-17,True
6b509c13-3e94-419a-9e58-9989682a1bb1,9413,ID Card,6276464,2027-11-19,True
add694fc-aa18-4b64-b521-6fbdaa180f0a,9414,Health Card,5528298,2028-08-12,True
42dd389e-10a0-4a62-a763-df67be1de97b,9415,Health Card,1988315,2031-02-27,True
eccc9f77-a10e-4594-b720-49812f2d7e21,9416,Health Card,3506797,2033-04-09,True
91cc6b28-20d7-46bb-960a-5af66a8e8d9a,9417,ID Card,5852298,2034-02-05,True
41e9ee81-35a6-49a8-90cb-ecda93cb11aa,9418,ID Card,4810825,2030-09-26,True
7473f67b-d5ae-484b-b386-58cd7b9a91cb,9419,Health Card,5230934,2028-08-01,True
8c3af921-3bf2-4b48-8d22-41ad6c3a84f3,9420,Passport,4053993,2035-07-26,True
b7230a98-12ff-4d93-a700-3efbf8f04ec5,9421,ID Card,6914115,2029-06-08,True
b2f41a68-c289-4ed5-bdce-3d8fefe70bf4,9422,ID Card,1537640,2035-06-29,True
1226debc-07a6-4ad4-90c3-227819ce1d62,9423,Health Card,6405788,2028-01-02,True
16e0bc0d-eb51-406e-b834-b9c4261fb1ef,9424,ID Card,8616405,2028-10-03,True
2a1dac2b-2c8c-4fae-8462-813c920eca1b,9425,ID Card,4624213,2027-07-04,True
204331e6-8f2c-42b3-89fa-a21defe26d36,9426,Passport,2660511,2032-04-24,True
8432ad66-9d6f-4cea-b39a-47b0b2223817,9427,ID Card,6529952,2032-12-10,True
fe586e37-9309-4fe0-a551-e1116238f946,9428,Health Card,9352325,2030-05-15,True
d1e1e78e-d96e-4dd0-aeb1-4c669cfcecef,9429,Passport,7538898,2034-12-31,True
48b2ae4d-58e2-4056-b409-ab16c1300a04,9430,Health Card,4803024,2030-05-16,True
495512fc-6797-4d4d-a679-dc7f21662ea3,9431,ID Card,5193045,2028-09-19,True
d9b2b0eb-158a-4bca-a828-cf7730f8c4ad,9432,Health Card,9260254,2027-10-29,True
d9dbf6f2-96e5-43f6-85f0-68295d31448a,9433,Passport,4495302,2027-07-23,True
849ea67d-ab02-4956-85e8-5eb475800dec,9434,Health Card,2364397,2028-10-26,True
965288a9-1171-4675-84b8-d19cbc147704,9435,Passport,8594717,2030-11-03,True
8e265655-510a-4758-9539-a682caa7d677,9436,ID Card,3880009,2032-03-23,True
add349f8-5e87-4b80-bea0-ae34132a0854,9437,Health Card,6383249,2029-11-08,True
04ef7070-5235-44ae-8c74-0fe7de908227,9438,Passport,2371152,2034-10-27,True
142f55ed-5b04-4e8e-a5fa-4128cb7e23a3,9439,Health Card,2036666,2032-05-12,True
ff9f466c-7ea9-41d4-8cd5-4dc961dd270d,9440,ID Card,7289193,2035-03-23,True
8440b1d2-f12e-4475-89e5-f908101f7eed,9441,Passport,7416814,2031-06-23,True
40c7d6f1-f758-498a-bcad-552fd42fc1fc,9442,ID Card,5548366,2031-05-10,True
bd712209-1912-4cab-9b1b-974548f1e489,9443,Passport,7292100,2028-12-13,True
3b26a291-831d-483f-936b-3c5e21641351,9444,Passport,6688789,2034-11-19,True
10155bea-25bd-4032-8a68-13d4897d02fc,9445,ID Card,6077324,2033-05-23,True
f1fdea7e-5ee4-4a74-87b4-d7091d3b2ebd,9446,Passport,1274745,2028-04-19,True
8cfbe040-1d62-42d0-a3cc-ccda1ec31d1e,9447,ID Card,6178761,2030-09-26,True
deb1f3aa-9176-47d7-bf04-a122946b8df7,9448,Health Card,4395387,2031-10-09,True
b45ccb66-bfda-4ab5-b7e9-3eb740ca3cf4,9449,Health Card,8862470,2031-04-03,True
a33ca22a-f435-49e6-9d91-46be739eafab,9450,Passport,3710560,2030-05-24,True
ba0fb15e-fd47-4ae5-aa96-8029aaabd838,9451,Passport,8011258,2035-09-17,True
31c5919c-a5ea-41c2-bb72-e8ef5c5066e6,9452,ID Card,7062684,2031-09-15,True
bc52d31e-7e63-4be3-8818-b9844eec5274,9453,ID Card,6987250,2033-10-22,True
2fc01d6b-3990-4657-a20a-561dd3975d86,9454,Health Card,1591759,2029-01-04,True
6773007d-136f-4875-ba22-3be1e43a6982,9455,Passport,8123755,2029-03-05,True
9ec674d0-2072-4d27-bf64-d097f62d1dae,9456,Passport,4796984,2030-12-02,True
6e7d82e1-c420-43f7-8c8d-d13171306b86,9457,Passport,6271786,2034-07-11,True
9d218cb9-637b-4a14-8bdd-6543cddde9d9,9458,Health Card,7770609,2031-04-27,True
64e26de0-9bfc-443c-944f-2709b915a310,9459,Health Card,2777643,2027-12-02,True
382b8f74-0c69-49bb-a84c-584d3e58f13e,9460,ID Card,6875912,2031-04-23,True
99d36b0b-6505-439d-9dc9-923f3ebb9164,9461,Passport,8939590,2028-02-14,True
29ab8b6a-9516-4103-a7cf-74f3d8946736,9462,Passport,9398325,2031-07-07,True
bf861cbb-f1e8-42cf-81c7-ba92f4b7cf82,9463,Passport,3298480,2035-01-12,True
65ca41c0-517b-4fe5-ac9c-8f60426c908f,9464,Health Card,3099157,2035-06-07,True
17979d3c-0ab7-4c92-915e-f680661f0484,9465,ID Card,7106999,2032-07-09,True
7a237cdb-5236-4423-84ee-b445926f2e97,9466,Health Card,2271135,2029-02-16,True
8c681a8d-d394-4ba1-af42-92debdce1083,9467,Health Card,5110231,2031-06-19,True
cb07bb20-66a0-47c0-b5b0-b83396b47397,9468,ID Card,9182256,2035-11-10,True
6bdf2aa9-9c79-48ad-8931-e364578ae02d,9469,Passport,6879875,2030-01-03,True
d4911f32-738d-401b-83af-c76db1db86b0,9470,ID Card,9500152,2035-03-31,True
f607c032-4958-4a5c-afff-c42d082b423e,9471,Passport,6844469,2027-02-09,True
dc4eeb6c-899d-4d85-ad10-87d5947d74d3,9472,Health Card,6903991,2031-03-18,True
acdcddf1-a2a7-4266-8544-b9af8ca5ae0d,9473,Passport,1493294,2035-11-15,True
389ea346-94eb-49b0-9247-8f2d219e3699,9474,Health Card,2192018,2032-02-11,True
99f997cb-8e97-4eba-a1ad-7441be2b11b3,9475,Passport,1280061,2028-06-14,True
65c78b89-cc9b-4ffe-849b-ae08469f2fe1,9476,ID Card,4863227,2034-08-05,True
afeb87c6-6503-4dfe-85bc-9a1790b646e1,9477,Health Card,3048048,2033-02-15,True
86481c72-2261-431c-8106-01e9811d7908,9478,Passport,3872147,2032-05-30,True
12a3bca5-9d18-447d-8bd3-d2d8a732ccca,9479,ID Card,3256721,2031-07-12,True
01f9831c-5e0d-434c-bd60-add864148651,9480,Health Card,3977748,2028-04-08,True
3b10a3bf-4d43-4938-b67c-e80605db71f8,9481,Passport,4001536,2030-07-30,True
348e8084-d165-4366-88e6-43ea6272866b,9482,ID Card,3002875,2030-12-22,True
40626170-b150-4182-8beb-d00267b27bae,9483,ID Card,4061943,2030-11-03,True
9257f998-7f06-4ab2-9906-05923a1fe44c,9484,Health Card,5006957,2033-05-16,True
84215436-481b-4c13-9c91-eb26ec915694,9485,Passport,6235836,2034-12-28,True
f16823d5-89e0-4e37-a526-d36eb02d62f7,9486,Health Card,1521785,2031-04-10,True
eac70e8b-e310-4d8c-a490-a2416ff529cf,9487,Health Card,1009352,2027-11-21,True
aaab4a8c-a7d3-4152-a95b-b763158588bf,9488,Passport,6452418,2035-11-03,True
28ee3144-f637-46fd-a443-3358b6716905,9489,Passport,9086055,2029-07-17,True
aa501748-d674-44eb-821d-aebf1aa6c9f6,9490,Passport,9827581,2032-03-30,True
6d8d9f1e-3271-4b1a-9d68-660a0c29729a,9491,ID Card,8801744,2028-07-10,True
f78a1707-850c-4b2d-9c35-350f412672cd,9492,Passport,9790786,2027-11-25,True
2d8b5cf0-c835-4f3f-a1ad-7d93278d738d,9493,ID Card,2071102,2032-03-11,True
50d89b35-b18e-4fa8-9687-6b06e970610f,9494,Health Card,1050167,2030-12-23,True
602742ce-a9e5-4f6b-88e6-b4959bcc9bd2,9495,Passport,5335122,2029-01-13,True
a46e589e-a086-4489-89c1-9699b743f3ae,9496,Passport,9008902,2033-12-13,True
4122a93e-b5e8-414f-8176-21f556f37c45,9497,ID Card,9352891,2032-06-16,True
93acd4f6-9f79-480f-96c6-5ce53750ca9e,9498,Health Card,4421999,2031-01-12,True
46852564-fb87-4774-94f5-5a0573f622a4,9499,ID Card,4332444,2035-07-22,True
6ddfe1eb-05ee-4519-b819-77b4077abf16,9500,ID Card,9412615,2027-05-09,True
858f2b60-be10-44c6-aefc-793ca7cb89bc,9501,ID Card,2884607,2034-10-27,True
42bf6ce3-726f-4857-8268-52c9466be965,9502,Passport,8424159,2027-04-30,True
afb37ede-f2d0-45b0-b69d-f28f37b74d33,9503,ID Card,4014635,2035-11-15,True
7751b32a-8a7a-4ac5-81d1-469ba94c4e6e,9504,ID Card,3177183,2036-01-10,True
70341ee7-b50c-4a68-b400-91c3189a2e86,9505,ID Card,6993965,2029-11-03,True
e2c2ed33-e89e-4c04-b317-e3aa5d84b3bd,9506,Health Card,1940177,2029-06-10,True
49cc5685-307e-4325-8ad8-5b04358cb433,9507,Health Card,9518032,2035-10-27,True
ffa5f73d-2045-4a7c-b8f8-6a559ffd1916,9508,Passport,3828578,2033-05-09,True
378f112c-689c-4606-80a3-8371e0a9407e,9509,ID Card,3813883,2032-11-09,True
c7879ac7-1726-40e6-855f-0e3d70df4eea,9510,Passport,1065300,2027-01-30,True
11f4a8da-9e37-4ad3-b0c1-97e8763ba480,9511,Passport,4579960,2035-04-12,True
a5719b1c-6420-4280-833e-2062ba1f8e71,9512,Passport,1960683,2033-07-03,True
459dbeb8-e37e-4d51-99e3-6bb64dbb231a,9513,ID Card,8990204,2028-05-08,True
c13afa6a-f682-48ee-96c5-cc2b6f8639dc,9514,Passport,6728039,2031-07-19,True
b7c54c92-7667-4cd4-8195-8a9f2c0d490a,9515,Passport,5893459,2029-10-29,True
846e65e7-58de-4324-8009-8499c162f0c2,9516,Passport,6003474,2033-01-12,True
80941274-a5e5-4b3c-b0a6-b0555e31f117,9517,ID Card,8407619,2028-01-30,True
e83b05a1-9860-48bc-a26b-36badd50a13c,9518,ID Card,6330623,2029-01-07,True
aaf6bc18-179b-4218-a735-c565a337d4dd,9519,ID Card,7227509,2033-01-02,True
1b7dfeb8-ab86-45a6-941c-cae09b6f038c,9520,Health Card,6945417,2031-08-11,True
aa3b3d1e-299e-4ded-bdca-014cf8491fcd,9521,Health Card,6573587,2028-01-16,True
1d21fbd3-2f72-4778-84dc-968d52a2b76a,9522,Health Card,4466839,2029-11-01,True
6132afd2-e4dc-4798-85c0-f3731dce287c,9523,ID Card,4193815,2033-10-03,True
2a0856f2-8016-44d3-92b7-9be167b0f21d,9524,Passport,8422313,2031-05-06,True
9c146ef2-feef-44b2-955d-b1ca35ff7e94,9525,Health Card,4614904,2033-05-15,True
7fabc967-d503-47d3-87e1-fd54b7b68976,9526,ID Card,3942337,2032-03-20,True
e92abc57-ec69-463d-b631-d17fc54766a6,9527,Passport,3108824,2029-10-22,True
83aff4ec-172b-42c2-8774-fe90473643d3,9528,ID Card,1955841,2027-04-27,True
6c795fb7-0354-48dd-8590-44768c5ab366,9529,Health Card,4936001,2030-06-05,True
e7849a37-097f-49e5-a2c3-fa5fd5a68ddd,9530,ID Card,2792911,2028-07-13,True
eddf1e71-af71-4672-9eb8-20610a779dc8,9531,Passport,5310523,2033-08-17,True
802817e6-4475-4240-87d5-d91821ad5dc3,9532,Passport,5668218,2034-04-20,True
7a1aa8c5-f862-416a-8682-529ffaa25532,9533,Health Card,2528968,2031-03-30,True
2654f89e-bdcf-4b3c-9057-33cfd0a64418,9534,Health Card,3748571,2028-04-13,True
a093428c-7506-45dc-adbe-7be5302ec165,9535,Passport,4288412,2030-11-03,True
8a60e7ec-2925-421b-9528-6c4d1e461136,9536,Passport,2061940,2030-01-17,True
039fe49d-f101-49f3-91e6-df66a5e68cb4,9537,ID Card,5881303,2027-09-13,True
8ea5e8c5-0eff-4f56-8630-1dcb89d0fd42,9538,ID Card,6291103,2036-01-02,True
f12256b7-c7f7-4450-97e3-462996268420,9539,ID Card,1544758,2032-08-23,True
f828b122-8526-4bfa-b757-6e1bed191b59,9540,Health Card,7548631,2031-11-26,True
e081c76f-f98f-4860-9559-19598d2e7553,9541,Passport,2781797,2033-02-21,True
8dd6e450-a409-435e-8b6d-621572082b3b,9542,Passport,2244531,2027-07-19,True
38e4d67e-52a4-45e0-addb-36e33d5989b8,9543,Health Card,2258070,2031-06-02,True
82c98677-5ed6-4c07-8425-57b861e1865a,9544,ID Card,5933136,2034-06-15,True
5e50e4e2-678b-4c0f-86ee-91410b1e144f,9545,ID Card,8605084,2029-10-26,True
4ce3ade6-2fce-4ee6-9861-c49c493e9ca1,9546,ID Card,2783662,2029-05-14,True
4aab2b2a-f9c2-4283-9061-fd0c667291db,9547,Passport,4633679,2033-09-01,True
e23ae9f9-84b5-4e20-b81e-db9c7faf7594,9548,ID Card,7830066,2034-10-21,True
da658975-6744-4124-9ee9-1494750ded65,9549,Passport,3355457,2027-06-29,True
d87272ff-1f38-44eb-8292-8f4f3ab856b8,9550,ID Card,6086667,2029-11-21,True
ea12c28f-3d67-48a6-b31f-199b087735b9,9551,Passport,5972547,2027-07-18,True
ee1d66ea-34a8-404b-8189-534e04f6745d,9552,ID Card,2134581,2029-07-13,True
bb87f65e-b6bb-49f8-ab68-a27caaade306,9553,Passport,2236273,2035-12-20,True
31e883c6-6a17-45ad-a9a5-3188f5708436,9554,ID Card,3322509,2027-10-15,True
1043d5bc-96b7-4eeb-9a97-216b14db5ed8,9555,Passport,9791237,2028-09-28,True
075a516d-8adf-4f67-8859-0fb7ad48c284,9556,Passport,9445782,2031-07-15,True
4243ad45-60d0-44b8-b799-4b5a0b762a64,9557,ID Card,4130499,2030-04-03,True
cbda7296-bdfd-46ea-a1c4-7d57d6fd2b52,9558,Health Card,8880882,2029-03-14,True
78aae240-ab83-423d-9d49-666a497e24c4,9559,ID Card,7243001,2029-12-12,True
01a085f1-5a51-485f-953c-8d000458a7c7,9560,Passport,7138423,2030-04-02,True
d63e21ab-c60d-42e9-897e-0dce8f14e65d,9561,ID Card,7728414,2027-06-18,True
63be1b5f-2072-46d8-84e3-5b8ecd4cd58f,9562,ID Card,3048072,2029-01-06,True
9b27caaf-c397-4eec-a4ea-f069d19d9cd9,9563,ID Card,3650306,2033-02-27,True
73bc5d5b-4b68-4f2a-924c-f56504c68c69,9564,Passport,7528572,2032-09-06,True
9f9bd21b-6416-4106-97ba-ecf161f17f21,9565,Health Card,9595458,2030-08-16,True
1cadaf0e-3e6d-44a2-a004-14fc36347970,9566,Passport,1911057,2034-08-29,True
4ee7b692-bfce-44a5-9c26-690c2e04909e,9567,Passport,9608521,2032-04-10,True
d75f61d9-ec40-486f-843c-d0b654c7667f,9568,Passport,1758778,2033-09-15,True
b6019933-48c8-4549-89cb-7a98e757abfd,9569,Health Card,6409432,2028-11-21,True
65f732b4-691f-4a71-b63c-d68557088e82,9570,Passport,2349999,2035-09-24,True
32eb68e6-9878-4280-8088-bb36802e6aa2,9571,ID Card,5922741,2030-06-02,True
8a26292f-cb74-4409-883b-003bbf1f1393,9572,ID Card,7627175,2035-07-15,True
79875af3-5b06-49e5-ad4a-65e889383936,9573,Health Card,6780676,2027-04-19,True
59d04e2e-9f4f-4a85-8b5f-b0fcf2f3affc,9574,Health Card,7572796,2035-06-07,True
b5c86878-9e2a-4a6f-9e32-1b732ff68bf8,9575,ID Card,8029675,2030-04-10,True
a22350f2-4d2f-4320-a488-d1bed7b68b7e,9576,Health Card,3361514,2031-10-05,True
fe4f27cd-d038-47f0-86d7-d3b0043a6c1d,9577,Health Card,6459396,2034-11-15,True
8f771470-e8e3-43f7-9324-bc4f1bfded9b,9578,ID Card,2851381,2032-11-09,True
aff8ad06-643d-46ef-abca-e1b118199fc3,9579,Health Card,2416452,2029-06-12,True
3b68b1c3-f722-492b-b91c-a1b64d1fa035,9580,ID Card,9750669,2034-09-18,True
6278984a-f8bf-47cd-a92e-b0cbdbe77951,9581,ID Card,1875802,2030-07-20,True
dd0993d1-0804-4d50-9f59-5c94277b1863,9582,Health Card,2767679,2034-12-01,True
4a9c1385-60ba-41b8-90b5-d0739d582069,9583,Passport,2951994,2029-02-15,True
603a31f3-8956-4c53-8c76-df428c3ce358,9584,Passport,8232761,2027-11-10,True
76ea130f-b4c9-4a5f-9987-c0de2d4d9bef,9585,Health Card,9216093,2030-07-05,True
3e6f0e03-8105-4c92-94d3-34ccb114164b,9586,Health Card,7338034,2029-06-01,True
b5b91bbf-5400-4d8d-97e1-f9c6070b65c5,9587,ID Card,2396746,2034-05-14,True
c75fd6d5-82d1-4855-8cb7-286977e596f4,9588,ID Card,8463217,2031-10-15,True
c8ec360d-a50b-42b2-a75c-64b907b9609f,9589,Health Card,9142016,2031-06-07,True
30648ea2-fc16-4df8-bc98-5293ce66b78d,9590,ID Card,2195768,2032-06-25,True
4a1e6bdc-667a-493f-bd99-73a539d355f7,9591,ID Card,9952361,2027-10-09,True
60a52a8d-2aac-4e7d-a242-e0e28116ff39,9592,Health Card,9549731,2029-01-31,True
ab4e1fbc-0b7e-469f-8b93-82ed49bbc469,9593,ID Card,9497671,2029-01-05,True
ae08fc64-3228-4871-87f8-e9eed67d4dd5,9594,Passport,1495599,2034-04-06,True
91a16ebe-3689-40c8-8164-6f6390bc8f01,9595,Health Card,9035139,2034-10-26,True
a60445b2-f14a-4939-a755-113e451b9bff,9596,Health Card,3365233,2032-05-24,True
0ac144d8-457f-49c8-baba-daac2759653d,9597,Health Card,5196928,2028-10-13,True
b7ae83ff-cafb-4d25-aedf-846ce43b5626,9598,Health Card,8271168,2032-03-16,True
d98704a4-00a1-4ce3-89b6-964d5c5e1e95,9599,ID Card,5363848,2029-03-15,True
7e482a7c-44b4-41c4-bc4b-eea0ced04ee1,9600,ID Card,9497876,2029-05-12,True
1cd0cb72-3165-4c36-a7a7-162d2a709a42,9601,Health Card,9899712,2034-07-09,True
f9f669e4-6204-4572-817f-c7205ec77990,9602,ID Card,5578309,2029-11-22,True
f0eb6ddf-9b75-4888-83eb-37a118a491db,9603,Health Card,3545150,2033-03-12,True
8fbcd973-49ae-4f78-92d2-e5119443e77f,9604,Passport,5777112,2027-11-30,True
6ed2ec34-049c-4260-8be5-e64d3d1f3460,9605,Passport,7955083,2028-02-11,True
ccf822d6-c160-478f-bb68-9c91aaa19c2f,9606,Health Card,8121999,2027-03-06,True
8523f57b-4a54-4023-8e72-5c9901db1f9c,9607,Passport,3255817,2028-02-23,True
c3343f3f-680d-460e-860a-59bd4d8baf21,9608,Passport,2191908,2033-10-11,True
79204057-83bf-4fa0-ba06-6f1c0ba01d74,9609,ID Card,1792442,2034-08-17,True
b0b6e0c3-53a5-4d96-8cb3-5b8d188f411c,9610,ID Card,3691185,2035-06-26,True
3be3dbbf-43a4-4d2e-9a5d-2a1fb323280e,9611,Passport,1471415,2035-03-27,True
5405a51a-f810-44f4-aba4-ce76a527bd0d,9612,Health Card,7013307,2030-11-07,True
da5cb266-46f3-4472-ad52-051dae4875d2,9613,ID Card,9456393,2034-06-14,True
f68b7e9b-1545-456c-bc41-eab63a546e18,9614,ID Card,3605351,2031-06-12,True
ac0ffeee-6a01-4460-a522-783d80430905,9615,Passport,6655189,2029-08-05,True
4802cc0c-940a-400a-849a-17a083977682,9616,Passport,5090323,2028-09-25,True
92622d91-518e-477b-9f6d-89b7fab823c5,9617,Health Card,9275491,2034-04-07,True
5119cf1e-c4fc-484d-9e4d-3015db26b3cb,9618,Passport,7735403,2034-08-07,True
b74fba23-4b22-466d-a1cf-6a4172f66ead,9619,ID Card,8060983,2034-07-28,True
b30ea5cf-e492-4438-adb6-40344e5ecb45,9620,Health Card,8756016,2036-01-03,True
c7deee18-40fe-4b68-8450-c29060964dfe,9621,Health Card,6108607,2027-10-10,True
7800d663-08d6-4f6c-a5c0-584301764cff,9622,Passport,6306570,2032-02-21,True
502e71a6-550f-4285-b1f4-326df5428caf,9623,Passport,7933635,2027-03-14,True
9f65bd63-7da5-403b-b041-b6b14467677b,9624,Passport,7002733,2030-08-16,True
098a7e08-c19c-445d-be17-a8c5dd20e219,9625,Passport,2217232,2032-04-11,True
50ba1900-8017-44c4-bd99-a627aba49d8f,9626,Health Card,2633883,2034-01-20,True
7c426188-da44-4222-baff-2daf50ad22d3,9627,Passport,8145867,2034-01-08,True
239e3e98-f371-40aa-84fe-0e22bbcb9c2d,9628,ID Card,3462250,2032-11-20,True
9447ff5a-1a49-45e6-a357-df7916f0f774,9629,Passport,5334851,2032-12-18,True
2069b235-1a21-4136-8452-6214334460bf,9630,Health Card,7211474,2035-07-31,True
27ac593a-1266-4c7d-b21c-89ed9da1d94b,9631,Health Card,6326102,2028-10-30,True
8b8e69be-8a0a-4da6-bb4d-77a90fa7caa6,9632,ID Card,4484715,2033-05-12,True
540fa423-074f-4b47-960d-c7916e46f221,9633,Health Card,6690617,2030-12-13,True
782c1dfb-a69c-469a-a1f3-767d88829f1d,9634,Passport,5705824,2033-07-01,True
112d4cf3-8d8f-4190-bfcd-79dc7de7dd14,9635,Health Card,2077626,2032-02-22,True
3fc5b371-9eb9-4279-87f7-ddb384338d20,9636,Passport,3832764,2029-05-05,True
ee80d7de-7bc3-4557-b7eb-a33bb33fcf75,9637,Passport,6867268,2030-11-16,True
33a34562-2916-4249-ab55-c25bbc3424cb,9638,Passport,7059446,2031-10-29,True
e2dc61dd-afe5-42d0-b98c-e282dcd0df97,9639,ID Card,2140554,2029-07-12,True
f25a5d8f-b207-4e7b-800d-4eb81a681ce2,9640,ID Card,7041098,2034-07-30,True
5e19567e-62c9-4b62-ad18-55b590c831dc,9641,Passport,7749300,2028-04-26,True
2806b1d7-d9b5-449f-a8ab-5b94829e1db3,9642,Passport,4637955,2031-03-06,True
47dbe3c9-2ec7-47e9-a948-f79ca4edbf10,9643,Passport,4028543,2030-03-22,True
a596889a-4355-4e04-9ba8-3ffec291c199,9644,ID Card,3003448,2027-07-22,True
8e2e7b96-98bc-4804-90be-00afb555e748,9645,Health Card,7722087,2030-06-05,True
96c2f45b-3fe9-428c-ba92-ce5b2c4522a5,9646,Passport,7345078,2027-05-21,True
322b9b41-d187-49d8-87e6-68d4971a4a7b,9647,ID Card,5199133,2033-06-02,True
508bfc9c-2297-4e32-8fb7-54dd6712d2ae,9648,Health Card,6411320,2029-08-29,True
37bcc3af-1fc1-46d6-b989-c9deb66ed9fa,9649,Passport,7190428,2031-10-19,True
575af235-80f6-433e-acbd-8a4bc2c2c9c9,9650,Passport,3816045,2028-02-27,True
67238bc0-5b8f-427c-9884-ceedb5731685,9651,Passport,8160462,2035-12-02,True
5afc5d29-0fc1-4bfb-b436-9eaa6797defa,9652,ID Card,8648152,2033-04-30,True
a0b208e9-243b-42bf-9d53-532fc90bcdf7,9653,Passport,3634419,2030-08-18,True
1a9be554-1cac-45a0-b5ed-dfa7692fa170,9654,Health Card,4026070,2029-10-05,True
ad78f014-e50b-4a01-85df-7b6dd8cb996f,9655,Health Card,2346414,2030-12-30,True
a6d2d38a-6703-4037-89cc-4b34dad875c8,9656,Health Card,2964432,2033-11-29,True
b8b86704-e46f-4018-89f1-2b3a3cb5c4de,9657,Passport,6902873,2031-12-07,True
ab0f0fd7-9bf2-415b-bb57-402899df817b,9658,Health Card,5834939,2033-05-15,True
afc32736-afb4-4f04-bdf7-9021d54f24a7,9659,Health Card,5091615,2033-11-03,True
e8c5ea9b-1bf1-4e5d-9142-754d27274d4a,9660,Passport,6845585,2030-01-26,True
38f923bd-4d20-460b-98f8-004efbb1cadc,9661,Health Card,8920889,2035-01-12,True
7f671798-4d28-4d38-844a-17ec590023f5,9662,ID Card,6876326,2035-06-19,True
70f6d9c0-5302-409c-91d2-f0cad87b0cc4,9663,Passport,3260174,2030-05-06,True
f28a40bd-e50f-4abd-98b6-3e943ff4204e,9664,Passport,3370943,2034-10-09,True
e9dbb70a-3636-43cf-b51e-fa2868c6771c,9665,Health Card,3529709,2029-09-04,True
6260f4e3-f227-4103-b472-71049fbb902c,9666,ID Card,2408118,2033-04-11,True
fbecf7ee-38df-40a4-822f-f2062d4f9dea,9667,Passport,9675522,2035-10-12,True
2b47a818-ddff-457d-8328-37b8fc82d067,9668,Passport,2564251,2031-11-22,True
039a8a1f-ddc5-4f12-9c93-01a9641f0a58,9669,Health Card,7024365,2033-12-20,True
9458ebca-0219-4843-92da-cc40d2f2eae1,9670,Passport,9763924,2033-04-17,True
9434889b-d976-413f-af1e-34157c8a04db,9671,Health Card,9670863,2028-07-27,True
8641874e-bdd8-448e-bc95-fde74b8f910f,9672,ID Card,3296303,2033-03-15,True
188fc427-3af6-4405-ad4d-075544082376,9673,Health Card,8895595,2027-09-13,True
096dca2c-cdcf-4b41-b67f-d59afc1f745a,9674,Health Card,7145094,2027-12-05,True
489ef181-ccbc-4e4d-b08d-89d4fb9c4eac,9675,ID Card,8778553,2035-10-16,True
35dd2343-5ad9-4341-8e48-abc60c3405a2,9676,Passport,9955293,2031-03-03,True
fadef1b1-ad4b-4a14-9424-56eee5c5356f,9677,Passport,8514014,2031-11-15,True
a678416d-c4e6-4896-a0b9-c8043790c9c9,9678,Passport,4038447,2027-08-21,True
7897d989-1d9d-4fbe-abfc-709116beec73,9679,ID Card,2100378,2030-12-29,True
6ade4de7-4801-442d-b441-60c531c06880,9680,Passport,3060024,2033-08-29,True
de9f9639-3617-4076-887e-9de3a25d6f05,9681,Health Card,7345945,2033-08-25,True
e53ca6c1-93c3-4802-a70f-8d6ff87e4236,9682,Health Card,8424419,2034-06-12,True
31cf6e99-4d67-4f21-8d90-d0b8da58ab83,9683,Health Card,3997741,2029-03-20,True
89b5ff99-b1e5-41da-bb45-6dcec8f58630,9684,Health Card,1938994,2029-10-05,True
475ee305-1c98-4e4c-958c-3d99ec7fcda8,9685,ID Card,8385390,2030-11-23,True
cf291583-a1ae-49b0-9229-e08ab2e9f3a3,9686,Passport,3358059,2033-12-09,True
0a2f9693-f0b8-4f06-b1da-032d099d1a55,9687,Passport,1424728,2032-11-26,True
8673fd84-0a92-4ee4-9955-d825a2bbdff9,9688,ID Card,7247894,2028-03-10,True
8f73ba8d-04be-4d18-bef0-fdb47547dbaa,9689,ID Card,3931751,2027-02-02,True
5e0d872a-d298-4e90-b8b8-55c2d3770744,9690,Passport,5823123,2027-10-29,True
a618a1b7-6081-465f-a305-46b071220d94,9691,ID Card,5156536,2027-06-26,True
723e83e3-f81e-413a-8b05-bf56b4b3f79c,9692,Passport,3883131,2029-09-05,True
9fd337fb-651d-4865-8820-ad2a338f504f,9693,ID Card,7895340,2030-12-02,True
71cc1902-412b-4d71-ada2-d7e00ed005ff,9694,Passport,8719303,2030-03-20,True
366ee5a3-1b9b-42f5-b61c-90f12a66869c,9695,Passport,7865140,2030-04-20,True
d22bf77c-f4ae-452b-afc9-e3c4efb51804,9696,Passport,5301265,2035-06-04,True
59043f5b-ae90-4b1f-835f-050c793b5aef,9697,ID Card,3277677,2036-01-20,True
635b39b8-db1c-4769-bad8-213825b5cf53,9698,ID Card,2254230,2033-08-26,True
446c4b00-c2aa-4c67-a08a-720772bfcad4,9699,ID Card,7745903,2033-06-19,True
686d154a-a7d4-449a-8798-8d01f1595791,9700,ID Card,2435776,2032-05-01,True
9ffeb0d2-a744-4bf1-b9d0-7e16ec2f3f68,9701,Health Card,5616734,2029-05-12,True
66f12f26-2a9b-4209-9cc6-6913045f3e7d,9702,Health Card,2477681,2033-12-25,True
9d830dc1-a121-41c1-93fb-657fe6404c72,9703,Health Card,3603792,2033-03-31,True
71233bb9-d295-4776-a843-afd49fceebb3,9704,ID Card,5009864,2032-05-02,True
3f4da8f2-0ce6-4895-9b41-f8db2dcbfbad,9705,Passport,1599867,2034-06-14,True
59837d57-f417-4ded-b7ae-69ac15183003,9706,Health Card,9545207,2027-07-10,True
f74a35a0-87b0-4f83-82fa-a2b7abf1d350,9707,Health Card,9567335,2028-11-02,True
bb7054cc-d695-47ce-9cf2-2353d192afff,9708,Passport,7826759,2027-07-18,True
c100406c-614c-48ad-b832-1bdfa3c7e5eb,9709,ID Card,5621185,2029-01-20,True
14fc598d-4ae0-4e34-b5ff-0f88a50a8d27,9710,Health Card,2309243,2031-03-15,True
0734a24b-9032-40dc-9ad6-3edf45709024,9711,Passport,5460930,2030-09-28,True
4191523a-65c9-47db-86fa-42a41fec0e10,9712,Passport,7622745,2028-01-21,True
7bfacef3-09ad-4e51-a48f-7a31a511e083,9713,Passport,6636587,2031-01-26,True
ceb04d2b-fd67-4d34-8f0f-bcd4d4530f1f,9714,Health Card,2889265,2027-03-29,True
6cec438c-3181-4f87-982f-461c3c24d8de,9715,Health Card,7502386,2030-10-27,True
5d6f3694-1aef-4d18-af43-cfb4056aa58a,9716,Health Card,8400176,2033-06-06,True
21e9e70c-b847-4bb4-9fea-f4694163e90b,9717,Passport,7793147,2028-09-28,True
7ffe2928-0cb5-4d85-8308-9b5ce0f1a84c,9718,Passport,4552354,2033-05-16,True
a297d337-f2c4-4c20-a43a-9daa137df94d,9719,Passport,9283251,2031-04-26,True
d72a0515-da00-4049-8f25-bd417a5d9aa1,9720,ID Card,2879642,2033-05-15,True
ff77d8db-85aa-43ae-a24c-c466ac3487a3,9721,Passport,2548521,2029-03-06,True
855cccfa-411a-4ed8-952f-959ba84ca2ce,9722,Health Card,7006732,2031-02-28,True
3c8ed63d-8353-42e4-bd9f-43f3dad97c1c,9723,ID Card,2797329,2030-03-06,True
2725417b-ae91-4c2c-a50a-694cd2f3be81,9724,Health Card,6575134,2028-01-07,True
98db949a-d061-4a88-9ef5-0829c41b60f3,9725,ID Card,3882927,2027-11-01,True
3bdea0c3-14c9-413c-b582-b8ac53c8f7df,9726,Passport,7597525,2033-10-08,True
bbbc2239-937b-443e-874d-92c80068dc7f,9727,Passport,4640002,2028-04-05,True
37471f1d-ec69-48fe-b6a7-49710fade200,9728,Passport,3162728,2028-06-23,True
951cf456-1caf-4a86-a87a-3c2003aed504,9729,ID Card,4567871,2029-05-29,True
22e30b24-83ff-4b7f-8383-7d2b630f4c3b,9730,ID Card,7154647,2029-11-19,True
639cc8cc-070f-4f1c-bcf2-a2c45dbdb7ed,9731,Health Card,7027078,2027-02-10,True
8d72901e-9436-41cf-b9f0-83b58a20d2ac,9732,Health Card,8434911,2031-07-02,True
a9a67f57-0525-45d6-998d-ea79fbc25647,9733,Passport,3809597,2035-06-29,True
084168d5-69ad-45d4-a712-762b1ce887f8,9734,ID Card,6220942,2034-04-23,True
a22c720b-0bda-42fb-b3f6-72defe01dae2,9735,ID Card,4121732,2034-11-08,True
43ce2acb-4a85-4208-b573-9448c6de62fd,9736,Health Card,5128563,2027-06-01,True
42cade1a-1af1-43c7-b806-e91858272326,9737,Health Card,4849363,2030-02-13,True
0d9dd4bc-00ed-44f3-928d-f2241414645e,9738,Passport,5754440,2035-01-30,True
4ce35a99-8acb-48d6-9818-32842182c03e,9739,ID Card,3545072,2035-12-08,True
4b924825-7db9-410e-8a73-75000b57d58b,9740,Health Card,3197091,2033-11-17,True
5d4261f5-bf2e-4e70-817b-f754d0f2e4d5,9741,Health Card,9716723,2031-12-30,True
3625b2d0-f175-4e0e-b3ee-add8a65d6977,9742,Health Card,8153945,2034-06-01,True
9d6394f2-fad1-4908-a3bd-162a3e4b78dd,9743,Passport,8355431,2032-09-21,True
f7a42df1-f5e1-490b-8323-a866ac9b9182,9744,ID Card,2348897,2031-06-20,True
bb42b9fa-0bc7-4881-8474-44026a521e6d,9745,ID Card,8617987,2032-12-02,True
5862a3ba-2ca9-4c19-bcd4-a39bed911c16,9746,Health Card,8387314,2033-05-02,True
e14a248b-17e2-4f39-9abb-fc403f2d08f3,9747,Passport,2680578,2027-11-16,True
ba1705ec-09b6-4036-8700-f675ab3202f3,9748,Health Card,9532695,2030-12-15,True
acc141a4-6915-4a6e-a68a-2f1f32f8505c,9749,Health Card,6060697,2029-11-30,True
9fc46497-2c75-4c43-875b-d1f644baf566,9750,Passport,5841371,2035-04-02,True
1d7a5ff5-d189-40bb-85ef-8f2f9a3d8450,9751,ID Card,1008260,2028-01-06,True
4bc5681b-86b7-4609-9768-fbb3937c47d7,9752,Health Card,5567579,2028-06-09,True
1f50e9d5-d8b7-4da7-9d70-7820753ab069,9753,Health Card,5732315,2030-10-16,True
687920e3-84f1-4166-b6b2-8784bf348eee,9754,Passport,8671214,2031-01-06,True
49864f13-0cda-4315-acd8-d7966c136f7f,9755,Passport,2205588,2032-03-19,True
e734c0e2-23cc-456c-a170-a16e6292f92d,9756,Health Card,1884009,2034-06-05,True
30230bfe-7921-4a51-a6d8-d01610fdb0b3,9757,ID Card,9757400,2027-10-31,True
aade83c2-4cb0-40a9-8d20-a7e356e98a79,9758,Passport,9638816,2028-02-04,True
c12a7f45-fd03-41bd-871a-19ddc507a872,9759,ID Card,8440728,2034-10-01,True
0a87c40e-3f8e-4232-a3d9-ff1cb036c8ef,9760,Passport,6463218,2034-12-24,True
0000ff7c-3299-4e6f-a08c-b57509cf4339,9761,Passport,9511556,2032-02-11,True
f8f63dca-c7c1-4454-aad3-9b160d46f322,9762,Passport,4244907,2034-12-27,True
58b45486-6fdd-494c-becf-824ab0baf20e,9763,ID Card,9410160,2030-08-27,True
079cfab9-2d1a-4303-8045-689b96aefd1a,9764,ID Card,5257945,2032-04-02,True
bcc88324-63f0-4c59-82c4-f9aed5e57e7a,9765,ID Card,5985473,2027-03-26,True
d1fbc1f4-6b93-4a03-bff3-c7550ed28e5e,9766,ID Card,7587090,2034-07-13,True
9392bfb7-6094-424f-8bed-4aa4bc682b37,9767,Health Card,2139324,2033-05-14,True
3f392568-2cf2-422e-a949-f434f509ffb9,9768,Health Card,4429064,2028-11-24,True
d528bf81-fa56-431c-9e2b-c7a526f8a6d3,9769,Health Card,7382573,2032-04-14,True
5117b02a-a417-4a06-93cc-ef8ff1d9aa46,9770,Passport,6459784,2030-08-30,True
29f3db17-c24f-4e87-84f2-b163de413983,9771,ID Card,2765795,2033-11-17,True
73c84f23-181c-490c-a755-b83821e058ee,9772,Passport,5014667,2027-12-19,True
2b07ab41-8869-48b9-8f31-9c5a39be41fa,9773,ID Card,7764256,2031-02-04,True
6422bc46-f840-45cf-a41c-8898a5e74768,9774,Passport,3259592,2034-02-04,True
9ef637f8-8f5c-4034-af24-95da0c1a202f,9775,ID Card,4279296,2028-08-26,True
5abbfeb1-146d-4f77-814a-86e79cfed3c8,9776,ID Card,4987815,2032-09-08,True
00599bed-c954-4479-b8ed-eddba4daaf22,9777,Health Card,5905093,2032-08-13,True
416dd87b-fb9b-4e50-add8-0954a05ba04b,9778,Health Card,2925588,2029-12-28,True
b3423f15-e92d-46b7-9223-2fa12a424b19,9779,Health Card,7668990,2033-04-10,True
588f8cd3-1d68-4a66-8eeb-b5722f839dc5,9780,Health Card,7746949,2033-12-01,True
8e91c61e-a37f-4233-b9dd-be4bb2155211,9781,ID Card,1886931,2032-10-27,True
68dcfb0d-ccb7-4a5b-85c8-123ef05fe104,9782,Passport,7103263,2028-05-04,True
3743979b-15db-469f-a563-887189ed927b,9783,Passport,7996541,2033-04-27,True
0331cca2-afd4-40b5-8c52-4fc2595b301b,9784,Health Card,7844513,2031-06-11,True
d108b2a3-7a4e-4f64-9c0a-802c08ce41e4,9785,Health Card,2122202,2034-05-21,True
3f9ea5ba-58d8-4434-892d-47ed05031f22,9786,ID Card,3731600,2027-04-08,True
e7885139-8a19-4d15-ad6b-c7368a4b0728,9787,Passport,3460461,2030-10-06,True
a39471c4-d334-4812-ab81-45385363d2af,9788,Health Card,9771081,2033-11-16,True
664de299-5597-4eec-bbd4-139cfd8b0987,9789,Health Card,3570421,2036-01-15,True
f88e894a-4967-40aa-bb95-cac5bb5d3763,9790,Health Card,2709022,2034-08-31,True
5836f5f9-4f04-4142-9abb-0d66cc9ead9d,9791,Passport,6649945,2033-08-07,True
31227952-3fd4-45f4-ab26-c4438bf5dad8,9792,Passport,3626999,2030-08-08,True
6cc34eff-45a4-4ec9-b351-eba1b61a8ffd,9793,Passport,6468546,2028-04-08,True
f5ed5e6c-5014-4c15-bff7-a95e3a3e6464,9794,Health Card,4150959,2034-10-29,True
e7fa7b87-423d-49ce-8097-6f9bd4ac4a5b,9795,Passport,7829914,2035-02-16,True
06bd266b-f5af-4940-8e9a-63689dcdef13,9796,Passport,8860913,2030-01-06,True
ab2f12d6-e778-4f18-ae8d-fc47234432b0,9797,Health Card,5353579,2029-11-22,True
a06f9863-6cf8-4cd0-bee2-a653049d68a0,9798,ID Card,8913031,2029-08-05,True
2be14356-e97e-4fdc-8274-c3e3ca1270c5,9799,Passport,5689626,2035-05-12,True
29192342-8baa-4afd-9ba9-4957eeb58283,9800,ID Card,4914333,2035-05-04,True
dc9df8e6-c2f1-43de-8626-323cd727ba79,9801,ID Card,8946226,2035-04-15,True
fb9e8b86-41dd-4dcc-a69a-b3b023bd8065,9802,Health Card,1618328,2034-12-09,True
275fafb8-93ec-4780-9a48-d80af467dd31,9803,Health Card,9663281,2031-07-24,True
e4fa00bb-7321-46cc-8f34-a7eed6a61c1b,9804,Passport,2234330,2032-04-09,True
0de1595e-65bc-4fbe-a47e-a39a48326935,9805,Passport,3146676,2035-09-08,True
7f71ba91-34e2-4e69-8af1-ec6b4bd65871,9806,Health Card,8094273,2034-01-24,True
bbc6c1e1-1679-4442-89e4-b298c7f0b5d3,9807,Passport,7006531,2035-03-29,True
cbc5522b-5c9c-429d-90fb-a0510c22613d,9808,Health Card,2140475,2032-02-19,True
65becddf-7b4d-45c8-abc4-ab6fbe512ce6,9809,Health Card,1147168,2035-06-14,True
c1f70dc6-89fb-40ec-99fa-ea54d04271d4,9810,Health Card,2839706,2027-03-29,True
246f75e5-79be-4995-9ef2-f1cc9bc13b17,9811,ID Card,4587494,2035-03-29,True
68965e21-4490-4756-90cf-061a88f1ba7e,9812,Health Card,5974713,2028-06-30,True
c56f0eb8-67c1-4e07-a955-8a45ee753569,9813,Health Card,7304843,2033-10-22,True
88254acb-dcfa-4962-9875-9db0746a1c19,9814,Health Card,6776033,2031-07-01,True
57138ef4-ef79-4ae7-b864-a7c2c302c424,9815,ID Card,1099108,2033-08-23,True
0bf28e92-d6b3-47db-89e7-6efb33a9c8a4,9816,Passport,2102263,2035-06-08,True
d76e3886-a0ca-48fb-8630-28ef7a4485ff,9817,ID Card,1522225,2034-06-13,True
b92890c3-4b18-4004-b47e-138bc1e354b6,9818,Health Card,8705700,2028-02-28,True
e129bf35-6918-465e-8e7f-8e28437238bc,9819,ID Card,9838751,2032-02-28,True
9cfafea3-9efb-4a26-884a-5914aa357b24,9820,Passport,2912392,2031-12-20,True
d46a518b-d6e7-46b7-a79a-561843918e76,9821,Health Card,9290512,2030-01-09,True
f56d9049-6167-442b-a5fb-ecbf5acb5d67,9822,ID Card,1288245,2035-02-04,True
0686b45f-1789-4992-ae2f-eebb1808b200,9823,Passport,9448067,2035-09-14,True
213d7bae-dc4e-416d-a385-83085049093c,9824,ID Card,2684282,2029-05-10,True
7c0036d6-4af6-4c12-a226-6a953a862b09,9825,Passport,7950858,2034-01-26,True
7d9fcaaf-0075-419b-b2c1-3230c4b2e32c,9826,Passport,8360246,2033-08-13,True
05506f52-40a7-46fb-9110-4fca20f73571,9827,Passport,6213690,2029-08-18,True
d4c571fd-b034-4e85-b0b7-7761909ae3a3,9828,ID Card,2044973,2030-04-19,True
d76134da-27fa-41b3-9ba9-da7709ac3afd,9829,Health Card,2939999,2027-04-27,True
d282065f-be34-4bae-bebd-79e4b7ee4f99,9830,Passport,5808935,2031-08-14,True
715a50eb-d982-4a24-9c27-ed9200c47e30,9831,Passport,7384508,2034-08-15,True
bf7cf4a2-4349-4564-81c4-ede12e01087b,9832,ID Card,1368020,2027-07-31,True
f734dc76-9149-4667-b5dd-c96e1cf352ab,9833,Passport,3145766,2029-03-06,True
9855af15-bdb6-4067-b292-3852555ff449,9834,ID Card,2426019,2030-06-20,True
6dbb6109-b46b-4d23-a421-ccc014dd1d00,9835,Health Card,8800795,2028-12-11,True
c8dee8c0-f783-4717-8a68-7ce09751d1f5,9836,Health Card,9676976,2033-04-06,True
593c8980-0511-483d-a69f-f3617b161344,9837,Health Card,5618861,2034-12-25,True
3ca590e1-b82a-41d3-ad87-6c03c622d5ae,9838,ID Card,9504033,2030-09-02,True
1f0f85a2-6070-4354-86e0-10172d989cc0,9839,Passport,3893565,2033-12-11,True
42da98b5-0604-4be6-9fb3-c7535d013d0c,9840,Passport,8221267,2031-07-05,True
ebf5b102-1bd7-46eb-8440-671580822741,9841,ID Card,9187819,2033-03-20,True
1ab2169a-5840-4373-9bd7-0149d2e13187,9842,Health Card,9272097,2027-07-17,True
6981eea4-2ec4-4e9a-88bc-10812efeedcc,9843,ID Card,8809328,2029-04-04,True
9b220fb5-b833-42ca-ad24-71a87acc822f,9844,Health Card,5890392,2035-09-06,True
59852c8a-8592-4931-98c8-2a76eeb2687c,9845,Passport,2522438,2030-05-06,True
2e8a5abd-cee0-44e4-971d-13b393e41d4d,9846,Passport,1994734,2031-04-27,True
b1961f77-e1c1-4302-b17d-03b4a250b0aa,9847,Health Card,2640564,2029-08-14,True
119df6f1-9f23-40ab-b94a-753d0b34dd83,9848,ID Card,1597432,2033-10-17,True
3ebec7cc-6af6-46a6-8fa4-b6c19ff50a1e,9849,ID Card,5247579,2032-10-30,True
ee59785a-e0ca-4b0c-a535-ddc23b941d53,9850,Health Card,3295010,2030-07-09,True
6a27474e-f540-4570-ba3b-dad10f33c452,9851,Passport,6885820,2027-03-28,True
0811542d-3458-4742-9389-d1007f8d7d06,9852,ID Card,5700603,2028-05-12,True
cc1d8bba-348a-4478-b61a-c702d424b3b5,9853,Health Card,7925104,2030-12-23,True
b57f3428-d9ba-4c47-8da9-95fa04893e05,9854,ID Card,2463438,2029-12-07,True
8d68ca28-f2e7-4c2a-9dd0-4731b174c2a4,9855,Passport,6713574,2034-08-18,True
0f2001b9-18cf-42f3-8387-73d19a858c94,9856,Passport,7149927,2029-10-17,True
54c5d174-313e-4b8b-b0e9-bdc42b775686,9857,ID Card,4894860,2035-05-31,True
06677638-444a-4fa4-9454-7af9a5523b08,9858,Health Card,2069682,2035-05-06,True
7f11135a-9bfe-4194-b2ad-18d569a69f36,9859,ID Card,8927665,2035-06-12,True
0e155a79-4e52-49b3-9b87-a0194eef9f46,9860,Passport,1162310,2028-06-14,True
3926e891-7392-41ac-a516-236d1df38193,9861,Health Card,9009092,2030-05-11,True
3206e55a-7db8-4c9c-8ea2-e62204263e43,9862,ID Card,6707010,2030-01-19,True
35a27550-209f-499b-a024-fb14713b9232,9863,Passport,6992525,2032-06-16,True
fcb48611-f05c-4d5f-ab6f-152efd07973d,9864,ID Card,3937046,2032-02-08,True
c9eb2d08-520a-402d-8ae4-7563ad4168ca,9865,Health Card,9398506,2030-11-08,True
795447d4-77fa-480b-8a58-318c2fcd4040,9866,Passport,5082216,2035-05-28,True
b82fb9bc-0bc7-4732-b4e5-c2737c77de12,9867,ID Card,2602163,2029-09-18,True
50f7b7ea-b36f-4465-90cd-962db0cf3c61,9868,Passport,1966713,2029-05-25,True
1910bb2a-23a4-4ae1-8240-c94be82c7898,9869,Passport,4094138,2028-07-30,True
41fb30f4-51ab-4dde-93be-99c985ffdc66,9870,Passport,6423029,2030-04-02,True
b7b18908-4174-49f0-b476-acd1fe17260f,9871,Health Card,1989311,2029-11-12,True
e2604a20-3491-4895-aa6e-236703aa80b0,9872,Health Card,9287266,2030-10-04,True
acd0c823-83f6-4cdb-ae60-3e9a5227b142,9873,Health Card,5049552,2027-06-10,True
f5971c6b-60b9-4667-b54a-cbebcb255443,9874,ID Card,5862881,2033-09-09,True
4183bf4c-6156-424c-928f-5023b708701a,9875,Passport,9306571,2031-08-29,True
c196a13e-a1c9-4b99-9ef7-7d4110a5290a,9876,Passport,9505022,2034-08-28,True
b3d5a79a-0336-45d6-92ba-d6a940bfe0fe,9877,Passport,7935233,2027-08-18,True
b7d7608f-77af-4f9c-9d8d-1ef96708ee39,9878,Passport,3292556,2034-12-14,True
54682b08-d1ab-40e2-b5cf-00fb76306e01,9879,Health Card,6083029,2028-02-05,True
6dbe6bb5-bdfb-424b-a105-8a9174a4c77f,9880,Health Card,8705049,2034-09-15,True
f61863c6-4abf-4794-a947-500e89514ff4,9881,ID Card,1355156,2033-11-18,True
51d71dfe-fb38-423f-8f5e-f38aebaaaf7b,9882,ID Card,8435729,2034-01-09,True
642da77e-3dc7-45ee-8a51-7abcaa0f765f,9883,Passport,1442845,2031-09-29,True
06ce55ae-ce8a-42f4-9f65-00c11a461419,9884,Passport,3552276,2032-09-26,True
80b98da7-cb28-41c1-903a-3bfac2eaeae9,9885,ID Card,6009491,2028-06-12,True
57785ae6-29f9-43f9-ace4-d64e50aef0a9,9886,Passport,6903837,2032-04-29,True
d1f0cd5b-1d19-472d-b6f5-cb326df8d516,9887,Passport,4189944,2033-07-01,True
c4a3e24d-8b0e-4ef7-96a0-85c88bb7896b,9888,Health Card,9310214,2030-06-20,True
2ce056b0-8c56-4367-b53b-bdec94203951,9889,ID Card,1733080,2030-04-04,True
f1e9e0cb-262b-4752-b5b1-6d4e1248c921,9890,Health Card,4732443,2033-11-15,True
98fc19c3-c8c1-49be-9ba3-e3c0e3ecb0b2,9891,Passport,4746906,2030-04-19,True
fe04de78-6e15-4f87-8dd8-c7092e70d4c1,9892,Passport,9351576,2029-02-24,True
d6621fc1-a161-4ad8-bbb4-02499ed95cf6,9893,Passport,3116920,2034-08-26,True
25c45b98-3256-492f-bbab-b4f9d0b0da57,9894,ID Card,5817473,2034-10-12,True
85ec9daa-444c-48c0-bee3-0f6618c194c6,9895,Health Card,5775565,2033-05-23,True
21304597-fa65-457d-91ea-c70234563868,9896,ID Card,3319885,2028-04-27,True
27742786-d386-4597-8acb-51e7acf2d4b5,9897,Health Card,9077821,2035-09-17,True
dad3b9dc-5f2e-49b6-ba03-0b8118982dfb,9898,ID Card,4636259,2034-09-27,True
a0aa36ec-cc56-4846-8111-c4fc7adea075,9899,Health Card,6175320,2034-08-06,True
db8ce827-5572-44d8-8b3b-61383a32a812,9900,ID Card,4438724,2029-07-12,True
35cf6d88-8ad1-4cee-840f-6a6fe0a7f1d8,9901,Health Card,9895008,2028-03-12,True
cc747a24-d155-436e-a764-21d6647d7e91,9902,ID Card,6643371,2030-04-10,True
33a86b51-339a-4ac1-bca6-7cb98e1c3cda,9903,Health Card,7603905,2028-03-08,True
f9b0c366-f642-4752-b73b-674e4956ab8b,9904,ID Card,8310189,2035-11-07,True
83b0043e-a44b-4657-86ae-298dfbc0fccf,9905,ID Card,6203099,2028-06-17,True
b1c541ed-6119-48e7-ac3b-5095781654f8,9906,Health Card,9435419,2029-07-20,True
a30e4566-5688-43a9-bece-3358656dfc94,9907,ID Card,1751522,2028-05-17,True
8d4913e8-c9c7-4297-b6d3-8070e057b38a,9908,Passport,5344328,2030-02-12,True
0ef8ff51-8ab5-4500-8680-2b5b0f8d38b7,9909,ID Card,3003251,2035-11-07,True
c391b8c8-dfbd-4909-9c1e-1952322e6603,9910,Health Card,6579765,2029-05-19,True
8112f83a-497d-4ab1-ba9f-c14d0451451f,9911,Health Card,6121758,2036-01-11,True
a2fedfd0-f575-47c1-9f1a-75cb66cda173,9912,Passport,3771532,2031-08-11,True
96644f03-0615-444e-afb7-fc37e4cecc31,9913,Passport,3473817,2029-10-13,True
d0570f7b-b53a-49fd-b288-2611d34c8f42,9914,Health Card,5849442,2033-01-29,True
9488eb89-f255-4f71-8227-84b52b9eef01,9915,ID Card,4905613,2034-09-07,True
44159a22-c969-45db-b80d-fedf37ef62e2,9916,Health Card,9506019,2028-10-21,True
9d1989ba-9e62-489c-8d8b-22c972d569c1,9917,ID Card,6243211,2028-10-08,True
8ccbbc51-6c22-434d-956b-bb8947eee971,9918,Health Card,3602856,2027-09-17,True
0c611b7f-4b6e-478f-96d1-6f6abfc505b3,9919,Passport,7568626,2030-01-07,True
d8b6a859-752c-4f76-be93-e85da7d95396,9920,Health Card,5868722,2034-04-26,True
3e2bb7c3-ffad-40a1-a1dc-5ad0de27bff5,9921,ID Card,7683363,2030-11-28,True
dedb5022-2934-4c97-8b01-83b74c14d217,9922,ID Card,8996227,2029-07-05,True
802dbb75-42b1-4919-b7aa-2d540d8cd97d,9923,Health Card,7318143,2032-06-29,True
c6455633-4622-41d5-a543-2864f4152243,9924,Health Card,6090352,2034-04-10,True
31f65976-7430-4c77-80b5-663a751f74d3,9925,ID Card,6174522,2032-01-21,True
c21f27b8-ac4f-4f5f-9148-80d0efbc15ca,9926,ID Card,2621393,2031-05-15,True
3b4126a9-1d3e-441d-8c21-45a3ad2bd379,9927,Passport,4054918,2033-11-04,True
2c282a36-ec90-49a1-8642-0a1ae58752ae,9928,ID Card,1773251,2031-06-15,True
2e43e55e-d4ea-4550-bb6b-79105cec758d,9929,Passport,8422421,2031-06-02,True
cf29cab4-edad-4427-90f0-1a4f1769afce,9930,Health Card,6547173,2035-08-07,True
b74d4c14-b4d6-47b5-a31b-15d66c43566e,9931,Passport,1961691,2032-04-11,True
36b82c40-1b31-4875-ad43-c259675f27fc,9932,Health Card,7012770,2030-06-05,True
7dc7216e-2e6f-44fd-8d5c-49d96b350c5c,9933,ID Card,4882387,2029-05-11,True
8fa9d8d2-5e0a-42f9-a128-e4a9adcc99fd,9934,ID Card,7275252,2031-01-27,True
e6fadad5-0262-45ce-ad18-7cde4e042af1,9935,ID Card,2734737,2027-06-10,True
9ec5bc54-1ad0-432f-9602-9fd1b91798f4,9936,Health Card,6745330,2028-10-30,True
7bd46b5d-598f-4cab-a8e4-fc441205961f,9937,Health Card,1743410,2035-09-03,True
8d796220-d7ab-459a-8b61-adc5b3ee60ae,9938,Health Card,1339528,2031-03-06,True
6e134596-d8b0-4d6d-a151-dc41a550fcb0,9939,Health Card,6491858,2029-09-17,True
4517260e-d044-40a9-84ff-af592c329267,9940,Health Card,3800151,2033-04-09,True
c6fa3605-4313-46c3-abb0-2794f8df27b9,9941,Passport,7093082,2034-04-30,True
d7168e5e-844e-4d4d-ae10-320e4b223eea,9942,ID Card,8151686,2029-03-22,True
c767b76a-f1e1-463d-ad1e-4aa42a66abd4,9943,ID Card,6082201,2028-12-21,True
75186140-16ba-4dc5-ad26-37ceb7d76402,9944,Passport,5570461,2035-10-20,True
3c20ff01-f929-40a8-b0ce-74b244fa6714,9945,Passport,8768808,2031-07-21,True
04663995-f617-4c79-aba8-aa4ecd4b1817,9946,Health Card,1615832,2030-01-17,True
51b0d285-1c78-411b-8025-2feba4d974d9,9947,ID Card,5738078,2031-10-11,True
0a441c85-76ab-4ac1-8b85-096ef3fa5186,9948,ID Card,4304630,2032-05-06,True
3f56010b-06aa-4e58-ac2d-ab8dd6258b26,9949,ID Card,8572046,2033-04-24,True
bab5ae22-851e-4a43-9eef-029f5009f7cc,9950,ID Card,5190505,2032-11-30,True
dbe2227f-e6b5-4a7e-8a25-a6b6fb6825cc,9951,ID Card,2853428,2035-04-27,True
0bc0a25c-d746-4ed3-bb3f-9086871e8f1b,9952,Health Card,4132338,2028-08-09,True
8ab66e14-503e-4f1c-aac4-a533548c3b99,9953,Passport,8187458,2031-02-03,True
bd247bb5-2de1-46c0-85e7-27d9e57f5b1d,9954,Passport,1555556,2035-08-02,True
ad2ea3ce-a735-4b71-96f1-503a44dbd338,9955,ID Card,5259866,2028-03-17,True
abda2026-fa33-4b3c-afa0-a2228a590a40,9956,Passport,1485770,2035-03-27,True
5aad806a-4f22-4a0f-be51-8c54f7494bc8,9957,ID Card,2886802,2030-10-06,True
5afb3b2b-f6e5-4409-adc7-0ce5f5a8f964,9958,Health Card,5763465,2033-10-22,True
dc5e03b9-a7e6-45ee-ab2b-e6546b11c208,9959,Health Card,4897298,2029-09-16,True
dd120369-9044-4296-ac07-ce6541e9ac7c,9960,ID Card,6938986,2033-07-10,True
471d87bd-3a94-44f5-b9fb-9031e82407fc,9961,Passport,7796272,2032-12-15,True
f73a89e9-a7fa-42c3-a0d1-afc72e0ea2b7,9962,ID Card,5508246,2033-03-07,True
c7f22bd6-6875-4084-8bf3-6c3c8be0cadc,9963,ID Card,8468373,2029-10-03,True
d1c824e3-84b7-4ca9-81a4-f0b58505c6c6,9964,Passport,6993645,2029-03-06,True
bda8b39e-aa02-40da-984c-5234dd1130d0,9965,Passport,2752094,2033-10-26,True
edbb0b13-21a3-46ca-b730-ae3f0645d969,9966,Passport,7054203,2027-12-20,True
13279685-b171-4d43-935e-2a39d7777bf3,9967,Passport,4151906,2028-09-07,True
4ec2639c-67a6-4a56-a2d5-a3df226ed779,9968,Passport,7742935,2029-12-13,True
ba64ad58-3a48-4605-90c1-3ec56f02b14f,9969,Health Card,7007870,2032-08-25,True
3850d153-414c-4dbc-9df7-790046788ee9,9970,Passport,5014071,2027-05-16,True
c1409ea8-58c4-4fea-a38f-0a15f350ff53,9971,Passport,9957995,2030-08-17,True
00750614-f74e-4734-8487-fcea27accf85,9972,ID Card,7044516,2030-10-14,True
006a1f8d-99e7-4c81-9e3f-86b57f0cb2b0,9973,ID Card,6815952,2035-02-22,True
fe57bded-7692-484f-b558-26951fa3766f,9974,Passport,5823483,2031-12-04,True
aaad5d4e-0250-474e-acfa-8e3aa13ab0f0,9975,Health Card,3294030,2027-08-18,True
8f05f1ec-2467-4512-a45c-7660f8fabf96,9976,ID Card,8214382,2035-02-24,True
6321884d-9dc8-49fd-b077-3dd9b3e9de82,9977,ID Card,1285290,2028-08-07,True
2d8eb6e6-6cf8-491f-b15f-9eead6fd72f5,9978,Health Card,6424403,2029-06-08,True
781f2b3f-5f9b-4f03-b590-b5cdc3b10117,9979,Health Card,3319133,2035-10-03,True
f243c441-5a27-43c9-ad46-54ab0faa48e2,9980,Passport,7371985,2028-12-28,True
95cb3b79-a822-4efb-935e-fed46e021fec,9981,Health Card,5843948,2035-06-30,True
69244bf7-fab5-4e38-ba30-180dfc5cf8c8,9982,Passport,9992316,2030-12-14,True
2ee34d42-d6f2-4d22-a43e-5c889b97a3a7,9983,Passport,9399006,2034-06-30,True
785bef10-21b1-4f5a-8bf5-53365deb9b2b,9984,Passport,6632086,2029-09-07,True
9d017d4f-3af0-48d2-9cc0-4206afad1019,9985,Health Card,9754450,2030-04-29,True
1c9e3b13-e42d-4bb2-8a39-fd33f55742a8,9986,Health Card,6565267,2034-04-12,True
4744fb17-83cf-4b7a-8279-1faf52b370c5,9987,Health Card,3045825,2034-02-21,True
5dcdacf1-8f25-4b23-82e5-4de478a417f0,9988,Passport,3008049,2028-12-25,True
ec81a8c9-70b9-461c-bbbc-e9ab00c3a1c1,9989,Health Card,5387857,2035-09-10,True
c7186b64-84e4-4c52-8e99-71bf12b1a12d,9990,Passport,5373574,2028-01-01,True
9b0966b5-1915-4392-8d68-fc16bd282568,9991,Passport,1713676,2035-10-04,True
622d9cd7-6e47-45f5-a652-e3c539538638,9992,ID Card,2259104,2033-01-25,True
93e02d26-150a-41b5-9f33-8bed3ea3b004,9993,Health Card,9691309,2035-10-27,True
f2d297f4-6e6f-4160-b22e-dba50431e452,9994,Health Card,5436678,2033-02-20,True
35359f40-b550-4372-bc43-e31bd6d510de,9995,ID Card,4402040,2036-01-14,True
2e2e7683-367c-4d8f-a056-b82730b244bf,9996,ID Card,3794956,2028-11-02,True
adbe2fef-8a5c-47d2-8910-05d82b1b6a72,9997,Health Card,7608395,2027-10-06,True
a09d03c8-3cf8-4b0d-a22d-893d664acd8f,9998,Passport,2921165,2029-09-26,True
8a1d2ab1-224a-4317-82fe-0de3bce98bef,9999,ID Card,2704234,2034-07-09,True
5641e136-37e2-4d83-ac6f-d7c86427ee97,10000,Health Card,4346211,2027-09-06,True
8111d30e-6e84-4988-9f1b-e89058a429dc,1,Driver License,8954181,2031-10-25,True
0fd71641-d7c4-4630-b442-82365fc2438a,1,ID Card,2820082,2033-02-12,False
d7465eb3-5d56-4e8d-bb6e-3373e803cb33,2,Driver License,8379676,2031-09-09,True
048e0e8e-072c-4411-b096-7708f6eb59f5,2,ID Card,6535177,2032-10-31,False
1b558b54-be6c-4d51-a52d-98f1abc1d195,3,Driver License,5810885,2030-04-01,True
465b252a-bc08-4570-8d5f-5373aea3c56b,3,ID Card,8008241,2031-07-20,False
d8f41f19-73d9-4025-b1bc-bd632fb99408,4,Driver License,9468104,2032-11-28,True
dc99b105-e79b-4049-8d01-0f669a102227,4,ID Card,9475374,2028-09-10,False
414a3bfa-2da6-455a-8692-9aff0d915086,5,Driver License,3427546,2035-09-03,True
b9d4e010-9117-429a-a2d4-b6b81fb11c88,5,Health Card,5840777,2034-09-27,False
884f7431-5161-4eee-9f9d-df28be7e0988,6,Driver License,4757752,2032-10-04,True
1c95c7ff-6c6e-4542-bab2-fe76be127c3d,6,ID Card,9184366,2028-09-10,False
e0d60860-7047-455c-a895-ef7fba901b20,7,Driver License,9836295,2035-11-09,True
e010961a-e298-4850-bb12-de88c197c814,7,ID Card,9604863,2035-06-21,False
c9ea80c7-e0df-4922-962c-c138ca44090c,8,Driver License,7743341,2034-10-20,True
8d65e187-7914-4dfb-9544-2949b2d822ec,8,Health Card,8402788,2032-03-20,False
00e4f83d-5bcf-460f-b7d8-09f5aed549b3,9,Driver License,8298814,2029-01-15,True
2d29a1e5-8301-4588-a02b-6967a74d2a32,9,Passport,7785065,2033-04-25,False
42b3e1db-a7dc-4200-a7bb-5e042283ba7e,10,Driver License,2673366,2035-01-20,True
372bb710-895e-4b07-9cb6-2fade83c00d3,10,ID Card,1561604,2031-12-31,False
40fec071-aada-4c98-ab91-c95a5207b5a4,11,Driver License,8026293,2029-02-28,True
90df98ca-25f5-4c58-b759-0956e30da375,11,Health Card,4252168,2029-05-29,False
0994f92b-52fc-4ccd-83cd-2c1a61d0d1d0,12,Driver License,9095784,2028-05-19,True
e5c1d959-73cb-452d-a852-996e31ee120d,12,Passport,4781958,2034-04-19,False
70fb51ed-0db4-481e-b13d-1f8a133d156d,13,Driver License,9941880,2032-04-25,True
4d807cab-940b-49cc-b623-b117efcbd8ce,13,Passport,6210256,2028-03-24,False
a7aa98c3-9830-4a88-b49b-83dec8e514c0,14,Driver License,9087396,2031-07-24,True
0dc81bc0-6d07-43bd-803d-a41edd6706e9,14,Passport,5844149,2033-04-26,False
8ea83157-9ad0-4e7a-9b46-29be7698ec66,15,Driver License,5567058,2027-02-07,True
120ac8ed-f51f-4467-b77b-259009eb4865,15,Passport,3984323,2031-01-24,False
cf6880c4-ba80-4838-baaf-27041c54d6ed,16,Driver License,7070707,2034-11-12,True
cb8a839a-a903-47ee-9306-543ecc01eb35,16,Passport,5486322,2035-06-04,False
e26e3833-a92f-46f5-92e6-8534dc317d2d,17,Driver License,5253955,2031-07-06,True
3281015b-efd0-415d-bd6a-c40565ede18c,17,Health Card,5798839,2031-04-01,False
e1f2fe10-4522-46d3-9937-2689f92e55ac,18,Driver License,1617949,2034-04-23,True
1bd62826-0d0e-487c-9627-537c5ca9c419,18,Passport,1444893,2034-04-13,False
000ba396-cdf6-4336-b049-f948f5e14388,19,Driver License,3821379,2029-07-13,True
0d24877e-9610-4a44-912e-798824d6d2e0,19,Health Card,9305526,2035-01-21,False
3c55a661-3930-4764-a0e2-f08e2b2d375d,20,Driver License,7812810,2033-09-06,True
9526d3f6-6693-4cb5-80d4-3432a6eed329,20,Passport,4542131,2029-06-02,False
4484e849-401e-40b1-a4ed-4475f50d9501,21,Driver License,3446621,2032-12-12,True
39711533-52da-4859-b572-b144a0992bc7,21,Passport,6211178,2032-03-06,False
10eb1049-1ecc-4002-bc2c-2c1fa32daaed,22,Driver License,6726098,2033-11-26,True
703f9ce1-0c10-4ee0-968e-5f888f4f6f61,22,Health Card,7541142,2028-04-13,False
328b1fba-3b3a-420e-924a-c087a604f979,23,Driver License,7260685,2027-04-27,True
ddb619be-62c6-45fc-9f29-5d7d2e307475,23,ID Card,7063358,2034-12-27,False
3312b951-8c43-4c57-849c-bfdd7e5879c5,24,Driver License,9782669,2031-05-07,True
72e77fd3-a3b0-4516-b764-373ea5b1cb73,24,Passport,5050791,2030-04-30,False
b0ba9bd6-3a13-429c-9ef6-a6ed51db0bb4,25,Driver License,3220313,2030-03-23,True
62876f87-1ddc-47ce-bbca-c1eda4e39fef,25,Passport,7348471,2029-02-07,False
69f0857f-8f5a-4ee6-ad9d-0c850b60820e,26,Driver License,8581182,2027-07-01,True
2b700fec-b05e-431e-98f4-9cd1bcc56c94,26,ID Card,4736350,2030-04-27,False
42cb0ac1-497c-4470-b5e9-52a4679fd396,27,Driver License,8108783,2029-05-27,True
6a9abe98-782c-4980-afb8-030db8591874,27,ID Card,6367804,2027-05-05,False
4208c07d-b15d-45c6-9801-9886fbb2eeaf,28,Driver License,5548325,2032-04-30,True
85e9fd00-2a35-4403-aabc-f8c0f6664780,28,Passport,2995556,2028-12-12,False
cadc9025-e336-4fbc-a808-6c5728522ab0,29,Driver License,2449001,2029-03-25,True
9a568f3f-7c63-46b5-ab5e-a4134348b806,29,Health Card,6413503,2030-10-12,False
ce3334a6-a646-4276-8681-091c67931172,30,Driver License,6805343,2032-04-12,True
804cce41-4f0f-44a4-b72d-bc0edcfbe2c7,30,ID Card,6576725,2034-03-20,False
10c92689-3120-4d99-806e-5423097f873e,31,Driver License,1623423,2031-06-23,True
ea143eea-fd30-4246-86f4-61d8e4df2fb4,31,ID Card,4155625,2034-11-19,False
60afb7ed-faf4-4e16-96b1-197ab6407607,32,Driver License,3832728,2033-08-26,True
43a42700-4392-4897-bde1-415fcdf8fb6b,32,ID Card,7011716,2029-02-18,False
ca2fceb6-69b6-4143-83fd-1e0376de1f6e,33,Driver License,3531861,2028-08-02,True
e82fa595-ada1-4af6-a501-a8d0d4fd5ba1,33,Passport,4718337,2032-02-28,False
92d96718-3658-49d1-b6ac-401bd9774639,34,Driver License,3735561,2030-08-22,True
83ddd04b-c3b4-46e0-bf0d-baec630152b4,34,Health Card,1585309,2030-03-21,False
fe9e82df-91cb-4b94-a01b-7a6a22414ea7,35,Driver License,7081324,2029-05-22,True
8e5a014c-f647-41d0-b4e3-b111f7df97c6,35,Health Card,2845066,2034-07-25,False
114dce0a-82b2-42d4-8745-20c6ad1f8f76,36,Driver License,5570917,2033-06-15,True
a5d65fbc-ea3e-4974-b0a3-b121ef5ee675,36,Passport,6926012,2034-08-14,False
b2227c48-fce7-4bd6-aa79-937d8ed7a5c1,37,Driver License,1849530,2031-12-01,True
a28cad53-5c2a-4d0b-ba38-18c57ccd541b,37,ID Card,6749438,2032-05-15,False
f472dafb-8c01-4f3e-ac73-cc8b6edfe153,38,Driver License,6991870,2033-03-20,True
cd6bbec4-f8d6-4467-bd51-7a5fc0c84600,38,Health Card,9037262,2029-11-10,False
edf7a0e3-ee17-4f85-a844-de2f6b781294,39,Driver License,2579150,2034-09-03,True
21bb1a5a-1686-4a5a-a4ba-80824671182b,39,Health Card,3724680,2029-01-12,False
ea52c255-78ad-415c-b47c-b0e29dc8400a,40,Driver License,1489176,2027-05-27,True
ef4ca085-327a-42fb-9e06-12cd13c36a41,40,Health Card,9716511,2028-03-03,False
d80a58e8-8e1c-4b3e-aeff-6f56da2dd1cb,41,Driver License,7990401,2035-05-07,True
78f07ad7-b239-4852-991d-80042270f883,41,ID Card,9879638,2032-03-06,False
a2d2c38b-ccec-452c-ab0f-e0efd9c3ea7a,42,Driver License,8062565,2033-07-16,True
e4f45956-5f48-405b-abbd-54f5f7c6a953,42,Passport,1959930,2035-03-03,False
d97e2586-0a4d-41b6-a0c3-4fb9a99d8d6e,43,Driver License,9166911,2029-05-14,True
724f4a0b-4803-467e-a5e6-81e6964a6726,43,Health Card,6402109,2033-10-18,False
4ae2d9a0-a657-4dca-b4ab-2095b378ce25,44,Driver License,5370492,2031-07-25,True
240372d5-08b8-4acd-b6bc-0d11255766b1,44,ID Card,3048271,2033-12-13,False
ed29f548-d8ab-4fa2-a8d5-903895b796e6,45,Driver License,2035612,2029-07-06,True
f67ff595-8459-4cab-81d0-02358600e630,45,Passport,7368047,2030-05-31,False
899b88b4-fe1c-414f-8afb-ef55d56f1006,46,Driver License,2265978,2027-05-26,True
7385cea3-dcab-4ebb-b4c3-78239e1e4b7e,46,ID Card,9788962,2029-04-04,False
1dde6cd6-3628-47fd-b93a-7ad019d93df0,47,Driver License,6464207,2029-05-13,True
a3cb7a6b-2673-4ed1-baf8-b3c675f06cf3,47,ID Card,7876980,2034-05-19,False
5c201e28-4046-4631-b632-8b53e31e5417,48,Driver License,6815459,2033-03-04,True
b04190fe-bb32-4ed7-b718-c77e44f734a0,48,Health Card,3916899,2034-12-01,False
fda5360f-2e3e-49d3-ae2f-233ca8e8ef29,49,Driver License,2689242,2034-01-10,True
270888ad-2b30-48b2-a4b6-c3b35b49db2d,49,ID Card,7171922,2032-12-04,False
cdbc08b0-af15-41c0-8c59-4cf3f3f3cd81,50,Driver License,3496750,2035-12-20,True
e3ea7918-c757-4006-80f9-b734737323ea,50,Health Card,1752847,2035-07-04,False
c31ad138-08c4-4d73-a3e6-b0e9de327701,51,Driver License,6408029,2033-09-08,True
78156cc6-9187-4330-9fe6-ffa28c45ef72,51,Passport,4732165,2032-01-10,False
5c25de8d-73b2-48ce-aecf-4c08800f73a2,52,Driver License,1964915,2034-07-27,True
16a7f354-6186-4275-9257-ba211ff51d83,52,ID Card,8568639,2029-02-22,False
d2d8e812-aaeb-43c5-869b-827c0d5bae52,53,Driver License,6782598,2033-02-22,True
aca560ae-b60b-4e55-afa3-5bbd7fb98bdc,53,ID Card,2159832,2034-10-26,False
34c73530-ef57-455b-a29c-1d3744b484b1,54,Driver License,7148204,2029-10-17,True
ed67593d-a1e6-422d-a995-d023e95221fd,54,Passport,8430775,2034-06-05,False
6b3ef5cd-85dd-4949-95d6-6b2d6d937f1f,55,Driver License,5609101,2031-09-27,True
4f1aa7bc-3ae9-4b68-b85d-0992146b6155,55,ID Card,7685786,2028-12-21,False
802aa0cf-e661-4eef-b178-a5668aedba96,56,Driver License,7548287,2031-06-15,True
e2580363-94cc-4e1d-aa1f-3886b11d5622,56,ID Card,7193377,2027-07-19,False
f3f5c278-54a0-42c0-b9a0-1eda8a7d1e4c,57,Driver License,1689796,2031-05-22,True
402b7f83-397d-4dc4-a153-4d54fbf7eb2a,57,Passport,7765253,2030-04-11,False
64e56881-3a00-4f60-bceb-894407f73517,58,Driver License,2780850,2029-07-12,True
0c7e5689-4655-4c23-a3bc-82a6b2c8680c,58,Passport,7376318,2035-04-14,False
10b6f3e5-a59f-4ea1-a348-7e2281e6cd11,59,Driver License,7686367,2032-04-02,True
0447c228-3962-48ca-a284-d779224db71a,59,ID Card,6556537,2035-06-14,False
ddfefc67-8fa0-4085-9955-6c6fd4a041d4,60,Driver License,2395915,2034-08-06,True
120f7e16-a685-4195-9de2-2677b7ffc7ef,60,Passport,7363378,2034-07-22,False
1d131285-28ef-4c8e-9389-a1653aa60ebc,61,Driver License,3535768,2027-11-21,True
ee60a19e-5e0f-416b-bc93-b7bc56405131,61,Health Card,4358687,2029-02-16,False
58cc11bc-c80b-4955-88f8-1613dc6b9c92,62,Driver License,9715779,2035-11-23,True
1eeadde0-8923-48fb-9860-fa3f9c22e78e,62,ID Card,9359904,2028-07-22,False
1b7f8d58-c71c-48c6-8918-a911fbd1edb8,63,Driver License,2146187,2034-09-05,True
4d391659-04b3-400e-b645-c3cd1b0c5db5,63,Passport,8168096,2031-07-19,False
3029b6f9-c3da-4dd6-8bdb-66f3c8ebfda5,64,Driver License,5357483,2030-03-10,True
82c80910-3ed8-4d75-be66-113ee27b961e,64,Health Card,4504616,2031-04-08,False
1bf62a1b-bbc8-4695-9ca0-b34ab26fbd8e,65,Driver License,7072651,2027-11-05,True
24464606-229d-4eca-b778-5613377ea8e1,65,Health Card,2605291,2031-09-13,False
8b71cabb-4661-4404-8b9c-8d4a20605566,66,Driver License,9163318,2034-06-23,True
817d31ae-2433-4e99-b0bc-26013cbd13e1,66,Health Card,5942058,2034-01-11,False
41ccdd94-b8cf-4b14-9b57-5ec9d0201985,67,Driver License,8844343,2030-04-19,True
8a9f0515-92a6-4b6f-bf37-022d124c4f5c,67,ID Card,5243507,2027-08-25,False
235552bb-37f0-4692-9d36-bd46c0b5c7d2,68,Driver License,1730182,2033-01-08,True
134384f1-e8af-4f3c-93ae-b7d6736ec464,68,ID Card,3894489,2031-02-13,False
116d6664-9395-4a02-8daf-df23f4634d47,69,Driver License,8623959,2027-10-15,True
906e91cd-84ef-41cd-89ab-96767096e714,69,ID Card,5026574,2036-01-19,False
6de18368-a19c-4a5c-8313-914f748cdf85,70,Driver License,3588131,2030-06-06,True
ad4e32ca-657c-4ac3-b9eb-e717c649826e,70,ID Card,7197678,2029-05-03,False
ac88bb3a-d4c6-4010-803e-c22b42b1bdec,71,Driver License,8746677,2033-11-09,True
8f391d50-fcc4-43ae-9db4-be73e786a897,71,ID Card,1268100,2032-04-10,False
4cda4a98-1307-41ad-922c-fe960212171f,72,Driver License,7371297,2028-05-14,True
fa896ef8-986f-44b2-a102-7b8f546cdedb,72,ID Card,3822415,2035-10-19,False
7c18c8f4-44cd-48cc-bd03-a20d77fcd5ca,73,Driver License,6929646,2032-07-17,True
b60ec099-ad03-4707-915b-1ffc9b19bceb,73,Health Card,4213338,2034-04-04,False
5b36e11c-dc51-46c7-8665-a715d2ef3c14,74,Driver License,1730152,2029-07-07,True
08f665c7-fb8a-4f09-bef5-2fb43f59b540,74,ID Card,7296885,2033-01-25,False
d6bc485b-fa09-4936-8ad1-d139fcdb566e,75,Driver License,9405093,2032-07-21,True
e082cc6f-a3d6-456c-b9b9-898fb6cf0cdd,75,ID Card,6635398,2034-05-06,False
b3822e12-3f38-424a-81ab-a7a4c4b38931,76,Driver License,7901322,2033-08-09,True
11994da9-242e-402d-8241-1119e74ca4df,76,ID Card,4782941,2030-11-22,False
550d99ad-9a86-4889-9e23-2e030692374a,77,Driver License,8946369,2028-01-07,True
57763bdd-f134-407b-a133-fe3185314883,77,ID Card,5729943,2029-05-01,False
776d7e63-83dd-4191-9c8c-30a9a67f71b7,78,Driver License,2429849,2035-03-09,True
e4dc790a-352c-421a-b0b6-69722fc217b1,78,ID Card,6575122,2031-01-26,False
7eeef07d-1926-4249-ae21-11caead56ab9,79,Driver License,6345117,2031-06-26,True
3d21a0e4-1e0d-4622-b26b-d2f86e237db1,79,Health Card,6605693,2033-12-05,False
dbeeff7b-b148-46cf-ae01-95456df4ccb9,80,Driver License,1758582,2030-02-21,True
8f3f6aeb-83b4-4250-8c4e-baa67aedc794,80,Passport,4276727,2027-10-24,False
8d4bc37a-0975-4344-929e-dfd51e0d177d,81,Driver License,6134044,2034-08-23,True
35297ade-0dfc-4494-a699-ddd00ff5bd4e,81,ID Card,1097936,2030-01-30,False
2885b5c5-8edf-48ec-9728-8063b177788a,82,Driver License,8826137,2035-12-15,True
5b7f57d3-afd2-433e-a5b5-c886ebd27e83,82,Health Card,4196991,2030-04-16,False
7b553fbc-f1eb-4690-b3de-96db5c265fe9,83,Driver License,7987040,2031-06-20,True
26a79bb8-b737-42f8-987f-189f144673c1,83,Passport,8099309,2035-12-13,False
d8884a73-22d9-4f37-8856-fdea822e2e36,84,Driver License,6639428,2033-08-24,True
eac0e943-9423-4001-8653-7d8fa6540a3b,84,Passport,6987909,2035-01-21,False
94b94aa7-4bd9-49b6-b0e0-e434f394e684,85,Driver License,7989036,2034-02-02,True
bfb7f6ba-46a6-42f8-9a6c-1464326e8ed9,85,Health Card,4120278,2028-06-10,False
59b142d7-1c96-433e-ae03-d3e107c56d84,86,Driver License,6932005,2034-12-08,True
18017230-380a-41fb-b64b-e1bdf47a6edf,86,ID Card,2257461,2031-04-21,False
5c053c40-434d-46a0-981a-b7263c3cfae5,87,Driver License,5680993,2033-07-08,True
d4701c06-0a02-4431-95a3-72cc561852ca,87,ID Card,5541766,2028-07-24,False
b1712ff5-249a-4910-8f5f-afac00c04348,88,Driver License,9948392,2032-02-11,True
c5e7c07f-e6e0-4925-bbe4-91d81737b9c1,88,ID Card,8811601,2030-02-17,False
f39bff26-54b6-4fa1-a00f-e41cf036b4ae,89,Driver License,5260155,2033-05-22,True
637498d7-ffb2-4d10-96e2-c0d3aac7bf5f,89,ID Card,8651898,2028-09-13,False
563cbc1f-571d-4d03-8f0f-cf5c8a6243f9,90,Driver License,4046546,2035-05-01,True
a013ba9c-fb71-46f7-b657-d4925d27920d,90,ID Card,8594169,2035-07-18,False
3ae2c6ea-d2d6-4c95-98a1-db6f92e3f69f,91,Driver License,4026629,2034-11-14,True
a01b66c6-29d9-4f33-9260-b0cc12c1a3be,91,Passport,2042875,2033-02-18,False
a4d29c8f-3fbc-4205-9b65-b9109e587518,92,Driver License,7989332,2030-08-30,True
8a0fc392-dfd5-4f26-b4db-8f6eda07c5d6,92,ID Card,1137754,2034-05-02,False
dae1c96c-fc1b-4a15-b9cf-da7f81a3b588,93,Driver License,4078761,2033-04-04,True
cb320f86-ee84-4ece-8acf-b3fdec4cace6,93,Health Card,8010504,2033-05-02,False
47a74fd1-8b9d-48a4-b5fb-98d201f68101,94,Driver License,3748932,2036-01-09,True
5e1150cd-a1b5-4af3-9e70-4c2db5b27106,94,Health Card,3790110,2028-04-08,False
8712e5f0-f9c9-429a-866b-d31756b82779,95,Driver License,5338541,2035-01-10,True
c484e2dd-6f34-4691-b360-bb9dad5646de,95,Health Card,2881977,2033-10-15,False
b3e2a3d2-7503-4b13-a960-64bb21b445fa,96,Driver License,6972347,2035-06-10,True
f9e77e57-7f62-4f15-96aa-ef3cb0bdb447,96,Health Card,5705522,2033-11-01,False
e004755e-6e4d-408d-a440-e2131e9da891,97,Driver License,6150357,2035-05-28,True
b636324f-8082-4295-950c-dda4597c24f7,97,ID Card,3330024,2029-10-19,False
41c80995-8733-4b63-98af-4aee1f421bd4,98,Driver License,4192882,2029-06-13,True
0290a57e-b3ea-4c41-b5a1-69d348749588,98,ID Card,9324945,2027-04-21,False
8b444fbe-8983-4790-8eb3-31a78a9a2c47,99,Driver License,1983361,2034-12-30,True
1320ce62-78b4-4ab0-a247-8b0d547e2050,99,Health Card,2468522,2034-12-16,False
8bf9fcc3-3525-422a-818a-3bc48a38a9c3,100,Driver License,2342268,2029-10-02,True
74e4d812-bbfd-4b23-abdf-0f50d5ab0022,100,ID Card,4028172,2032-01-16,False
9272b9c7-b45f-4d7d-a434-0e27fe7336f5,101,Driver License,5102400,2028-03-28,True
2473e04a-77f6-4663-8fc5-8809c3b07a91,101,Passport,7122925,2027-02-24,False
e81a209b-b494-484d-8293-81737581c33c,102,Driver License,9368706,2027-09-10,True
9ac77eca-35b0-4ef7-9fd1-b2578340e043,102,Passport,2883732,2030-02-01,False
fee34e6b-3fcf-4a0b-87c9-4ac35364bf68,103,Driver License,4116006,2035-12-12,True
7152ffc8-8218-4f03-bc68-b4a49056a331,103,Health Card,9284759,2029-01-13,False
b9280192-8af3-4174-8e83-53d1f749c16c,104,Driver License,2047699,2032-01-31,True
1d6f0caa-81c7-403c-ba8f-2b416ff63018,104,ID Card,7102655,2033-10-10,False
6f9f5cae-f70d-486c-9f36-6690628eaafc,105,Driver License,2057444,2032-10-28,True
087ac55d-a643-4e44-869e-f17da9b28a36,105,ID Card,6901275,2033-05-15,False
24dccde4-b7df-4e9c-9487-b502e2c6d0a0,106,Driver License,5048066,2036-01-04,True
0b4714df-2aec-41f3-b962-cc464de00ea7,106,Passport,7241416,2034-08-06,False
b8f2416d-856e-4227-af4a-1308f09a95e4,107,Driver License,4535334,2033-11-12,True
7ce7048f-987d-41e4-a946-ea5442d4838f,107,Passport,9053727,2031-10-04,False
dddee3b8-4872-4916-b4cf-bfa0aa27e224,108,Driver License,6007801,2032-07-22,True
b51804cf-10b1-4e71-b75b-4d4f6f820f4e,108,Health Card,3351305,2028-01-09,False
4c404d16-ffaf-4e26-9617-a391f84e623c,109,Driver License,8143135,2028-06-19,True
36af7dd7-8788-4de3-9141-aff33cdfeb42,109,Passport,5481614,2029-12-01,False
a1e1ec30-766d-4fb3-bad4-dfb75c8ccb8c,110,Driver License,3976422,2033-02-27,True
94f78971-2edd-4f21-a60b-87fe399bce5f,110,Health Card,4099961,2032-10-28,False
fc795b0d-12aa-4637-87d1-0a3bd0c23472,111,Driver License,7093433,2033-10-17,True
dc3172b8-8735-4a9b-86a1-2c2ee3e6af9a,111,Health Card,7291243,2033-12-19,False
e41f26ce-442d-40b8-84e9-fa190269944c,112,Driver License,3904499,2027-09-23,True
74693cbd-49ee-4a68-92fd-040fca349eea,112,Passport,1291836,2034-01-03,False
30af77d4-8d98-4991-8744-72ce529e3892,113,Driver License,6944190,2031-01-07,True
3e58f645-423c-44c6-afb0-8f7345f690fa,113,ID Card,5528705,2028-05-14,False
7aed4bec-b3c0-48fe-8207-16856dda71d5,114,Driver License,9560517,2027-12-14,True
153c8a8a-7f48-469d-9a35-7fcfe5e36733,114,Passport,5075229,2032-07-11,False
df76a4c5-6bbd-448d-8303-920c40ab7aab,115,Driver License,6068830,2031-11-14,True
314b21e8-aad0-4682-b5ad-67f02ed86181,115,ID Card,7262528,2032-11-15,False
7b0d3db5-1f96-4a13-8597-ccad6960eabf,116,Driver License,5922747,2031-09-27,True
b5ff3a2f-04f2-4339-a72a-3bdf9fea8658,116,Health Card,5467896,2028-08-23,False
91ab3b2d-44ff-4b2d-9918-58ea92c81ab0,117,Driver License,6196554,2031-12-18,True
2cd299a4-1215-4065-ac97-ce75b7a9e36a,117,Health Card,5934352,2027-05-09,False
d4f47518-cefc-4aa7-92ca-38b421733a0c,118,Driver License,1472236,2034-07-26,True
df956ad8-4fbd-4175-8bfc-819ac9416650,118,ID Card,3690829,2033-02-01,False
73eeeb5f-1c26-4dc2-9643-67dc751167a2,119,Driver License,4640480,2034-07-19,True
cd0a9934-8cc1-43df-be6f-d5776fc16927,119,Passport,2466022,2031-09-28,False
b8998fff-8a59-4254-a9f0-afd50f5eb9e6,120,Driver License,4702564,2031-10-29,True
c27bf679-982b-418a-9902-5cba3329997a,120,Health Card,7664696,2030-05-02,False
469d67ed-8faf-4a68-baac-51afe4acd8c3,121,Driver License,9783456,2033-08-31,True
089d9463-f67c-4041-a6d3-0321eae6c1d7,121,ID Card,8484731,2031-03-15,False
3f93bbd2-bc79-4f77-af6a-dc5eee5f7d12,122,Driver License,5757157,2029-04-29,True
1e53a07f-9ee3-436a-8b46-58ac62ccc625,122,ID Card,8050031,2030-01-21,False
0d2260ba-761b-4ef8-befb-387fb2bd1ce1,123,Driver License,2096773,2030-09-03,True
45e30827-18f0-43a9-a6e0-705d6633c050,123,ID Card,8723854,2029-04-29,False
af96aa01-77fd-463f-8712-b465947a48f5,124,Driver License,2344095,2035-12-17,True
b66659e2-05df-4cea-a545-6c5f20c33619,124,Health Card,8834606,2027-12-16,False
8c832a22-e1f4-499b-8dc9-f45d61d6b067,125,Driver License,2967332,2028-10-09,True
85919b38-a773-4c60-b158-590846593ec8,125,Health Card,4837534,2029-04-28,False
542c7439-abe7-4651-955a-de1fdbf221c6,126,Driver License,4410390,2033-03-19,True
3f529f2f-ff97-4856-b918-6338edcea9e9,126,ID Card,1272014,2035-01-28,False
0b586196-c869-4622-b047-184cf0e079c7,127,Driver License,3190507,2031-04-12,True
0f5bc8bb-8b15-4674-8a4e-ef605d7eb355,127,Health Card,9052452,2028-10-09,False
51c3b689-461e-4fcd-884d-38eb9f5c540f,128,Driver License,2507194,2029-07-01,True
5b6179ac-7f5f-47d3-b736-2befa8a9fed2,128,ID Card,7470304,2029-01-19,False
9648b2c6-2c93-4e11-9e7f-5e686f03e9d5,129,Driver License,9112460,2028-12-05,True
cc90720e-1395-4460-bdb6-d1f503265deb,129,Health Card,9291429,2033-03-01,False
3032cf32-9b38-49a6-b08c-9626639c53fd,130,Driver License,8258134,2034-08-13,True
814bb783-a471-4454-98bc-6b8d6de7f92b,130,Passport,2580951,2031-09-15,False
528ad697-953f-4f38-94e6-5c7a334e705c,131,Driver License,5582985,2033-10-10,True
ccc0a33b-80bc-42b2-9c8f-cc81ce030a14,131,Passport,8305735,2027-09-25,False
df5f7b45-790e-4a0c-9eee-4d4aa80e2f7e,132,Driver License,5194139,2033-02-26,True
cd8f10c0-625c-4e2c-ba38-845efa74169e,132,Passport,9862095,2035-11-20,False
45835bc3-e7c3-45fa-84d5-9f7f7e82bfe0,133,Driver License,4030850,2028-09-11,True
72a74e0d-8370-4861-b2e0-2294279b406a,133,Health Card,4893332,2033-04-24,False
3e01eb6b-4107-4866-8baf-877e8f1792f4,134,Driver License,1511867,2034-05-05,True
ba3eb064-af39-45fd-8438-3879845eb7ad,134,Passport,9568593,2033-02-09,False
c4b8dc3d-9b6a-4083-8303-b5ec8078ee8e,135,Driver License,2145422,2027-09-07,True
e71a5d5c-85cc-4bc9-bf3b-686f6eefb496,135,Passport,9664407,2029-04-25,False
2e4f8bc8-90f5-4cb1-8080-91f6dbb5bf89,136,Driver License,7460196,2035-03-23,True
b9b86bf9-9518-441a-8749-d6e435c56912,136,ID Card,8209560,2029-01-04,False
6ac5da71-dfbf-4e12-9fe3-47609cb15d2e,137,Driver License,1355565,2032-10-01,True
832e4564-ff4d-430d-983e-436020caf3bc,137,ID Card,6703767,2031-04-25,False
0b6384db-b4fb-4977-a3fb-44c43b2e8dbe,138,Driver License,6023913,2027-04-05,True
a3d6c9d7-a12b-44fb-aa9f-8afea8d0f126,138,Health Card,9223813,2032-06-07,False
ec4d247b-de76-44f3-acdb-c31e7013049f,139,Driver License,1910663,2031-07-13,True
d90f5b1b-16b8-4cec-97bc-e830543767ad,139,Health Card,3736974,2029-05-07,False
0b8f8e07-3f13-45c4-ad42-8b19f0b321c8,140,Driver License,2112651,2028-05-17,True
e954f3d7-dd45-4d0d-aea9-1a542c0f456f,140,Passport,4046880,2032-11-28,False
193c9843-04d3-4f0f-afbb-e4da63e0b7cf,141,Driver License,1301286,2033-11-06,True
d65ba711-3eab-4657-a4f2-d990289e41b8,141,Health Card,6526716,2030-05-20,False
f8ae4d6e-a46e-478c-b2e2-a73d8e5f457d,142,Driver License,9051548,2034-05-06,True
de563198-4d1c-4c3e-b967-1e2f3256f3e9,142,Health Card,3382067,2027-04-30,False
186d212c-8346-4326-a969-687367028f7e,143,Driver License,9982702,2033-12-28,True
7f817c40-cbcf-43da-916d-1be550fa3d60,143,Passport,4982203,2034-05-19,False
8e39fdcf-e1e1-4dd4-b65d-ea3a40c9b231,144,Driver License,3397178,2033-08-13,True
93f01b90-096d-4049-be66-cb7922141daf,144,Health Card,2467569,2034-08-01,False
e91b667f-6f91-48de-aacb-bed2126afc97,145,Driver License,5121407,2028-03-21,True
61814991-0a2f-4e49-b760-95fe38ac0c75,145,Passport,5616632,2031-05-04,False
d3372889-b412-4844-9131-986f6c0f4d54,146,Driver License,1930733,2027-01-28,True
4d01ae00-b28e-4a5e-ad48-3adbddc993c4,146,Passport,7246383,2033-03-19,False
918bfb1f-05f0-4b33-a5ce-f6216375ce54,147,Driver License,2410264,2027-04-02,True
9925e27d-4292-4b55-a61d-f44a99b4da5e,147,ID Card,4069941,2034-12-15,False
bb8a644c-96e4-4326-837a-f93eb02a983e,148,Driver License,4651670,2030-12-28,True
08543179-e2e5-458b-b86f-52ef668358bc,148,Passport,8311773,2033-01-30,False
43745716-b49c-4822-a7b6-fdd8ed9227c2,149,Driver License,9336973,2028-09-11,True
d3a89f1d-86ae-4ac6-ba0a-b437f6467029,149,Health Card,1794325,2032-12-09,False
93dfc388-efca-4a68-adca-63b100a8f907,150,Driver License,3824016,2032-08-15,True
d2a0ab9c-3a2d-4570-8960-af564457e198,150,Passport,5132930,2028-06-29,False
4da97a72-fbc7-4d50-bc6c-e07c11a43d82,151,Driver License,5215383,2035-08-08,True
48673e7b-2d96-4ae8-bfe8-3da7ec22036f,151,Health Card,3630081,2034-07-27,False
98090dd4-508c-46a6-b844-dc9550496aff,152,Driver License,5133155,2029-09-27,True
a63b32ef-8e09-4539-98d6-cbce5ecac2ad,152,ID Card,8786766,2031-05-28,False
8968df28-db78-46b0-91c7-4cce12405987,153,Driver License,4193880,2034-01-03,True
9a344073-9782-431d-91ca-ba6009a855ce,153,ID Card,7970906,2028-09-05,False
cf708988-2eb2-4511-81ea-087e463a5b06,154,Driver License,3245651,2033-10-22,True
6a59930f-a177-49e0-9720-653536b5cf52,154,ID Card,7193718,2034-03-17,False
be74c13c-8e1c-4de4-ade3-dd7db558317a,155,Driver License,5714065,2027-11-25,True
eb368af1-96cd-4eb8-bc97-c7ace18d6f7f,155,ID Card,6041798,2031-08-03,False
bafb5b4c-ac8a-42c6-8b4f-9efa162a3340,156,Driver License,4051875,2031-11-27,True
95293f71-42ad-4047-b887-151f072ca697,156,Health Card,7422980,2035-10-06,False
f6b08f3e-83dc-4fcf-896a-26de6617715a,157,Driver License,3609476,2031-03-18,True
91eb053e-0c71-4559-a259-a1d18a92fa7e,157,ID Card,1127130,2027-12-28,False
563032b1-39ca-4c3e-98d4-f31855e3ec6a,158,Driver License,6227128,2032-03-10,True
e9a54949-2a81-47b1-851e-49d73ab0d88d,158,Health Card,8715069,2028-02-10,False
273ea51a-959e-4159-b18f-9ec49073386f,159,Driver License,7567587,2034-09-05,True
5e544de5-c121-4ba6-a44b-bece702b3301,159,ID Card,5127261,2028-02-22,False
4f70518d-c5f8-451d-9405-4aca706cdff9,160,Driver License,4904319,2034-01-12,True
397b8668-a321-4fc2-9a33-7ea15be409f5,160,Passport,7133923,2033-06-28,False
19f3a49d-b471-4b44-b993-eadaec7c2d3b,161,Driver License,8959261,2030-11-05,True
cebb1fcf-fd42-4a06-a9e4-9ca04ee9d062,161,Passport,4633761,2031-04-07,False
69487a2c-3c07-4385-aeca-9c9e36939679,162,Driver License,2196072,2030-07-04,True
ada66d4c-ecf2-499e-af8d-f966ae43d802,162,ID Card,9807107,2034-09-09,False
879bdc4e-9353-46fd-8d8f-36d328bcdcbf,163,Driver License,1590794,2028-11-10,True
875f87c7-2a7a-4988-b379-f3be749d4874,163,Passport,9254757,2032-09-15,False
7e6f78ea-b21f-420a-86b1-42629b20a692,164,Driver License,2173530,2027-11-13,True
6f8de22d-9d68-43af-ad0b-381b8569f844,164,Health Card,1462362,2028-04-16,False
62ce3c6d-aa29-451e-9aab-f636c5b1b191,165,Driver License,5543003,2033-02-15,True
9c74fd6f-8aef-43df-ba1f-ffbb21ff63f5,165,Passport,3217043,2033-12-11,False
a2b7592b-8efd-4211-a6bc-4cf750b13cc0,166,Driver License,3042771,2035-11-21,True
6b108469-2475-40c3-a4e2-882b8325d72e,166,Passport,7731800,2033-04-06,False
34cc113d-ef54-4447-a35f-39f8db74805e,167,Driver License,3740382,2028-01-27,True
fc2d4d3e-56bb-4de6-83c1-41f8d5cc3b87,167,Health Card,9017199,2029-01-27,False
51f94386-03e8-438d-82b2-5a6fbdce180f,168,Driver License,3086793,2034-05-17,True
9416e574-4649-42c5-be14-0c747de6c3c6,168,ID Card,9336433,2030-08-10,False
120f5fea-bd65-4916-b498-a84da10e8551,169,Driver License,7622154,2034-08-04,True
99e38053-670b-40ed-bf3a-7829085e3a16,169,Health Card,6955826,2029-01-09,False
9e5f2dec-12e0-4c6a-8056-3ff7501bfcc9,170,Driver License,8083014,2032-11-05,True
78d405ba-4b38-4a72-81ce-d5e5141fa20b,170,Health Card,9306474,2032-01-18,False
54f6e8fc-a7ee-4eb7-b2d9-6cad45d9dba2,171,Driver License,9199634,2035-07-02,True
d670ba00-7a2e-49e3-a216-936af114c0e7,171,Passport,9721084,2031-07-19,False
ae331618-3b3d-4c51-9390-0e51f997a220,172,Driver License,2407628,2028-09-09,True
ddafc809-6669-4bc2-a25a-0062e1d7a9dd,172,Health Card,7452152,2030-12-26,False
f1e70476-e26b-4578-8976-7d690cc1fe9b,173,Driver License,6354104,2029-11-06,True
6c7c12e0-076e-4de2-af61-9b4896f75a33,173,Passport,1479806,2035-05-31,False
277fc017-7e3b-4deb-99bf-04f84a737c85,174,Driver License,9355087,2030-05-08,True
efb41acf-de38-4b97-9fbf-7736408eb0e8,174,Health Card,1574219,2033-03-27,False
8027751e-bf60-4e45-9f42-0637c7ab72ef,175,Driver License,6037929,2031-11-23,True
9c56e58f-c00d-4584-b257-cc6bc5b64aa6,175,Passport,5813429,2034-08-31,False
f6d1b8cd-873e-42c9-8bc0-e8c1e6efd627,176,Driver License,1095449,2033-08-23,True
17575357-a825-4fce-b08b-285b28c3ef57,176,Passport,6065621,2034-02-28,False
1f35b09a-4c53-49f8-8c81-b90dd32a3403,177,Driver License,4815193,2030-07-03,True
747970c6-a8ab-49de-9458-183993105080,177,Passport,1887674,2031-11-21,False
db4d4362-5297-49de-8436-e101c58c3b66,178,Driver License,2289633,2031-12-27,True
54ca473d-9503-4a0c-9f2a-417c08bd0c39,178,ID Card,6329997,2033-10-03,False
d7c5da32-0d92-4678-98eb-2bbecc180166,179,Driver License,6403551,2027-08-29,True
e66fb5a6-1146-4b62-82df-d455e5f9e74c,179,Health Card,6753161,2029-04-19,False
f1f67032-6964-4586-aead-fc3024a0d6ab,180,Driver License,7383027,2028-11-17,True
a0e9e574-03f4-4042-94dc-0af2e44d90df,180,Passport,5365016,2027-02-20,False
8d6ae7bd-2855-44d7-9d81-8fbd5d733b47,181,Driver License,9727304,2027-11-13,True
f91342e3-8b43-4e8b-b84c-089538e09dce,181,ID Card,9799331,2032-09-17,False
b9c2e7a5-8d62-4f5b-baa9-0dc7789fabae,182,Driver License,2544894,2028-12-23,True
9af76a2e-445b-42c2-ac7f-75da7ae8955d,182,ID Card,2770169,2031-12-14,False
7fd9c7e2-a4a5-4710-9712-13e1784631b7,183,Driver License,8567179,2035-05-22,True
24db6a65-e4c6-4545-8021-5daf8a905e2b,183,ID Card,3843365,2032-03-04,False
4aa3d6d5-2063-4b09-8c6d-cfbdb844207b,184,Driver License,6002797,2027-12-28,True
cafe7c5b-64cb-4011-9205-53636e0a9d1d,184,Passport,5049202,2029-11-05,False
6587f7f4-bba6-42fe-9665-8ab41ac9235e,185,Driver License,1775368,2031-04-21,True
85ea7e56-b097-43cf-9306-8db77af8f4b9,185,Passport,1111166,2032-05-05,False
531b2de6-5e8f-4d6d-a42c-71e17b0119f3,186,Driver License,3233187,2031-09-15,True
7b7a6c7c-0285-43a1-93cd-ae5c4d8ca4dd,186,Passport,9234754,2031-06-30,False
3df8ab4f-7598-4253-9ee7-93ce802a3e3a,187,Driver License,3987685,2033-07-10,True
ea783280-c3e0-4c4e-a6aa-d3aa5f5ffbd9,187,Passport,8872782,2027-08-24,False
d85a34d6-bb92-4524-ab5b-6b778a72b059,188,Driver License,6728083,2034-10-16,True
368d9d31-25e3-49ed-855a-26c7a7930573,188,Passport,6760316,2033-12-01,False
7facb3c4-c1a4-4f8f-9e9a-9e4c9324dcdd,189,Driver License,3312564,2028-03-07,True
cc5b9a04-25e3-4852-9938-d14cf5226a64,189,Passport,9112625,2030-12-20,False
20668d25-a245-49e6-9a16-4d74ccfa96f4,190,Driver License,2978322,2034-10-03,True
b374bf71-f972-4f52-afc4-11f59e2823b3,190,Passport,8297747,2027-10-30,False
18f476a4-de4e-4320-9b89-f4792635c96f,191,Driver License,5600803,2031-04-29,True
9c2d4472-b2f2-440d-b281-b46500dcba40,191,Passport,6143303,2029-03-19,False
5c84d9ce-fe61-4cdd-9b5d-44c2c2837bd3,192,Driver License,5966097,2028-05-19,True
913b63de-be4c-407b-880a-3a4b13b55cb7,192,ID Card,3606406,2031-05-31,False
d69a430c-e97e-4993-bafb-fbad151f8053,193,Driver License,1298836,2029-05-27,True
20147114-3a5e-4f91-a336-34bf2eec9335,193,ID Card,4617183,2028-11-04,False
8702adba-03e9-4511-87eb-e47d753c3f5c,194,Driver License,3846951,2028-06-11,True
d5d3f35a-f86a-4750-b991-3847f2a48031,194,ID Card,4700058,2028-10-22,False
750d6285-ab32-4f8c-9bd8-be22030173aa,195,Driver License,9705664,2035-11-21,True
9fb70537-2c5b-4880-8cee-284b458ffb0e,195,Passport,4643077,2033-06-01,False
6b6dbc67-3326-44e4-9b25-3bced4026d8d,196,Driver License,6217749,2029-05-03,True
5f302f84-eb16-4f0c-b040-e8cce0c274c8,196,ID Card,6068723,2030-12-31,False
7b0e29e0-ee1a-4828-b8f2-91e13d36d86b,197,Driver License,6931927,2031-04-11,True
5090f4fc-3dc0-4e54-9331-6ba122ef7eab,197,ID Card,7911436,2033-05-24,False
871b4f07-f8b4-4af3-b250-686249b23e60,198,Driver License,6039327,2028-03-19,True
e2bd6bc7-f07f-4433-948c-7b88bebb841b,198,ID Card,6532713,2034-11-12,False
77c94fe9-2b50-4543-80dd-e00f1f84b71e,199,Driver License,9907099,2028-02-06,True
faeee3ce-4291-488b-8698-6f91fa8a9ca5,199,Health Card,4367401,2028-03-27,False
d2b06300-9990-4325-8c9e-7ea4c24681b5,200,Driver License,2148310,2034-02-10,True
27082695-df1e-4e31-bce7-5faa85700bec,200,Health Card,8851158,2034-10-23,False
4f289fa9-d05a-4f7d-978f-e2fca6a6114a,201,Driver License,1750460,2034-03-22,True
38ca6af7-2936-4fd0-bf2f-a25082c7649b,201,Passport,5660038,2035-06-26,False
bca0d0ca-1590-4ddd-a198-129b9b1d7adf,202,Driver License,9977816,2030-07-10,True
f82471a2-0863-4485-ae73-6af20f21c5ac,202,Passport,1144633,2030-12-23,False
3d461659-565b-43e7-bbf4-922401559fb4,203,Driver License,1590257,2034-06-09,True
d3b56b90-cdb2-4912-bc23-e810661408c0,203,Passport,8772732,2029-07-20,False
15960696-fcdc-476e-be8d-ec91e4289ab8,204,Driver License,8372685,2033-03-16,True
11e1321e-1978-49cd-8539-39cb412b7e6a,204,ID Card,3330489,2030-05-14,False
2a1e3b4a-2f6b-49ec-bb8e-b383ecf6898a,205,Driver License,6498840,2033-02-25,True
9167d057-ad69-464b-b60c-ae68fac1c1a9,205,Passport,3127798,2032-02-20,False
c2ecdc2f-921b-40b3-bd2d-c664de9dab4e,206,Driver License,1580296,2030-03-27,True
52ed5b46-369b-43fb-aae3-7e8eecd77b55,206,Health Card,5046574,2029-05-19,False
e8723a7c-1433-4334-89e3-dc8e3aeadfbd,207,Driver License,2209208,2027-08-14,True
4fbd4429-1f99-4f40-92df-f1924090f8ed,207,Health Card,8195939,2027-12-31,False
ec6bc970-6971-4795-a73e-f4c3d98fda85,208,Driver License,9441410,2035-07-18,True
04a29e49-ef33-4813-9365-449724dc4572,208,Passport,3200699,2032-11-16,False
a0d72a37-4c9e-499b-abea-1b7359eb8a61,209,Driver License,9988113,2029-06-30,True
c13f3a74-c607-4ca2-bbe5-d47d318c3393,209,Health Card,9822261,2033-05-03,False
6cb01144-ad16-450c-810e-22fea250bdd6,210,Driver License,5320554,2035-04-16,True
f4b77fa1-66db-48e7-874c-ffd08b80af78,210,ID Card,9199391,2031-11-15,False
8fea7f7e-25d5-43f1-b799-02b36136953a,211,Driver License,8057763,2028-01-15,True
736cd200-2d8e-4f16-8190-0434f35e01e4,211,Health Card,5950994,2028-06-21,False
c0116b7b-a8fc-4242-a61c-3d1e3c282d29,212,Driver License,9960682,2035-11-21,True
9a68d32c-e122-4791-a63e-a41aa52fdea8,212,Health Card,6075983,2031-04-15,False
ae57c4a6-8402-41e1-be42-4f55cbe2f62f,213,Driver License,5409403,2029-11-13,True
f145ddbe-9969-47f8-8033-54557be4634f,213,Passport,5977917,2035-08-17,False
710cafc2-ee73-426b-bc4c-981a92bb2202,214,Driver License,2331857,2033-08-25,True
6364c388-dfba-4b3a-b960-b5bfaee5721a,214,Passport,3244901,2032-09-22,False
14f70984-3151-43d1-b3b0-af52baf39ec0,215,Driver License,5255512,2034-07-26,True
9278ea26-a3a6-48b6-a296-38373bee8c72,215,Health Card,8473842,2033-06-06,False
b7625f26-0010-438a-9b92-084935a3f1e7,216,Driver License,8469781,2033-10-31,True
6c5a83b3-cbfd-41c4-87aa-b93e7f760bef,216,ID Card,6299205,2033-08-14,False
75efdb51-0a16-484f-a5a4-5043dfc461e2,217,Driver License,6540264,2029-04-07,True
9f4e6b5a-1b4b-4f78-828a-0634b1ea08ed,217,ID Card,7668998,2036-01-08,False
8d3f6a02-c922-466b-82db-7ae7e1772afa,218,Driver License,1696994,2035-03-01,True
1dd41347-a974-4577-ab0d-2502ca1b768a,218,Health Card,4217747,2035-04-09,False
b891402b-368a-4013-b653-2b90ebdea98c,219,Driver License,4163396,2031-01-08,True
79597768-5d96-4f71-b5c4-152c065b804a,219,Passport,6530530,2033-05-02,False
6768b924-bbe1-4591-a7e3-6ab577443415,220,Driver License,3397092,2033-05-07,True
ba387251-65db-4c28-9fa0-79a267cefbea,220,ID Card,2739196,2034-06-19,False
a49f8e4b-029e-40d4-b9d3-4082d7cc82dc,221,Driver License,3052262,2032-10-28,True
09a2e366-9ee3-4230-a85d-e9322cdde9d4,221,Passport,7050584,2034-11-27,False
788e3fdb-29a4-4fa6-9e28-7d642168bea8,222,Driver License,3259146,2033-03-09,True
bef5b6c0-b14c-4711-93c6-39aea6a00ad2,222,Passport,2717347,2031-05-29,False
9b2a35e2-967f-4d72-8c56-d9ff0ce60019,223,Driver License,6952403,2027-12-15,True
447753b9-38b5-4d43-8618-ec2ed4285bb3,223,ID Card,2952271,2030-05-17,False
d9215c2f-4e62-48ee-af6b-7a2bb849f258,224,Driver License,6621212,2030-08-24,True
be411076-9be8-4d94-b6cf-69b82bd9467c,224,Health Card,4576997,2032-01-28,False
1af4e294-c386-4480-b4d8-84e0984acaaa,225,Driver License,6248418,2035-10-12,True
1381498e-e061-428f-ad11-9b2e7776d592,225,ID Card,1330562,2029-06-09,False
393efb8e-9249-4f12-8bd4-5b0ee450b878,226,Driver License,3777873,2028-01-02,True
8845bd70-cefc-4f08-8b68-b5f66ac992f9,226,ID Card,9227577,2029-05-17,False
59c65e51-83cb-46ca-a6f6-f17eaaae3f74,227,Driver License,4626144,2035-12-10,True
83419185-3cb0-47a7-bb7d-c91a9c8d6021,227,Passport,9160382,2029-04-10,False
60fa98b8-c6a3-4474-aed6-67dd5899665c,228,Driver License,1401743,2031-08-17,True
605a7014-b8a1-49ad-8326-ca16013803a8,228,ID Card,6569446,2028-09-19,False
8dbc21a4-6137-440c-a60b-d10d920e7613,229,Driver License,3866979,2034-06-03,True
4c7a24b3-f7ea-4090-8735-286238bb8570,229,ID Card,2597893,2028-12-24,False
d4a65011-606f-48ac-b37e-94bbb25e43a7,230,Driver License,9190841,2029-04-08,True
577b88b0-3bf2-4008-a831-9ca56f80feb6,230,Passport,4610181,2032-05-05,False
16e6d4d0-065a-46b7-9a9e-ab5dea28598f,231,Driver License,9519566,2028-10-01,True
4a87a750-3005-4231-aecd-fb80f95fe33d,231,Health Card,6343495,2035-11-04,False
63cf7083-ad74-4877-8c85-ff4f0c08f4ea,232,Driver License,8812194,2027-03-27,True
07cd0176-9889-44e5-bef3-3e8078e5b356,232,Passport,2078373,2034-05-23,False
003ec523-443f-437f-bb6a-2c03d2cf5af0,233,Driver License,6407661,2034-02-25,True
f77bd78b-7e4e-41d0-b38a-4b7e2651669f,233,Health Card,7241277,2030-02-16,False
b39ca6fb-ef38-4c7e-8819-96f77ba35be4,234,Driver License,9851154,2035-11-07,True
a6e9941c-5025-4c64-8478-289a862d19be,234,Health Card,9896244,2030-09-02,False
38f932e0-e71a-4823-a009-72e2293d3cfb,235,Driver License,1331392,2034-02-17,True
f072da7c-5d58-45ac-a6f4-9e0438bfefad,235,Passport,5805863,2035-04-14,False
c515c5ac-c7bf-4ec3-b74c-95bc5f6bc45f,236,Driver License,7880623,2028-10-01,True
ab27f06f-33b2-4f6e-bd47-9c5dcc6fef4f,236,ID Card,3808474,2035-06-08,False
7ee454b0-0dc9-4461-8e84-1f1768053ab3,237,Driver License,3236016,2035-04-07,True
47e24192-dce7-4e84-8954-f86e4917bcc2,237,Health Card,7584564,2028-09-18,False
39f1cefb-3c75-452f-b4b4-f881d3c82165,238,Driver License,3019538,2031-05-17,True
48f50f22-ac39-4002-b90c-cfc4c7b5dd62,238,Health Card,2433734,2030-12-03,False
2725833a-318d-4357-a616-eb623671d56a,239,Driver License,2308402,2030-06-01,True
c76a5c0c-d84b-4999-a18d-103ed5442adb,239,Passport,1689010,2028-10-12,False
16816f78-0195-4b58-ad7b-786acece2761,240,Driver License,5912373,2035-03-05,True
7eeda04a-ec5c-4ff5-a8e0-736e4e488d1a,240,Passport,5240556,2029-10-05,False
4f308092-1d03-43bd-b43a-59847c526dc8,241,Driver License,2262944,2032-01-21,True
091afd24-6c01-4411-9d9d-c81f4dede3ad,241,ID Card,2905304,2028-03-06,False
f448a0c2-9c70-4d4e-8979-cd4ff74ceddc,242,Driver License,2335673,2035-03-04,True
edd1b68b-7c56-41bc-ab79-9411d3738282,242,Passport,8553159,2029-10-28,False
d06f78fa-2219-451d-bc43-267d53879df3,243,Driver License,6106983,2033-01-08,True
5beb6973-5f72-4114-a925-6552dc50a729,243,Health Card,7832410,2027-11-26,False
86b46337-0bb3-4bae-92fb-83b9b2e15d47,244,Driver License,4859597,2035-01-15,True
bf133294-d134-4d46-934d-b3d8f4f383e9,244,ID Card,9393259,2028-02-16,False
8ee62f1b-0d0e-4491-8d9b-5613ee83cf81,245,Driver License,9466440,2032-01-27,True
698cafb4-a7fc-413e-ac3a-809a74afef71,245,Health Card,1263355,2035-03-11,False
22410ce2-42a6-4f59-a40e-6c38f158be39,246,Driver License,6919759,2034-01-15,True
07da93cc-b8a3-42ff-94dc-d32919ce08c5,246,Health Card,2875571,2033-02-23,False
99040a0d-f264-4e2b-b955-ed3303da3386,247,Driver License,9266866,2031-08-09,True
43f340b2-47e3-4e8f-96df-fa55ba78a0f5,247,Health Card,8626812,2028-03-10,False
075ab29c-514c-4595-8f41-5ab4198fa795,248,Driver License,7176489,2028-12-22,True
527807ca-0abc-49d1-9c31-62d3c25f371b,248,ID Card,1677941,2034-07-01,False
766e01dc-96e8-4208-aa1f-816c9105413b,249,Driver License,6380043,2028-11-07,True
a8fcb4ef-aa93-4826-8678-021cfa006fff,249,ID Card,6650691,2029-05-10,False
80882f2c-73a4-4697-9c72-2c0c868dbc97,250,Driver License,7916791,2028-05-08,True
47aec554-4509-452a-bbfb-99297561f4aa,250,Passport,7577774,2036-01-21,False
c8a85f6d-569a-4d7d-997e-21495770d0cf,251,Driver License,1559677,2031-07-08,True
53779f7c-8ca6-40f8-92a5-5a5adb14a77b,251,Health Card,2506440,2030-07-12,False
7b873013-c9d8-4c19-b515-15bd5d1e82f9,252,Driver License,9956362,2031-05-08,True
4fbb54a0-f822-4c19-941e-8695d5471b46,252,Passport,8949031,2027-11-13,False
d9e26112-a9d8-494b-9fdd-6be4e902d6ee,253,Driver License,6863389,2027-03-19,True
610ac76c-51e0-4bb6-b769-fe14be1e0625,253,Health Card,2136981,2028-09-25,False
d8360885-79f7-4ec1-b75d-b0f2ed977362,254,Driver License,4200321,2033-12-07,True
ec449d4e-3371-4a78-ac1b-a9a954272524,254,ID Card,6717938,2032-05-30,False
593e636b-de87-41fa-a444-2e20fab21929,255,Driver License,7839300,2028-10-28,True
cf77242f-a048-4b6d-8b36-6690f4bf66c1,255,Health Card,9211690,2033-01-01,False
c2dbe5c8-db2f-45d9-a8e6-d22274ee7986,256,Driver License,3638468,2033-03-05,True
9e81e456-76b2-4d22-af64-14e1c07d532a,256,Health Card,4578644,2033-10-10,False
6d315b5f-9c53-4b93-a304-43c022f55bf9,257,Driver License,8536749,2035-07-13,True
8bacb6cb-b54e-4c71-a4dd-4e8af134062b,257,Health Card,2639961,2031-03-08,False
3b8eea3f-6a19-4e83-a0b2-1f8694b1f071,258,Driver License,1413070,2034-11-21,True
caf3234e-a869-4717-a7b9-73781ca5cfa6,258,ID Card,2029390,2030-01-21,False
d0c2aa2e-fd08-4c41-bfbc-02c4768e4a16,259,Driver License,2430803,2035-11-18,True
bafc9690-83b3-48ed-8c19-a390fec9941c,259,Passport,1829613,2029-02-21,False
cd4a832d-476c-4ba0-b5de-850e2718e43f,260,Driver License,7434105,2032-01-02,True
93026bc1-a33e-494c-be30-2a12a7fe3a3f,260,Health Card,6860284,2027-02-27,False
65bca085-0380-4f0f-b47d-144814a6aa9e,261,Driver License,7894564,2034-07-07,True
17410a00-6739-40b0-b635-a589136a2904,261,ID Card,5808414,2033-01-04,False
d7659eae-b6dc-4ec2-9871-cd97d5f3fdb4,262,Driver License,7222050,2030-03-28,True
51447507-df84-49ac-9843-71ca21ba8468,262,Health Card,6392852,2035-11-03,False
730634c7-f01f-49b7-b593-e2d5970cbdd2,263,Driver License,8175086,2031-01-09,True
c94c624e-50d8-4cec-ae6c-0d2a4f191d18,263,ID Card,1625393,2028-12-14,False
f52400ca-35c2-4808-bb77-8ab24549d783,264,Driver License,4442237,2027-12-13,True
0b95bde5-0ea5-4be6-a641-ffd97ed0103e,264,Passport,8451986,2027-12-30,False
b378d170-6e20-4d34-89c8-b61ed3e3d1ea,265,Driver License,8493582,2033-04-17,True
b38cfca9-f9d9-4a40-93db-76138096eef2,265,ID Card,7886247,2034-12-22,False
f3cb2fa0-55db-47e2-97c2-f8183336dadb,266,Driver License,9490881,2034-01-02,True
47a68744-7286-494e-9cc3-de93a252baef,266,ID Card,2062499,2028-10-02,False
c38b2629-77fd-401b-aefd-106dc5c905ad,267,Driver License,6674050,2035-10-08,True
6b592d87-dd40-4cc4-9e54-62042c3fc268,267,Passport,6874489,2030-11-03,False
b1d5e73f-ec9e-4ec6-9369-3d63d828fa61,268,Driver License,9504554,2035-11-01,True
8bedb269-7e55-4801-a6ad-7e66f82a90a6,268,ID Card,3978565,2032-07-04,False
44411c23-d46c-4a51-8aa0-81e7b969a36f,269,Driver License,8072287,2027-07-10,True
7c40e34f-508e-4907-bf05-e31183347c39,269,ID Card,7784762,2027-09-13,False
17bb8285-70e9-461a-ad09-ef5806787b40,270,Driver License,2658464,2029-10-31,True
68dba165-dcfd-4f2e-842f-1e7ecab2dd2f,270,Health Card,4368124,2030-05-22,False
f6036f82-4b78-40a9-913b-6f1863fe393e,271,Driver License,3294462,2030-11-23,True
c92403ce-e10d-4a81-bfc1-1367fd8eec0b,271,Health Card,9638868,2033-04-22,False
e1e8c9bc-a459-4cb8-bae0-e103a7b5ef8f,272,Driver License,9245424,2032-09-14,True
18f8c1c3-aa16-4cb0-8fad-60fb0f394045,272,ID Card,3600226,2035-03-29,False
6e24925f-eb8f-4172-8b57-1c1b0d2d66f7,273,Driver License,5905569,2030-03-25,True
a0465cd1-fbd7-46ec-9e2c-15471f80b212,273,Health Card,3771622,2033-08-17,False
42c81441-fd6b-4186-9289-d74f90c8a80c,274,Driver License,1324700,2029-04-03,True
d52bbee4-8218-4615-8288-cd503b7b4a7b,274,Passport,7571965,2029-10-30,False
d7cc817c-b0b7-44c7-8120-aa68a451d4cb,275,Driver License,4263623,2035-01-12,True
a9051f8a-5cab-4c8a-aae9-cb9128113031,275,ID Card,2588899,2033-09-20,False
db71d55c-d177-4454-b3b6-3c88d9fe3625,276,Driver License,5262568,2027-12-13,True
c01e90f7-c24a-4495-9745-2bd397fee9d2,276,Passport,5346829,2031-01-26,False
b8f48f70-7f21-45d0-a8dc-8e2a3c9d62fd,277,Driver License,6185806,2029-06-27,True
ab2d0ed1-0d50-41ee-ad80-d0004394647d,277,ID Card,5325236,2029-05-02,False
1491aacd-ae4c-4b23-8d41-b040157b7411,278,Driver License,4340831,2035-04-20,True
d081ad91-8772-4296-ab18-efc32d066c40,278,ID Card,7193076,2034-04-20,False
8cd4e1d0-3c76-4c86-a90a-10c177497826,279,Driver License,8041275,2027-07-15,True
d90b9c91-b070-4d97-a86e-3617dbc5dc61,279,ID Card,4039990,2034-10-22,False
469c0ad9-4acf-424a-9741-1fc5bf0c2334,280,Driver License,6574258,2032-12-01,True
670249d9-e68c-49ee-a689-9b40a1ff1f86,280,Passport,4547602,2028-03-12,False
1d135462-3885-4273-a299-faa6f0333397,281,Driver License,3451466,2035-12-02,True
2e58c1ab-c7bd-4a11-879a-dbdd78142262,281,Health Card,3900228,2031-01-25,False
4b5dd155-c0b6-40a3-92e0-3ce9569ddb1f,282,Driver License,8807043,2032-11-05,True
5a1cff52-52f7-4742-abea-0979c92d3997,282,Passport,8985814,2035-07-03,False
f4ce49c9-b430-4509-a1d7-543c5386d374,283,Driver License,4691793,2031-01-20,True
a065d2b3-4e46-4cf7-a697-0b09eed00426,283,ID Card,7309778,2027-05-06,False
5467b3c6-f945-45f9-a697-67a1ba472146,284,Driver License,7841235,2035-07-01,True
94706167-0112-4984-848e-110b50b505ac,284,Passport,7188980,2028-11-09,False
5ca6c2ea-2895-4ad0-8be9-0e6b85a0807e,285,Driver License,6015004,2032-03-24,True
fabd2e5e-24a9-4b55-9888-d9531bd1e209,285,Health Card,7007800,2034-01-29,False
c7fc4453-0a5a-4b74-adfd-12ba439e90af,286,Driver License,7382725,2032-02-11,True
3c4c17f5-94ac-4aca-8330-209c8e17be95,286,ID Card,7903799,2035-01-25,False
c078594c-36b2-4721-8920-a3fe9b619440,287,Driver License,5707895,2027-05-05,True
68b8494b-7e25-4858-863b-da6a2b1b7e62,287,ID Card,9128839,2033-11-23,False
12d810b2-d981-46f1-85ea-edbfd58cdcab,288,Driver License,4880001,2031-06-21,True
25b2c64a-8ebf-4f43-a16b-93af9ba25e2e,288,Health Card,9049465,2032-01-07,False
5e6af4e3-d818-454b-8ff8-ce9ca9bbd7c0,289,Driver License,4071389,2033-07-03,True
b8fa2255-6cfc-4056-85b5-359dcb3b60dc,289,Passport,3238192,2035-01-17,False
cb877d4e-2726-4ebe-95fb-ca94e47c45ec,290,Driver License,2685256,2035-05-17,True
7df8dd07-98f4-4997-8161-5ceec7c4802f,290,Health Card,6695791,2029-01-10,False
73e8cbd9-a260-43ce-b989-b0b50bb3ddb3,291,Driver License,8850321,2029-05-11,True
ac674343-c053-447d-b0b3-33df16458a48,291,ID Card,7258943,2035-08-28,False
51ccb328-84a1-486f-bde6-47a408d6b1a6,292,Driver License,2588174,2034-08-15,True
97cac029-ce36-46e6-9b9b-5b743656a697,292,ID Card,4601891,2032-03-04,False
09fb4b4b-d3fb-4b68-ad9f-4f54bbe1c9fa,293,Driver License,8397122,2031-02-16,True
8d23a7bf-3c09-44a9-920f-e81aa1f70aa2,293,ID Card,3130606,2031-04-05,False
351f367c-ed2e-4d65-99ca-5695b0c25787,294,Driver License,9088352,2027-03-10,True
20e727b7-0159-4368-afc8-cb4617c73bfa,294,ID Card,8752366,2032-06-23,False
d01d6d80-680f-4fe5-bd36-0b7923e65cbb,295,Driver License,5894120,2033-04-13,True
782b15ba-0efb-45b7-a998-5336e7202378,295,Health Card,7668746,2031-12-01,False
4440f792-88f7-473a-b88c-cb0ab58a72ec,296,Driver License,2097266,2032-12-22,True
4112c345-0c79-47ca-b82b-0682f05a5244,296,Health Card,7127651,2034-09-19,False
3b946047-28a3-4111-86f5-65ad871e2668,297,Driver License,4078752,2030-08-06,True
3724a88e-1402-4fe4-a451-997aefa1be18,297,ID Card,3249368,2028-02-12,False
38a74a71-ca4f-4b11-90e8-2a184888422e,298,Driver License,8858786,2032-04-13,True
b6e760a2-508a-44a9-bc5a-84bc7b40d9ee,298,Passport,5876433,2031-03-17,False
3978da61-4150-4db1-8f1f-24de9c45facd,299,Driver License,3429806,2035-03-31,True
5d975cc8-5098-4cc1-ad45-e6d4ef79ebd6,299,Passport,9821110,2029-03-01,False
95fb2883-4476-4ec4-b5ec-f4a0b1bd3168,300,Driver License,9883552,2031-08-27,True
2530b73f-a3a7-40ed-8418-a50a1bf05d4b,300,ID Card,6757528,2029-06-15,False
